date,AL_Price,AR_Price,AZ_Price,CA_Price,CO_Price,CT_Price,DE_Price,FL_Price,GA_Price,IA_Price,ID_Price,IL_Price,IN_Price,KS_Price,KY_Price,LA_Price,MA_Price,MD_Price,ME_Price,MI_Price,MN_Price,MO_Price,MS_Price,MT_Price,NC_Price,ND_Price,NE_Price,NH_Price,NJ_Price,NM_Price,NV_Price,NY_Price,OH_Price,OK_Price,OR_Price,PA_Price,RI_Price,SC_Price,SD_Price,TN_Price,TX_Price,UT_Price,VA_Price,VT_Price,WA_Price,WI_Price,WV_Price,WY_Price
1990-01-01,5.96,7.06,7.83,9.68,6.81,9.42,7.36,7.68,6.55,6.88,4.77,7.97,6.3,7.75,5.32,7.06,8.79,5.9,9.09,7.63,6.24,6.34,6.35,5.8,7.32,5.6,5.68,10.09,9.44,8.43,5.77,10.71,6.95,5.61,4.62,8.33,8.72,6.85,6.39,5.68,6.26,7.02,6.35,9.31,4.4,6.44,5.51,5.63
1990-02-01,7.0,7.72,7.85,9.9,6.47,9.96,7.87,7.84,7.07,7.2,4.79,8.64,6.69,7.26,5.66,7.19,9.54,6.41,9.27,7.71,6.44,6.73,6.8,5.82,7.67,5.68,5.93,10.25,9.82,8.55,6.35,11.12,7.65,6.34,4.61,8.55,9.58,7.1,6.55,5.68,6.4,6.96,6.02,9.53,4.39,6.38,5.81,5.7
1990-03-01,6.18,7.85,8.18,9.97,6.75,9.7,7.89,7.79,7.05,7.26,4.78,8.88,6.75,7.59,5.64,7.41,9.03,6.41,9.15,7.73,6.55,6.98,6.89,5.85,7.67,5.76,6.05,10.17,9.79,8.77,5.94,11.19,7.64,6.35,4.71,8.58,9.22,7.21,6.6,5.69,6.84,7.08,6.83,9.47,4.42,6.57,5.78,5.83
1990-04-01,6.93,7.93,8.97,9.68,7.06,9.65,8.17,7.9,7.31,7.49,4.85,9.05,6.85,7.47,5.69,7.48,9.16,6.58,9.1,7.87,6.64,7.12,7.08,5.21,7.76,6.08,6.07,10.29,10.03,8.92,6.11,11.02,7.83,6.56,4.71,8.86,9.49,7.38,6.88,5.71,7.05,7.24,6.97,8.56,4.31,6.73,5.87,5.98
1990-05-01,6.52,8.43,9.37,9.97,7.27,10.04,8.58,7.83,7.57,7.97,4.9,9.55,7.35,8.55,5.85,7.5,9.4,6.95,9.01,7.86,6.86,8.07,7.26,4.73,7.94,6.55,6.22,10.31,10.27,9.3,5.45,11.31,8.37,6.82,4.68,9.41,9.22,7.28,7.24,5.73,7.63,7.3,7.79,8.89,4.31,6.68,6.0,6.14
1990-06-01,6.8,8.6,9.84,9.95,7.36,10.55,9.35,7.71,8.12,8.77,5.07,11.34,7.3,8.59,5.93,7.32,9.86,8.3,8.95,7.9,7.33,8.55,7.02,4.93,7.84,6.99,7.06,10.4,11.05,9.1,5.63,11.64,8.61,7.16,4.64,9.66,10.24,7.28,7.52,5.71,7.2,7.24,8.03,8.53,4.22,6.75,6.09,6.18
1990-07-01,6.43,8.33,9.77,10.43,7.24,9.95,9.03,7.7,8.14,8.38,5.0,12.02,6.77,8.21,5.72,7.46,9.97,8.32,9.19,8.05,7.24,8.09,6.84,4.86,7.98,7.04,6.61,10.53,11.07,9.05,5.19,11.8,8.42,6.79,4.77,10.06,10.54,7.12,7.25,5.67,7.52,7.18,7.97,8.86,4.3,6.75,6.07,6.33
1990-08-01,6.94,8.44,9.63,10.45,7.33,9.96,9.01,7.7,8.07,8.79,5.01,11.76,6.89,8.14,5.75,7.48,9.92,8.27,9.41,8.02,7.27,8.12,6.87,4.84,8.04,7.03,6.71,10.54,11.08,9.2,5.46,11.89,8.55,6.99,4.75,10.05,10.32,7.14,7.44,5.67,7.41,7.11,7.98,8.89,4.24,6.74,6.03,6.3
1990-09-01,6.58,8.39,9.51,10.0,7.07,10.13,9.05,7.69,7.72,8.33,5.05,11.72,6.8,7.29,5.79,7.45,10.27,8.38,9.39,8.08,7.27,7.32,6.79,5.17,8.06,6.93,6.56,10.53,11.01,9.06,5.72,11.98,8.83,6.89,4.94,10.03,10.26,7.08,7.24,5.67,7.67,7.18,7.77,9.28,4.32,6.77,5.68,6.37
1990-10-01,6.66,8.12,9.6,9.69,7.17,10.67,8.53,7.76,7.03,8.03,5.06,10.57,7.37,7.54,5.84,7.5,10.76,7.91,9.43,7.74,6.76,7.06,7.15,5.16,8.45,6.73,5.91,10.5,10.02,9.24,5.81,11.71,8.49,6.48,4.9,9.72,10.04,7.2,7.23,5.74,7.79,7.24,7.54,8.76,4.56,6.79,6.32,6.15
1990-11-01,6.67,7.9,8.88,9.82,7.12,10.49,8.3,7.89,7.09,7.54,4.73,8.63,7.06,7.93,5.73,7.42,10.07,7.08,9.71,7.63,6.62,7.05,7.03,5.69,7.89,6.29,5.92,10.43,10.07,8.93,5.92,11.62,8.09,6.5,4.76,9.34,9.91,7.22,6.96,5.7,7.34,7.04,7.15,9.21,4.52,6.59,5.98,6.01
1990-12-01,6.63,7.7,8.43,10.08,6.9,10.07,7.99,7.96,6.83,7.15,4.75,8.38,6.78,7.57,5.57,7.57,9.79,6.63,9.86,7.76,6.61,6.75,6.86,6.24,7.7,5.9,5.71,10.26,10.11,8.94,5.69,11.48,7.68,6.06,4.79,8.96,10.89,7.16,6.64,5.66,6.76,7.12,6.93,11.13,4.58,6.53,5.92,5.69
1991-01-01,6.41,7.32,7.68,10.42,6.88,9.88,7.84,8.18,6.95,6.83,4.73,7.47,6.36,6.95,5.47,7.12,10.31,6.5,10.1,7.99,6.47,6.37,6.68,6.16,7.54,5.49,5.15,9.48,10.1,8.79,5.98,11.48,7.32,5.65,4.56,8.79,10.65,7.18,6.15,5.63,6.32,6.9,6.9,10.76,4.44,6.5,5.64,5.55
1991-02-01,6.43,7.62,8.31,10.54,7.17,10.21,8.02,8.24,6.89,7.25,4.79,7.85,6.42,7.21,5.55,7.47,10.18,6.76,10.26,8.12,6.43,6.2,6.74,6.25,7.57,5.75,5.61,9.48,10.33,9.13,6.57,11.44,7.64,6.67,4.73,8.72,10.66,7.01,6.55,5.63,6.98,7.09,7.06,10.93,4.18,6.42,5.66,5.78
1991-03-01,6.63,7.86,8.63,10.7,6.99,10.31,8.17,8.23,7.09,7.56,4.8,8.69,6.63,7.67,5.64,7.41,9.68,6.88,10.2,8.04,6.48,6.78,6.77,6.29,7.65,5.81,5.84,9.48,10.38,9.3,5.95,11.63,7.75,6.98,4.83,8.89,10.45,7.11,6.62,5.64,7.2,7.2,7.14,9.77,4.48,6.79,5.73,5.9
1991-04-01,6.78,8.21,9.01,10.71,6.79,10.29,8.41,7.97,7.19,7.86,4.81,10.19,7.03,7.85,5.78,7.48,9.99,7.08,10.39,7.9,6.69,7.27,7.13,5.54,7.9,6.19,5.95,9.49,10.53,9.08,6.29,11.58,8.23,7.26,4.73,9.12,10.51,7.35,6.98,5.69,7.28,7.09,7.4,8.04,4.29,6.78,5.89,6.03
1991-05-01,6.83,8.37,9.73,10.82,7.32,10.62,8.78,7.85,7.55,8.18,4.9,10.47,7.39,8.06,5.94,7.58,10.54,7.77,10.24,7.87,6.98,8.41,7.22,5.09,8.04,6.53,6.11,9.75,10.6,9.36,6.11,11.82,8.34,7.28,4.73,9.89,10.45,7.43,7.27,5.72,8.03,7.31,5.74,8.05,4.32,6.86,6.04,6.17
1991-06-01,6.77,8.61,9.77,10.83,7.53,10.47,9.3,7.8,8.1,8.3,5.11,10.59,6.81,8.81,5.82,7.55,10.57,9.12,10.22,8.28,7.45,8.55,6.91,5.18,7.83,7.05,6.87,10.85,11.59,9.16,5.87,12.41,8.68,7.64,4.8,10.13,11.38,7.26,7.51,5.56,7.78,7.22,7.81,7.84,4.25,6.86,5.9,6.32
1991-07-01,6.89,8.46,9.81,11.1,7.44,10.37,9.15,7.78,8.07,8.31,5.02,11.2,6.55,8.07,5.75,7.56,10.75,9.03,10.14,8.34,7.48,8.35,6.77,5.2,8.3,7.11,6.63,11.03,11.47,9.1,5.31,12.38,8.6,7.44,4.88,10.3,11.68,7.24,7.37,5.65,7.87,7.17,7.78,8.22,4.3,6.73,5.89,6.3
1991-08-01,6.81,8.61,9.68,11.21,6.2,10.54,9.13,7.72,8.1,8.56,5.03,11.04,6.77,8.15,5.82,7.42,10.8,9.11,10.34,8.23,7.54,8.21,6.7,5.37,8.19,7.1,6.66,11.08,11.5,9.24,5.48,12.63,8.77,7.58,4.87,10.38,11.78,7.18,7.42,5.64,8.04,7.11,7.8,8.84,4.28,6.94,5.94,6.24
1991-09-01,6.71,8.55,9.71,10.88,7.11,10.68,9.21,7.72,7.71,8.06,5.11,10.98,6.63,7.35,5.76,7.3,10.65,8.89,10.59,8.28,7.33,7.38,6.82,5.42,8.29,7.02,6.66,11.19,11.5,9.09,5.87,12.57,8.83,7.6,5.06,10.14,11.0,7.15,7.3,5.65,8.1,7.09,7.94,8.53,4.33,6.82,6.05,6.33
1991-10-01,6.74,8.38,9.61,10.83,7.38,11.39,8.65,7.84,7.37,7.65,5.08,10.92,7.14,7.91,5.74,7.35,10.65,8.57,10.56,7.84,7.06,7.17,7.16,5.36,8.41,6.85,5.98,11.19,10.33,9.33,5.63,12.02,8.46,6.93,5.04,10.09,11.01,7.28,7.38,5.71,8.06,7.22,7.77,8.44,4.52,6.89,6.24,6.35
1991-11-01,6.72,6.9,8.97,10.63,6.96,11.13,8.46,7.98,7.19,7.5,4.85,9.81,6.93,7.99,5.63,7.16,10.07,7.49,11.17,7.86,6.78,7.07,7.09,5.77,7.84,5.94,5.77,11.1,10.47,8.91,6.1,11.84,8.06,6.24,4.94,9.72,10.36,7.36,6.61,5.67,7.41,7.13,7.44,10.37,4.49,6.79,6.17,5.99
1991-12-01,6.48,7.67,8.44,10.78,7.16,10.64,8.15,7.95,6.88,7.2,4.76,9.25,6.58,7.73,5.37,7.26,10.73,7.23,11.25,7.89,6.53,6.54,6.83,6.44,7.85,5.62,5.59,11.16,10.2,8.75,6.18,11.77,7.55,6.44,4.86,9.41,11.92,7.22,6.52,5.62,7.19,7.06,7.21,12.09,4.45,6.53,6.02,5.76
1992-01-01,6.35,7.46,8.33,10.93,7.1,10.77,7.83,7.98,6.88,7.28,4.78,9.35,6.35,7.22,5.36,7.17,10.21,7.15,11.71,8.0,6.65,6.55,6.59,6.5,7.73,5.72,5.35,11.09,10.16,8.86,6.21,11.43,7.36,6.35,4.87,9.27,10.79,7.02,6.53,5.65,6.65,6.97,7.12,10.99,4.5,6.63,5.89,5.66
1992-02-01,6.4,7.74,8.83,10.76,6.87,10.92,7.89,7.87,7.1,7.48,4.81,8.84,6.44,7.13,5.46,7.35,9.98,7.06,11.69,8.08,6.67,6.68,6.65,6.55,7.8,5.78,5.53,11.12,10.27,8.94,6.61,11.42,7.62,6.72,4.95,9.21,10.93,6.98,6.61,5.63,7.05,7.37,7.22,11.07,4.29,6.57,5.94,5.83
1992-03-01,6.74,8.01,9.02,10.91,6.81,10.48,8.12,7.94,7.4,7.78,4.83,9.92,6.82,7.59,5.6,7.57,10.03,7.29,11.48,7.97,6.82,7.04,6.85,6.68,7.98,5.95,5.72,11.1,10.35,9.24,6.56,11.49,7.86,7.13,5.0,9.35,10.93,7.31,6.79,5.64,7.39,6.96,7.46,9.76,4.41,6.68,6.11,5.97
1992-04-01,6.78,8.08,9.52,10.91,6.83,10.71,8.29,7.8,7.42,7.9,4.86,9.94,6.78,7.82,5.59,7.33,9.95,7.33,11.24,8.04,6.82,7.04,7.14,5.86,7.97,6.13,5.76,11.14,10.5,9.17,6.57,11.6,7.99,7.2,4.84,9.36,10.99,7.22,6.96,5.65,7.51,6.89,7.53,7.94,4.36,6.83,6.07,6.08
1992-05-01,7.04,8.48,9.67,11.07,7.38,11.81,8.75,7.79,7.89,8.27,4.98,10.43,7.35,8.47,5.92,7.54,10.41,8.22,11.11,7.99,7.14,7.93,7.41,5.42,8.25,6.61,6.2,11.27,10.76,9.36,6.06,12.21,8.67,7.18,4.89,9.63,10.95,7.42,7.42,5.79,8.16,7.01,8.09,8.4,4.34,7.06,6.37,6.29
1992-06-01,6.86,9.07,10.19,11.1,7.52,11.32,9.52,7.65,8.36,8.9,5.2,11.36,7.32,8.91,6.21,7.42,10.5,9.36,11.03,8.25,7.13,8.78,7.19,5.5,8.23,7.23,7.5,11.39,11.62,9.06,6.16,13.09,9.19,7.67,4.88,10.13,11.22,7.42,7.76,5.77,8.23,6.97,8.32,8.54,4.27,7.18,6.38,6.37
1992-07-01,6.78,8.6,10.12,11.47,7.63,11.22,9.44,7.59,8.55,8.84,5.15,11.51,6.99,8.44,5.92,7.48,11.14,9.22,11.07,8.26,7.58,8.51,6.83,5.47,8.47,7.39,7.19,11.6,11.6,9.07,5.74,13.31,8.79,7.56,4.95,10.44,11.7,7.25,7.74,5.7,8.19,6.95,7.61,8.44,4.39,7.13,6.25,6.37
1992-08-01,6.78,8.56,10.13,11.59,7.51,11.27,9.42,7.58,8.55,8.84,5.04,11.29,6.9,8.12,5.87,7.6,10.95,9.19,11.1,8.25,7.55,8.23,6.94,5.44,8.31,7.4,7.21,11.63,11.65,9.12,5.84,13.46,8.88,7.73,4.89,10.25,11.52,7.09,7.72,5.7,7.99,6.87,8.26,8.5,4.26,7.12,6.27,6.28
1992-09-01,6.72,8.72,10.25,11.21,7.34,11.42,9.48,7.6,8.03,8.75,5.19,11.48,7.07,8.21,5.92,7.55,11.07,8.85,11.15,8.35,7.32,7.73,6.97,5.46,8.46,7.2,7.33,11.6,11.63,9.18,6.2,13.46,9.14,7.82,5.06,10.12,11.28,7.16,7.72,5.73,8.15,6.91,7.97,7.93,4.4,7.1,6.35,6.37
1992-10-01,7.03,8.55,10.18,10.8,7.3,11.51,8.87,7.7,7.56,8.14,5.09,11.0,7.34,7.88,5.73,7.8,11.14,8.39,11.26,8.01,6.98,7.24,7.27,5.37,8.53,6.49,6.33,11.59,10.44,9.32,6.25,12.95,8.57,7.02,5.08,9.89,11.47,7.13,7.56,5.8,8.24,6.99,7.86,8.08,4.61,7.21,6.39,6.53
1992-11-01,6.77,8.24,9.45,10.81,7.24,11.23,8.62,7.94,7.36,7.79,4.94,9.91,6.96,7.6,5.64,7.68,10.8,7.27,11.55,8.02,6.97,7.01,7.21,5.51,8.02,6.11,5.91,11.42,10.59,8.96,6.5,12.71,8.1,6.7,4.97,9.43,10.91,7.35,6.8,5.78,7.47,6.98,7.53,10.4,4.7,6.98,6.26,6.13
1992-12-01,6.17,7.63,8.64,11.17,7.16,10.71,8.22,7.78,6.94,7.0,4.67,9.2,6.5,7.3,5.34,7.68,11.56,7.05,11.66,8.12,6.77,6.55,7.33,5.72,7.81,5.75,5.59,11.65,10.55,8.71,6.19,12.55,7.58,6.45,4.86,9.47,11.57,7.1,6.57,5.67,7.16,6.81,7.2,11.95,4.79,6.65,6.06,5.78
1993-01-01,6.13,7.67,8.57,11.1,7.22,11.2,8.1,7.84,6.72,7.12,5.01,8.82,6.25,7.11,5.41,7.53,10.39,7.02,11.59,8.12,6.61,6.06,6.54,5.91,7.84,5.49,5.35,11.83,10.6,9.09,6.34,12.17,7.52,5.94,4.87,8.97,10.78,7.07,6.43,5.64,6.91,6.77,7.42,12.27,4.66,6.76,6.05,5.6
1993-02-01,6.59,7.74,8.85,10.91,6.94,10.68,8.07,7.85,7.1,7.51,4.96,8.69,6.32,7.32,5.51,7.44,10.6,7.08,11.51,8.1,6.94,6.37,6.66,5.9,7.93,5.78,5.55,11.91,10.53,8.71,6.8,12.14,7.64,6.61,4.91,8.89,11.06,7.07,6.7,5.64,7.01,6.81,6.91,11.63,4.61,6.95,6.09,5.71
1993-03-01,6.36,7.68,9.08,11.11,6.88,11.22,8.02,7.82,7.13,7.29,4.96,9.09,6.29,7.35,5.39,7.38,10.27,7.02,11.28,8.06,6.86,6.1,6.72,5.6,7.88,5.88,5.43,11.65,10.78,8.81,6.61,12.35,7.52,6.48,4.91,8.9,10.71,7.22,6.54,5.63,7.17,6.87,6.87,9.65,4.55,7.03,6.09,5.76
1993-04-01,6.88,8.07,9.36,11.15,7.06,11.58,8.42,8.21,7.49,7.68,4.85,9.7,6.86,7.62,5.73,7.48,10.73,7.32,11.28,8.01,6.82,6.57,7.04,5.47,8.13,6.2,5.69,11.82,11.06,9.09,7.02,12.71,8.11,6.92,4.82,9.1,11.0,7.28,6.72,5.7,7.57,6.86,7.29,8.3,4.35,7.03,6.31,5.97
1993-05-01,6.89,8.33,9.9,11.39,7.43,11.88,8.99,8.23,7.9,8.2,5.03,10.15,7.36,8.15,6.06,7.74,11.15,8.98,11.18,8.01,7.37,7.9,7.63,5.63,8.31,7.03,6.17,12.15,11.25,9.39,6.2,13.35,8.83,7.73,4.84,9.66,11.28,7.44,7.39,5.81,8.51,6.93,8.12,8.82,4.34,7.2,6.58,6.12
1993-06-01,6.93,8.81,10.26,11.5,7.63,12.09,9.99,8.05,8.48,8.88,5.07,11.08,7.22,8.06,6.09,7.71,11.56,9.69,11.04,8.22,7.64,8.88,7.39,5.72,8.23,7.24,7.65,12.65,11.99,9.3,5.81,13.93,9.1,7.9,4.9,10.25,11.72,7.52,7.68,5.9,8.41,6.91,8.32,8.81,4.34,7.11,6.53,6.31
1993-07-01,6.95,8.49,10.2,11.66,7.54,11.72,9.81,7.99,8.72,8.8,5.01,10.7,6.62,8.2,5.76,7.87,10.99,9.64,11.22,8.5,7.66,8.49,7.05,5.64,8.54,7.45,7.36,12.61,12.23,9.26,5.88,13.94,8.88,7.75,4.94,10.5,12.08,7.52,7.64,5.77,8.38,6.87,8.27,8.76,4.43,7.02,6.3,6.24
1993-08-01,7.05,8.55,10.2,11.76,7.22,11.56,9.84,7.98,8.69,8.73,5.08,10.81,6.52,8.42,5.95,7.8,11.26,9.65,11.46,8.47,7.28,8.53,7.19,5.68,8.43,7.25,7.27,12.75,12.23,9.41,6.33,13.92,8.98,7.53,4.9,10.4,11.96,7.44,7.57,5.77,8.49,6.89,8.28,8.62,4.43,7.06,6.39,6.27
1993-09-01,7.06,8.82,10.31,11.32,7.29,11.45,10.02,8.01,8.13,8.84,5.03,10.98,6.66,8.26,5.81,7.98,11.4,9.18,11.42,8.33,7.4,7.53,7.37,5.73,8.37,7.13,7.27,12.69,12.22,9.47,6.88,13.9,9.45,7.94,5.07,10.11,11.87,7.37,7.53,5.8,8.82,6.88,8.05,8.81,4.51,7.04,6.45,6.28
1993-10-01,7.22,8.63,10.25,11.18,7.26,11.51,9.46,7.92,7.69,8.27,5.11,16.13,7.4,8.21,6.0,8.15,11.25,8.13,11.47,7.87,6.97,7.06,7.5,5.75,8.61,6.67,6.11,12.56,11.16,9.54,7.39,13.28,8.81,6.92,5.36,9.83,11.18,7.13,7.47,5.96,8.81,6.92,7.64,8.71,4.53,7.22,6.68,6.33
1993-11-01,7.02,8.19,9.13,11.21,7.2,11.37,8.88,8.0,6.92,7.72,4.99,9.8,6.77,7.8,5.61,8.01,10.9,7.65,11.65,7.96,6.92,6.51,7.45,5.87,8.04,6.12,5.75,12.46,11.16,9.12,7.3,13.35,8.22,6.68,5.38,9.41,10.8,7.47,6.99,5.86,7.99,6.76,7.15,10.19,5.06,7.12,6.38,5.98
1993-12-01,6.7,7.91,8.65,11.29,7.36,10.96,8.66,7.97,6.86,7.42,4.93,9.08,6.54,7.36,5.35,7.54,12.0,7.38,11.94,8.09,6.81,6.14,6.85,6.06,7.91,5.75,5.4,13.12,10.96,9.07,6.56,13.1,7.86,6.54,5.28,9.09,12.32,7.36,6.67,5.72,6.51,6.79,6.89,11.27,5.03,6.97,6.14,5.67
1994-01-01,6.32,7.48,8.13,11.12,7.11,10.79,8.08,7.93,6.77,7.08,4.98,8.62,6.06,7.29,5.3,7.46,10.58,7.22,12.46,8.04,6.67,6.03,6.44,6.18,7.73,5.5,5.2,12.56,10.78,8.88,6.88,12.92,7.3,5.94,5.32,8.78,10.65,7.11,6.5,5.73,7.46,6.86,6.85,11.25,5.02,6.99,6.0,5.71
1994-02-01,6.44,7.58,8.34,11.13,7.19,10.64,7.88,7.91,6.95,7.01,5.0,8.81,6.22,7.44,5.32,7.55,10.51,7.24,12.37,8.03,6.67,6.02,6.77,6.16,7.9,5.63,5.36,12.37,10.83,9.04,7.53,12.74,7.59,6.16,5.38,8.6,10.84,7.12,6.51,5.72,7.25,6.91,6.96,11.59,5.04,7.09,6.01,5.8
1994-03-01,6.86,7.66,8.92,11.27,7.24,11.14,8.13,7.95,7.31,7.58,4.98,9.38,6.76,7.61,5.64,7.54,10.34,7.48,12.3,7.2,6.84,6.45,7.12,5.91,7.99,6.08,5.54,12.39,10.93,8.93,7.72,13.01,8.06,6.69,5.37,8.77,11.01,7.49,6.77,5.86,7.46,6.93,7.57,9.66,4.95,6.95,6.27,5.89
1994-04-01,6.71,7.95,9.15,11.46,7.34,11.72,8.64,7.85,7.33,8.17,4.93,9.75,7.16,7.92,5.9,7.66,10.7,7.74,12.32,8.04,7.13,6.91,7.45,5.69,8.26,6.39,5.81,12.4,11.14,9.02,7.48,13.19,8.5,6.66,5.17,9.24,10.57,7.58,6.99,5.94,7.79,6.95,7.91,8.42,4.74,7.12,6.41,6.03
1994-05-01,6.9,8.26,9.8,11.34,7.44,11.8,9.14,7.72,7.8,8.39,5.11,10.32,7.54,8.17,6.22,8.11,10.75,9.15,12.14,8.31,6.86,7.83,7.47,5.77,8.44,7.03,6.13,12.67,11.32,9.57,7.2,13.61,9.14,6.78,5.23,9.71,11.1,7.55,7.14,6.04,8.05,6.98,8.37,8.67,4.75,7.21,6.68,6.26
1994-06-01,6.91,8.55,10.04,11.59,7.49,12.0,9.87,7.71,8.58,8.71,5.21,10.83,7.08,7.98,6.01,7.97,11.73,9.95,12.04,8.58,7.85,8.69,7.15,5.8,8.23,7.45,7.56,13.36,11.98,9.19,7.32,14.11,9.38,8.0,5.24,10.37,11.27,7.72,7.75,5.96,8.44,6.94,8.8,9.13,4.7,7.05,6.47,6.29
1994-07-01,6.76,8.32,9.95,11.84,7.41,11.53,9.67,7.64,8.56,9.01,5.15,10.76,6.55,8.16,5.74,7.75,11.26,9.76,11.99,8.76,8.23,8.42,7.21,5.87,8.42,7.32,7.36,13.37,12.26,9.26,6.6,14.19,9.22,7.73,5.26,10.69,12.46,7.53,7.54,5.84,8.4,6.9,8.21,9.04,4.84,7.16,6.3,6.29
1994-08-01,6.78,8.39,9.78,11.83,7.42,11.89,9.68,7.65,8.46,9.01,5.16,11.16,6.76,8.36,6.09,7.48,11.13,9.7,12.17,8.62,7.7,8.57,7.24,5.81,8.42,7.33,7.43,13.42,12.33,9.44,6.69,14.3,9.32,7.67,5.21,10.27,11.4,7.56,7.65,5.87,8.45,6.89,8.42,9.03,4.85,7.05,6.46,6.27
1994-09-01,6.62,8.47,9.77,11.53,7.39,12.42,9.81,7.66,8.21,8.71,5.26,11.07,7.26,8.14,6.13,7.73,11.45,9.16,12.21,8.48,7.4,7.95,7.07,5.89,8.41,7.11,7.33,13.18,12.22,9.26,6.84,14.37,9.46,7.43,5.53,10.16,11.28,7.57,7.49,5.9,9.02,6.91,8.09,9.03,4.92,7.23,6.62,6.26
1994-10-01,6.93,8.12,9.79,11.14,7.5,11.25,9.12,7.79,7.46,8.05,5.26,10.77,7.44,8.15,6.05,7.58,12.01,8.25,12.23,8.22,6.98,6.9,7.24,5.89,8.6,6.89,5.89,13.32,11.41,9.36,8.18,13.43,9.03,7.16,5.49,10.05,11.35,7.65,7.35,6.05,8.37,6.96,7.94,9.04,4.98,7.08,6.71,6.43
1994-11-01,6.77,8.28,9.05,11.2,7.53,11.87,8.98,7.86,7.12,7.88,5.14,9.75,7.13,7.63,5.85,7.24,11.4,7.84,12.63,8.22,6.86,6.76,7.09,5.97,8.09,6.32,5.97,13.13,11.44,8.81,7.54,13.5,8.67,6.53,5.38,9.62,10.98,7.8,7.11,6.04,7.62,6.91,7.61,10.65,5.22,7.15,6.49,6.04
1994-12-01,6.45,7.68,7.96,11.52,7.33,11.46,8.52,7.85,7.16,7.58,5.07,9.06,6.38,7.35,5.61,7.02,11.75,7.7,12.78,8.29,6.73,6.25,6.57,6.27,7.96,5.71,5.62,13.23,11.37,8.95,7.16,13.15,8.08,6.28,5.31,9.23,12.12,7.59,6.55,5.88,7.4,6.86,7.27,11.9,5.34,6.92,6.49,5.76
1995-01-01,6.19,7.45,8.07,11.31,7.47,11.28,8.24,7.8,6.88,7.12,4.99,8.71,6.11,7.23,5.33,6.9,10.67,7.47,12.76,8.23,6.66,6.0,6.39,6.28,7.81,5.67,5.28,13.01,11.3,9.14,7.21,13.16,7.64,5.77,5.29,8.97,10.54,7.31,6.58,5.82,7.22,6.88,7.23,11.61,5.11,6.7,6.2,6.32
1995-02-01,6.26,7.45,8.52,11.28,7.28,11.29,8.26,7.79,7.2,7.33,5.11,9.32,6.24,7.52,5.29,7.11,10.99,7.43,12.75,8.17,6.73,6.15,6.45,6.25,7.78,5.73,5.62,13.14,11.25,8.74,7.45,13.11,7.78,5.98,5.38,9.11,11.73,7.25,6.65,5.81,7.38,6.92,7.29,11.59,4.97,9.41,6.27,5.79
1995-03-01,6.42,7.66,8.8,11.56,7.31,11.41,8.43,7.86,7.34,7.38,5.3,10.06,6.59,7.63,5.63,6.87,10.82,7.55,12.54,8.11,6.82,6.38,6.75,6.0,7.95,5.93,5.63,13.0,11.41,9.1,7.54,13.34,8.24,6.14,5.34,9.11,10.61,7.43,6.78,5.87,7.42,6.95,7.57,10.38,5.04,6.75,6.53,5.86
1995-04-01,7.1,8.02,8.82,11.39,7.41,11.64,8.86,7.88,7.48,7.78,5.29,10.43,7.16,8.01,5.81,7.05,11.12,7.87,12.38,8.04,6.95,6.94,7.26,5.77,8.24,6.18,5.91,12.99,11.54,9.06,7.51,13.54,8.78,6.93,5.28,9.49,11.6,7.64,6.95,6.04,8.08,6.95,8.04,9.09,4.81,6.8,6.78,5.95
1995-05-01,6.94,8.11,9.38,11.64,7.43,12.04,9.22,7.76,7.83,8.13,5.37,10.55,7.41,8.08,6.0,7.11,11.93,9.0,12.28,8.11,7.53,7.6,7.47,5.93,8.28,6.77,6.22,12.91,11.72,9.02,7.41,14.06,9.05,7.36,5.37,9.7,12.11,7.81,7.31,6.07,7.82,6.99,8.41,9.48,4.76,6.86,6.85,6.08
1995-06-01,6.88,8.29,9.66,11.73,7.48,11.68,10.01,7.71,8.53,8.79,5.43,11.29,7.26,8.13,6.03,7.21,11.49,9.97,12.24,8.4,7.79,8.8,7.16,6.04,8.14,6.08,7.76,14.02,12.48,8.83,6.95,14.63,9.49,7.75,5.51,10.25,11.38,7.65,7.56,6.06,8.29,6.98,8.58,9.68,4.54,6.78,6.77,6.17
1995-07-01,6.82,8.31,9.55,11.99,7.51,12.27,9.87,7.71,8.71,9.19,5.54,11.06,6.67,8.32,5.86,7.4,11.58,9.76,12.38,8.71,7.71,8.58,7.01,6.06,8.56,7.35,7.45,14.41,12.62,8.87,6.75,14.69,9.2,7.23,5.5,10.62,13.77,7.64,7.52,5.89,8.18,6.94,8.56,9.87,4.83,6.71,6.49,6.34
1995-08-01,6.92,8.27,9.48,12.05,7.46,12.57,9.76,7.71,8.95,8.68,5.44,11.01,6.43,8.32,5.55,7.63,11.04,9.72,12.48,8.81,7.58,8.34,6.9,6.06,8.32,7.21,7.23,13.76,12.86,8.98,6.73,14.58,9.1,7.26,5.51,10.45,11.46,7.62,7.4,5.85,8.13,6.92,8.51,9.82,4.83,6.68,6.39,6.85
1995-09-01,7.02,8.32,9.44,11.77,7.42,12.55,9.85,7.72,8.26,8.68,4.69,11.12,6.74,8.14,5.58,7.25,11.75,9.32,12.46,8.58,7.43,7.6,7.02,6.07,8.36,7.07,7.24,13.62,12.78,8.77,6.85,14.51,9.43,7.14,5.77,10.31,9.67,7.45,7.3,5.87,7.09,6.93,8.3,9.93,4.85,6.71,6.64,6.2
1995-10-01,7.1,8.08,9.47,11.42,7.52,12.99,9.25,7.96,7.49,10.19,6.44,11.71,7.74,8.15,6.06,7.34,11.35,8.27,12.44,8.14,7.05,6.91,7.45,6.05,8.59,6.61,5.98,14.08,11.79,8.95,7.3,13.76,9.05,7.16,5.74,10.16,10.81,7.47,7.5,6.09,8.08,7.0,8.08,9.94,4.96,6.92,6.89,6.31
1995-11-01,6.59,7.96,8.57,11.37,7.47,12.27,8.96,8.07,7.12,8.32,5.37,10.02,7.06,7.5,5.57,7.26,10.47,7.62,12.58,8.15,6.92,6.49,7.38,6.11,7.89,5.98,5.79,13.82,11.73,8.9,7.52,13.81,8.33,6.56,5.64,9.7,10.7,7.55,6.97,5.98,7.38,6.96,7.34,11.1,5.21,6.79,6.65,5.84
1995-12-01,6.19,7.53,8.34,11.65,7.32,11.83,8.38,8.06,6.85,7.24,5.32,9.31,6.46,7.36,5.2,7.23,12.06,7.26,12.61,8.25,6.71,5.99,6.8,6.28,7.72,5.57,5.55,13.52,11.56,8.78,7.2,13.5,7.76,6.02,5.68,9.15,13.01,7.62,6.75,5.84,7.15,6.92,6.94,12.16,5.3,6.73,6.17,5.76
1996-01-01,6.21,7.22,7.98,11.43,7.21,11.9,8.08,7.87,6.61,7.23,5.27,9.16,6.14,7.18,5.26,6.98,10.16,7.2,12.62,8.26,6.64,5.79,6.33,6.26,7.59,5.54,5.2,12.93,11.34,8.66,7.01,13.39,7.54,5.35,5.64,8.84,10.22,7.11,6.58,5.76,6.94,6.9,6.86,11.78,5.23,6.68,6.13,5.72
1996-02-01,6.26,6.7,8.45,11.16,7.23,11.98,8.02,7.92,6.96,7.36,5.05,9.28,6.17,7.37,5.38,7.31,10.94,7.25,12.68,8.37,6.85,5.86,6.45,6.2,7.67,5.6,5.27,13.15,11.41,8.83,7.27,13.46,7.78,5.7,5.7,8.92,11.37,7.27,6.52,5.76,6.5,6.93,6.98,11.99,5.12,6.82,6.21,5.78
1996-03-01,6.13,7.45,8.46,11.25,7.28,12.01,8.28,8.01,7.35,7.6,5.55,9.57,6.58,7.58,5.4,7.56,11.47,7.46,12.61,8.43,6.92,6.31,6.79,6.03,7.92,5.86,5.58,13.06,11.49,8.98,7.27,13.71,8.08,5.94,5.69,9.17,13.0,7.58,6.78,5.84,7.25,6.96,7.22,10.8,4.92,6.85,6.4,5.88
1996-04-01,6.46,7.46,8.96,11.27,7.44,11.85,8.58,7.98,7.2,8.19,5.18,10.0,6.83,7.75,5.47,7.87,10.91,7.7,12.6,8.38,6.97,6.31,7.14,5.9,7.96,6.03,5.69,13.13,11.68,8.91,7.36,13.8,8.47,6.28,5.55,9.41,11.53,7.6,6.89,5.9,7.46,6.96,7.52,9.72,4.92,7.08,6.52,6.05
1996-05-01,6.88,8.01,9.23,11.53,7.61,12.14,9.15,7.94,7.81,8.64,5.42,10.55,7.31,8.0,5.82,7.57,10.84,8.89,12.5,8.47,7.35,7.52,7.4,6.04,8.19,6.57,6.22,13.43,11.89,9.05,6.86,14.0,9.02,6.66,5.53,10.12,12.1,7.98,7.22,6.05,7.73,7.0,8.25,10.15,4.97,6.97,6.79,6.22
1996-06-01,6.74,8.4,9.4,10.42,7.75,12.01,9.99,7.85,8.46,9.03,5.39,10.99,7.14,8.08,5.83,7.55,12.54,9.65,12.44,8.2,7.65,8.55,7.17,6.11,7.98,7.1,7.77,13.68,12.43,8.95,6.66,14.54,9.46,7.7,5.48,10.52,12.72,7.66,7.58,6.02,8.3,6.96,8.35,10.25,4.9,6.89,6.68,6.21
1996-07-01,6.83,8.15,9.31,11.56,7.67,11.91,9.88,7.93,8.68,9.34,5.35,11.4,6.57,8.21,5.64,7.59,11.41,9.65,12.5,8.84,7.49,8.38,7.16,6.27,8.46,7.12,7.39,13.94,12.68,8.9,6.54,14.67,9.26,7.34,5.6,10.71,13.57,7.62,7.39,5.82,8.28,6.94,8.31,10.39,4.92,6.8,6.45,6.35
1996-08-01,6.9,8.26,9.28,11.88,7.61,12.54,9.89,7.94,8.66,8.89,5.25,11.27,6.82,8.61,5.98,7.75,11.71,9.93,12.58,8.78,7.66,8.56,7.21,6.35,8.4,7.18,7.54,13.74,12.67,8.99,6.56,14.78,9.4,7.69,6.07,10.87,13.09,7.53,7.48,5.87,8.3,6.92,8.37,10.33,4.95,6.86,6.42,6.6
1996-09-01,6.88,8.26,9.28,11.36,7.7,12.63,9.89,7.97,8.05,8.6,5.38,11.29,6.8,8.16,5.69,8.09,11.59,9.29,12.56,8.74,7.41,7.94,7.38,6.29,8.45,6.95,7.4,13.26,12.7,8.84,6.73,14.59,9.42,7.11,6.17,10.55,10.35,7.45,7.26,5.9,8.23,6.99,8.08,10.33,4.94,6.85,6.51,6.47
1996-10-01,7.05,8.04,9.34,11.36,7.77,12.27,9.2,8.15,7.37,8.04,5.27,11.71,7.65,7.94,5.9,7.83,10.96,8.16,12.57,8.2,7.12,6.82,7.42,6.27,8.75,6.54,5.97,13.46,11.97,9.32,7.12,13.97,9.23,7.4,5.76,10.02,10.89,7.57,7.42,6.08,8.23,6.73,7.88,10.33,4.95,7.03,6.71,6.68
1996-11-01,6.91,7.75,8.73,11.0,7.54,12.01,8.9,8.25,7.02,7.59,5.22,10.03,7.48,7.56,5.36,7.13,10.56,7.62,12.59,8.37,6.85,6.39,7.22,6.35,7.94,5.88,5.86,13.29,11.74,8.69,7.34,13.83,8.42,6.57,5.71,9.48,10.53,7.57,6.93,5.99,7.58,7.34,7.38,11.43,5.07,6.96,6.3,6.15
1996-12-01,6.37,7.34,8.09,11.52,7.3,11.58,8.39,8.22,6.4,7.5,5.19,9.33,6.64,7.27,5.13,6.97,12.14,7.21,12.67,8.52,6.8,5.76,6.91,6.52,7.75,5.78,5.44,14.5,11.59,9.08,7.1,13.75,7.83,5.74,5.61,9.12,12.74,7.38,6.59,5.84,7.25,6.92,6.92,13.08,5.25,6.82,5.91,6.02
1997-01-01,6.19,7.29,7.83,11.23,7.22,11.75,8.22,8.16,6.82,7.19,5.05,9.1,6.32,7.25,5.16,7.18,11.21,7.35,12.79,8.54,6.69,5.71,6.72,6.43,7.65,5.41,5.06,13.31,11.53,8.84,7.1,13.75,7.7,5.5,5.31,9.05,11.51,7.3,6.47,5.82,7.06,6.91,7.04,12.71,5.2,6.66,5.97,5.78
1997-02-01,6.57,7.29,7.92,11.01,7.28,11.8,8.37,8.22,7.08,7.43,5.05,9.28,6.35,7.25,5.39,7.56,11.19,7.51,12.73,8.5,7.21,5.88,6.74,6.39,7.69,5.77,5.48,12.9,11.61,8.67,6.92,13.67,7.93,5.92,5.43,9.19,11.1,7.17,6.61,5.85,7.17,6.84,7.21,12.61,5.19,6.82,6.04,5.87
1997-03-01,6.77,7.38,8.25,11.26,7.3,11.97,8.67,8.27,7.29,7.44,4.99,10.15,6.82,7.45,5.53,7.69,11.52,7.66,12.7,8.47,6.99,6.32,6.73,6.32,8.03,5.9,5.79,13.33,11.67,8.72,7.3,13.83,8.34,6.45,5.48,9.37,13.98,7.52,6.8,5.93,7.34,6.6,7.59,11.55,5.06,6.79,6.29,6.02
1997-04-01,6.98,8.02,8.64,11.3,7.41,12.17,8.89,8.28,7.45,8.05,5.06,10.62,7.5,7.59,5.57,7.23,10.66,7.81,12.73,8.4,7.0,6.56,7.14,6.16,8.07,6.16,5.84,13.31,11.81,9.22,7.2,13.69,8.51,6.41,5.54,9.66,11.14,7.62,6.94,6.05,7.67,7.4,7.71,10.57,4.72,6.85,6.59,6.24
1997-05-01,7.14,8.16,9.22,11.55,7.8,12.39,9.3,8.24,7.86,8.62,5.24,11.18,7.51,8.05,5.88,6.9,11.54,8.86,12.63,8.4,7.35,7.4,7.56,6.37,8.14,6.7,6.28,13.53,12.08,9.22,6.65,13.84,8.95,7.15,5.7,10.07,11.71,7.67,7.31,6.12,8.03,6.84,8.13,10.74,4.48,7.0,6.47,6.48
1997-06-01,6.86,8.26,9.37,11.61,7.59,12.5,10.25,8.14,8.35,8.28,5.4,11.57,7.52,8.04,6.3,7.21,12.54,9.69,12.63,8.75,7.91,8.72,7.22,6.48,8.11,7.13,7.89,14.18,12.48,8.91,6.47,14.7,9.5,7.37,5.77,10.59,13.27,7.76,7.78,5.96,8.49,6.93,8.45,11.04,4.7,7.39,6.52,6.59
1997-07-01,6.7,8.15,9.27,11.84,7.41,12.24,10.02,7.92,8.58,9.01,5.43,11.09,6.91,7.8,5.64,7.4,11.42,9.59,12.73,8.83,7.77,8.48,7.04,6.45,8.38,7.21,7.55,14.01,12.76,8.94,6.44,14.8,9.16,7.07,5.74,10.93,13.31,7.63,7.52,5.93,7.87,6.88,8.36,11.03,4.8,6.72,6.27,6.63
1997-08-01,6.85,8.0,9.25,11.92,7.41,12.47,10.01,8.04,8.73,8.99,5.36,11.44,6.81,8.61,5.71,7.56,11.86,9.63,12.78,9.0,7.63,8.41,7.03,6.45,8.26,7.32,7.44,14.06,12.75,8.76,6.45,14.68,9.35,7.31,5.93,10.73,11.92,7.54,7.44,5.89,8.05,6.84,8.41,10.76,4.83,6.77,6.23,6.49
1997-09-01,6.9,8.3,9.16,11.62,7.44,12.56,10.09,8.06,8.3,8.57,5.27,11.55,7.15,7.82,6.13,7.53,11.36,9.09,12.72,8.56,7.43,7.86,7.07,6.44,8.31,7.12,7.39,13.96,12.58,9.1,6.5,14.56,9.49,6.71,5.71,10.58,11.86,7.52,7.43,5.97,8.35,6.87,8.14,10.78,4.88,6.86,6.45,6.56
1997-10-01,7.03,7.78,9.3,11.59,7.58,12.49,9.43,7.88,7.38,8.29,5.28,10.71,7.56,7.72,5.71,7.5,11.92,8.11,12.72,8.48,7.15,6.55,7.31,6.42,8.54,6.76,5.93,14.11,11.95,9.18,6.97,14.01,9.02,6.94,5.68,10.11,12.62,7.61,7.39,6.45,8.32,6.93,8.19,10.73,4.93,6.93,6.57,6.74
1997-11-01,6.75,7.58,8.57,11.28,7.48,12.01,9.06,7.98,7.08,8.72,5.17,9.73,7.14,7.23,5.3,7.41,11.71,7.5,12.8,8.37,6.95,6.27,7.01,6.39,7.85,6.01,5.99,13.84,11.75,8.79,7.31,13.93,8.37,6.23,5.52,9.52,11.02,7.62,7.01,6.36,7.54,6.89,7.31,10.81,5.07,6.89,6.19,6.18
1997-12-01,6.43,7.29,8.0,11.64,7.27,11.7,8.63,7.93,6.82,7.8,4.9,9.34,6.55,7.01,5.11,7.31,12.19,7.32,12.94,8.42,6.77,5.92,6.75,6.53,7.61,5.67,5.61,13.46,11.53,8.87,6.9,13.84,7.97,5.85,5.41,9.47,12.18,7.35,6.85,6.2,7.16,6.82,7.0,12.87,5.08,6.91,5.96,5.92
1998-01-01,6.22,7.09,7.56,10.96,7.25,11.75,8.49,7.89,6.74,7.71,4.93,9.64,6.57,7.03,5.32,7.25,10.71,7.34,12.92,8.36,6.78,5.79,6.63,6.46,7.63,5.62,5.3,13.0,11.12,8.66,6.86,13.87,7.97,5.35,5.46,9.14,12.12,7.21,6.63,6.19,6.87,6.8,7.15,13.18,5.14,6.92,6.03,5.93
1998-02-01,6.29,7.23,7.74,10.23,7.37,11.95,8.46,7.94,6.89,8.18,5.02,10.24,6.84,7.28,5.59,7.09,11.1,7.49,13.05,8.74,6.98,6.08,6.8,6.48,7.74,5.86,5.67,12.47,10.92,8.63,7.25,13.73,8.27,5.95,5.83,8.54,10.99,7.17,6.85,6.25,7.07,6.91,7.31,12.16,5.14,6.97,6.12,6.05
1998-03-01,6.62,7.07,7.88,9.92,7.4,11.93,8.54,7.94,6.99,7.99,5.0,10.05,6.82,7.08,5.49,6.79,10.59,7.61,13.02,8.39,7.12,6.19,6.99,6.43,7.86,6.06,5.64,13.95,10.69,8.67,7.3,13.77,8.34,6.05,5.84,9.4,12.37,7.49,6.76,6.31,7.16,6.86,7.3,11.01,5.08,7.12,6.43,6.07
1998-04-01,6.82,7.6,8.52,10.35,7.53,12.09,8.83,7.98,7.08,8.35,5.13,10.72,7.39,7.47,5.73,6.35,10.59,7.88,13.03,8.48,7.27,6.53,7.24,6.29,7.95,6.44,5.81,14.0,10.86,8.93,7.34,13.84,8.8,6.55,5.9,9.76,11.06,7.43,7.39,6.4,7.27,6.87,7.6,10.77,4.94,7.29,6.13,6.3
1998-05-01,7.25,7.69,9.42,10.7,7.64,12.32,9.13,7.91,7.8,8.93,5.2,11.05,7.4,7.75,6.1,7.03,10.62,8.97,12.94,8.5,7.79,6.96,7.63,6.53,8.2,7.08,6.22,14.16,11.26,9.0,7.28,14.05,8.9,7.05,6.01,10.35,11.12,7.74,7.71,6.48,7.45,6.95,8.03,11.15,4.86,7.36,6.59,6.52
1998-06-01,7.18,7.92,9.38,10.56,7.67,12.37,9.9,7.81,8.46,8.89,5.5,11.2,7.14,7.68,5.8,6.9,10.68,9.74,12.89,8.8,7.79,8.76,7.21,6.52,7.85,7.43,8.03,14.22,11.68,8.8,6.97,13.78,9.25,7.01,6.04,11.1,11.11,7.65,7.85,6.43,7.97,6.94,7.51,11.13,4.87,7.35,6.47,6.57
1998-07-01,7.02,7.66,9.1,10.75,7.43,11.86,9.78,7.81,8.72,8.86,5.56,11.73,6.75,7.93,5.6,7.23,10.63,9.71,12.97,8.97,7.63,8.23,7.16,6.48,8.28,7.14,7.46,14.01,11.96,8.89,6.59,13.78,9.12,7.03,6.11,11.09,11.31,7.6,7.51,6.22,8.13,6.84,7.97,10.95,4.89,7.05,6.28,8.16
1998-08-01,7.25,7.75,9.24,10.92,7.42,12.05,9.74,7.83,8.48,8.85,5.62,9.12,6.79,8.41,5.76,7.2,10.8,9.72,13.05,8.94,7.74,8.4,7.08,6.44,8.22,7.21,7.44,14.37,12.12,9.45,6.66,13.65,9.13,6.85,6.04,10.65,10.91,7.64,7.52,6.24,8.11,6.83,8.04,10.95,4.91,7.13,6.22,5.8
1998-09-01,7.2,7.76,9.13,10.86,7.43,11.85,9.76,7.85,7.97,8.61,5.52,9.06,7.0,8.07,5.66,7.47,10.25,9.13,13.04,8.86,7.64,7.27,7.26,6.49,8.23,7.26,7.35,14.03,11.94,9.03,6.79,13.66,9.24,6.76,6.08,10.55,9.74,7.52,7.4,6.26,7.83,6.88,7.55,10.77,4.98,7.11,6.45,6.53
1998-10-01,6.94,7.22,9.14,10.49,7.53,12.03,9.0,7.88,7.15,8.31,5.38,8.69,7.55,7.44,5.57,7.18,10.4,8.08,13.05,8.84,7.08,6.28,6.78,6.48,8.4,6.6,5.66,14.37,11.2,8.94,7.33,13.29,8.61,6.87,5.9,10.25,9.92,7.44,7.43,6.35,8.13,6.94,7.31,11.02,5.02,7.4,6.55,5.98
1998-11-01,7.53,7.44,8.27,10.51,7.57,11.88,8.94,8.0,7.03,8.16,5.37,8.18,7.48,7.23,5.52,7.08,10.18,7.55,13.07,8.5,7.05,6.46,6.67,6.58,7.9,6.28,6.13,14.31,11.08,8.56,7.53,13.04,8.6,6.45,5.7,8.14,10.26,7.55,7.29,6.48,7.16,6.86,7.19,12.14,5.12,7.34,6.38,6.26
1998-12-01,6.8,7.23,7.84,10.56,7.31,11.55,8.65,7.98,6.64,7.53,5.39,8.31,6.94,7.25,5.33,6.62,10.53,7.54,13.16,8.51,6.98,6.08,6.62,6.72,7.8,6.23,5.75,14.18,10.96,8.58,7.16,12.92,8.23,5.95,5.56,8.96,10.53,7.56,7.21,6.37,7.11,6.55,7.13,13.03,5.15,7.12,6.17,6.07
1999-01-01,6.19,6.6,7.11,10.47,7.2,11.21,8.3,7.9,6.6,7.6,5.21,7.59,6.49,6.81,5.11,6.5,9.61,7.3,13.2,8.61,6.8,5.6,6.21,6.49,7.49,5.79,5.29,13.6,11.0,8.48,7.1,12.85,7.6,5.39,5.5,8.74,9.63,7.0,6.69,6.2,6.7,6.9,6.81,13.31,5.2,7.2,5.99,5.89
1999-02-01,6.69,6.9,7.21,10.47,7.3,11.41,8.5,8.1,7.1,7.6,5.21,8.19,6.69,7.31,5.51,6.2,10.51,7.5,13.1,8.51,7.0,6.11,6.62,6.59,7.89,5.99,5.69,13.7,11.0,8.68,7.3,12.75,8.2,5.99,5.6,8.64,9.83,7.6,7.09,6.4,7.2,6.8,7.21,12.81,5.2,7.2,6.19,6.09
1999-03-01,6.29,6.9,7.71,10.47,7.4,11.11,8.4,8.1,7.1,8.0,5.21,8.29,6.79,7.21,5.41,6.6,9.71,7.5,13.1,8.51,7.0,6.21,6.72,6.49,7.69,6.09,5.79,13.7,11.4,8.88,7.5,12.95,8.0,6.39,5.6,8.64,13.75,7.4,7.19,6.3,7.2,6.1,7.01,12.51,5.1,7.2,6.09,6.29
1999-04-01,7.19,7.3,7.81,10.57,7.4,11.81,8.8,7.8,7.1,8.5,5.31,8.89,7.19,7.61,5.61,6.6,10.61,7.8,13.1,8.51,7.5,6.51,7.02,6.29,7.89,6.09,5.99,13.7,10.9,9.08,7.5,13.34,8.7,6.59,5.7,8.64,10.43,7.6,7.39,6.4,7.3,6.2,7.41,10.41,5.0,7.5,6.39,6.29
1999-05-01,6.99,7.6,8.81,10.67,7.5,11.91,9.1,7.7,7.59,8.9,5.21,9.29,7.69,7.91,5.91,7.0,10.41,9.0,13.0,8.51,7.8,7.61,7.22,6.39,8.09,6.99,6.39,13.9,11.5,8.98,7.3,12.85,9.1,7.19,5.8,9.53,9.93,7.8,7.89,6.5,7.5,6.2,8.01,11.41,4.9,7.5,6.69,6.39
1999-06-01,7.09,7.9,8.71,10.87,7.5,11.81,9.9,7.6,8.29,8.4,5.41,9.39,6.99,7.61,6.01,7.1,10.91,9.6,13.0,9.01,7.9,8.51,6.92,6.49,7.89,7.39,7.88,13.9,12.7,8.98,6.9,13.44,9.5,7.19,5.9,9.93,11.24,7.7,7.99,6.4,7.4,6.3,8.01,12.01,4.9,7.4,6.49,6.59
1999-07-01,7.29,7.7,8.31,10.87,7.4,11.51,9.7,7.6,8.09,8.1,5.31,9.49,6.69,7.81,5.71,7.2,10.21,9.6,13.1,9.11,8.0,8.41,6.72,6.39,8.39,7.29,7.58,13.8,12.8,8.88,6.8,13.44,9.2,6.99,5.9,9.73,10.33,7.8,7.89,6.3,8.0,6.1,8.01,11.41,5.0,7.2,6.19,6.69
1999-08-01,7.69,7.8,8.41,10.97,7.3,11.71,9.7,7.6,8.49,9.0,5.31,9.49,6.59,8.51,5.71,7.0,10.31,9.7,13.0,9.11,7.6,8.21,6.72,6.39,8.19,7.29,7.38,13.6,11.5,8.78,6.9,13.54,9.2,6.69,5.9,9.53,9.63,7.7,7.59,6.2,8.0,6.1,8.01,11.31,5.0,7.2,6.19,6.49
1999-09-01,7.39,7.9,8.41,10.67,7.4,11.21,9.8,7.6,7.69,8.5,5.41,9.59,7.49,8.21,5.71,7.9,10.31,9.2,13.1,8.91,7.6,7.51,6.72,6.39,8.19,7.29,7.38,13.7,11.0,8.28,6.9,13.74,9.3,7.19,5.9,9.53,9.33,7.5,7.59,6.3,7.8,6.2,7.81,11.21,5.0,7.3,6.49,6.59
1999-10-01,6.79,7.3,8.51,10.87,7.6,11.81,11.0,7.6,7.69,8.8,5.31,8.79,7.79,7.61,5.91,7.9,10.31,8.1,13.0,8.51,7.3,6.81,7.02,13.87,8.59,6.69,5.99,13.9,10.0,8.18,7.2,13.64,8.8,6.69,5.9,9.24,10.13,7.6,7.59,6.5,8.1,6.2,7.61,11.61,5.1,7.5,6.59,6.89
1999-11-01,6.79,7.5,7.51,10.57,7.5,11.61,8.7,7.8,7.1,8.6,5.21,8.59,7.49,7.21,5.51,7.6,10.01,7.7,13.1,8.61,7.2,6.51,6.92,6.59,7.89,6.29,6.19,13.3,10.7,6.99,7.7,13.44,8.6,6.69,5.9,8.94,10.84,7.6,7.39,6.5,7.3,6.2,7.21,12.71,5.2,7.4,6.39,6.39
1999-12-01,7.29,7.2,13.52,10.67,7.2,10.81,8.3,7.7,6.6,8.5,5.11,8.09,6.69,7.01,5.11,7.0,8.61,7.4,13.0,8.51,7.1,6.01,6.41,6.79,7.79,6.09,5.89,14.1,10.9,9.38,7.3,13.24,8.3,5.79,5.7,8.54,7.12,7.5,7.09,6.3,7.1,6.1,6.91,14.31,5.3,7.3,6.09,5.99
2000-01-01,6.47,6.66,7.43,10.5,7.04,10.47,8.04,7.55,6.98,7.77,5.1,7.81,6.28,6.86,5.11,6.7,9.91,7.41,16.57,8.56,7.01,6.05,6.24,6.49,7.57,5.72,5.56,12.81,9.83,8.01,7.22,12.9,7.7,5.74,5.66,9.03,10.33,7.38,6.85,6.11,6.95,6.04,6.79,13.6,5.22,7.18,5.95,5.95
2000-02-01,6.45,6.69,8.0,10.5,7.18,10.39,7.86,7.56,6.89,8.09,5.15,8.17,6.48,7.01,5.2,6.51,9.51,7.33,16.37,8.57,7.25,6.1,6.34,6.36,7.5,5.88,5.73,12.86,9.54,8.1,7.45,13.18,7.92,6.14,5.7,8.95,9.07,7.23,6.96,6.15,7.05,5.72,6.98,12.96,5.26,7.31,5.94,6.04
2000-03-01,7.07,7.12,7.9,10.68,7.24,10.84,8.17,7.71,7.37,8.37,5.13,8.79,7.07,7.3,5.51,6.84,9.94,7.67,12.92,8.67,7.24,6.54,6.86,6.18,7.95,6.23,6.01,12.97,9.92,8.31,7.38,13.33,8.53,6.35,5.69,9.29,9.85,7.66,7.21,6.38,7.43,6.66,7.52,12.55,5.23,7.43,6.4,6.19
2000-04-01,7.21,7.43,8.17,10.16,7.33,11.01,8.44,7.7,7.36,8.44,5.2,8.94,7.38,7.5,5.62,6.95,10.65,7.91,11.46,8.55,7.39,6.77,7.03,6.01,8.01,6.46,6.19,13.44,9.63,8.23,7.37,13.52,8.82,6.6,5.86,9.53,14.29,7.81,7.37,6.48,7.56,6.19,7.63,11.02,5.16,7.51,6.42,6.28
2000-05-01,7.33,7.58,9.04,10.84,7.46,11.04,8.55,7.65,7.63,8.63,5.44,9.23,7.38,7.63,5.65,7.36,10.81,8.7,11.42,8.54,7.75,7.79,7.33,6.77,8.03,7.0,6.58,13.32,10.22,8.51,7.13,13.54,8.86,6.89,5.93,9.58,11.45,7.79,7.8,6.51,7.69,6.21,7.82,11.72,5.08,7.65,6.52,6.7
2000-06-01,7.15,7.83,9.09,11.12,7.46,11.15,9.12,7.57,8.12,8.79,5.75,9.51,7.17,7.75,5.84,7.4,10.99,9.47,12.31,8.57,7.8,8.22,7.06,6.65,7.87,7.27,7.79,13.21,11.25,8.51,6.85,14.22,9.54,7.43,6.0,10.32,11.89,7.69,7.95,6.46,8.11,6.45,8.03,12.55,5.14,8.13,6.44,7.03
2000-07-01,7.49,7.73,8.9,11.12,7.33,11.1,9.08,7.89,8.35,8.92,5.7,9.56,6.86,8.01,5.68,7.61,10.81,9.29,12.54,8.59,8.0,8.08,7.12,6.56,8.33,7.1,7.53,13.7,11.23,8.47,6.86,15.4,9.13,7.38,6.05,9.96,11.22,7.75,7.8,6.37,8.28,6.62,8.04,11.7,5.17,7.56,6.27,7.11
2000-08-01,7.49,7.81,8.84,11.36,8.2,11.11,8.91,7.91,8.33,8.96,5.59,9.48,6.97,8.25,5.7,8.19,10.61,8.49,12.13,8.63,8.03,8.14,7.16,6.55,8.28,7.07,7.49,13.18,10.72,8.49,7.04,14.77,9.21,7.56,6.08,9.98,10.43,7.77,7.73,6.38,8.33,6.19,8.12,11.3,5.15,7.55,6.36,7.02
2000-09-01,7.08,7.81,8.85,10.82,6.94,10.4,8.91,7.9,7.89,8.24,5.62,9.34,6.94,8.19,5.61,8.4,11.15,8.47,11.97,8.65,7.62,7.25,7.08,6.85,8.25,7.2,7.07,13.51,10.33,8.4,7.45,14.52,9.17,7.59,6.08,9.84,11.55,7.75,7.76,6.33,8.49,6.41,7.79,11.78,5.1,7.58,6.37,6.97
2000-10-01,7.09,7.63,9.03,10.99,7.52,11.08,8.62,7.95,7.6,9.05,5.55,9.05,7.41,8.11,5.68,8.79,10.95,7.12,11.51,8.1,7.4,6.74,7.28,6.57,8.39,6.75,6.1,13.18,9.71,8.52,7.66,14.12,8.76,7.82,6.11,9.37,11.63,7.61,7.79,6.46,8.67,6.46,7.63,11.74,5.21,7.73,6.46,7.13
2000-11-01,6.98,7.28,7.31,10.94,7.33,10.94,8.49,8.0,7.23,8.16,5.5,8.47,7.16,7.0,5.51,8.1,10.82,7.01,11.71,8.23,7.3,6.48,6.78,6.47,8.13,6.19,6.15,12.65,10.0,8.52,8.02,13.94,8.58,6.53,6.01,9.31,12.12,7.59,7.38,6.41,7.74,6.18,7.43,12.49,5.13,7.63,6.46,6.43
2000-12-01,6.62,7.3,7.24,11.37,6.62,10.95,8.38,7.79,6.68,7.21,5.32,7.75,6.11,7.09,4.92,8.03,10.69,6.72,11.56,8.53,7.3,5.84,6.57,6.54,7.6,5.72,5.69,13.22,10.17,8.24,7.93,13.98,7.69,6.89,5.81,9.36,12.52,7.1,6.9,6.1,7.86,6.25,6.95,13.18,4.76,7.34,6.04,5.99
2001-01-01,6.33,6.88,6.99,10.89,6.71,10.7,7.61,8.14,6.75,7.65,5.21,7.53,6.08,6.81,5.14,7.97,11.86,6.74,12.96,8.08,7.03,5.87,6.45,6.44,7.53,5.6,5.26,13.52,9.62,7.98,7.55,13.89,7.59,6.53,5.68,8.74,11.96,7.36,6.52,6.11,7.68,6.17,6.84,12.47,4.95,7.46,5.9,6.01
2001-02-01,6.66,7.11,7.13,11.14,7.15,10.23,7.8,8.29,7.28,7.94,5.36,8.25,6.67,7.09,5.54,8.52,12.03,6.88,12.84,8.12,7.26,6.11,6.69,6.46,7.77,5.75,5.6,13.02,9.34,8.01,7.93,13.93,7.87,6.76,5.81,9.01,12.02,7.49,6.76,6.23,8.02,6.83,7.24,12.53,5.51,7.67,6.03,6.25
2001-03-01,7.38,7.42,7.4,11.29,7.03,10.6,7.93,8.51,7.48,8.06,5.41,8.33,6.73,7.44,5.5,9.17,12.08,6.99,12.64,8.08,7.31,6.42,7.14,6.35,8.02,5.86,5.7,13.08,9.79,8.24,8.94,13.58,7.99,7.45,5.91,9.29,12.04,7.76,6.89,6.32,8.39,6.57,7.49,12.4,5.71,7.78,6.21,6.2
2001-04-01,7.34,8.0,8.09,11.14,7.46,10.87,8.25,8.84,7.4,8.66,5.51,8.81,7.1,7.58,5.64,8.64,12.49,7.17,12.32,8.08,7.36,6.55,7.42,6.31,8.0,6.28,6.01,13.93,9.9,8.75,9.34,13.44,8.38,7.71,6.05,9.38,13.17,7.69,7.23,6.36,8.52,6.9,7.62,12.04,5.72,8.02,6.22,6.61
2001-05-01,7.23,8.0,9.41,11.97,7.84,11.2,8.69,8.93,7.82,9.13,6.48,9.2,7.3,7.86,5.75,8.33,12.47,8.46,14.24,8.16,7.87,7.42,7.76,6.94,8.22,6.81,6.44,11.58,9.92,9.24,9.21,14.01,8.93,7.73,6.18,9.98,12.38,7.79,7.76,6.46,8.91,7.13,8.17,12.59,5.74,8.09,6.53,6.85
2001-06-01,7.14,8.3,9.04,12.87,8.18,11.06,9.44,8.2,8.37,8.95,6.58,9.43,7.21,7.79,5.75,8.8,12.57,8.56,13.31,8.52,8.2,8.15,7.81,7.2,8.19,7.46,7.44,12.08,10.86,9.13,9.23,14.41,9.28,8.03,6.35,10.63,12.57,7.8,8.25,6.37,9.63,7.05,8.46,13.01,5.67,8.12,6.55,7.19
2001-07-01,7.05,8.06,8.84,13.05,7.31,11.0,9.32,8.76,8.4,8.78,6.35,9.42,6.88,8.16,5.69,7.83,13.24,8.65,13.01,8.63,8.26,8.04,7.82,7.32,8.31,7.24,7.44,12.66,11.03,8.94,9.25,14.99,9.01,7.96,6.26,10.32,12.97,7.7,8.06,6.28,9.55,6.9,8.34,13.06,5.64,7.93,6.38,7.23
2001-08-01,7.08,8.11,8.84,12.8,7.45,11.15,9.32,8.77,8.48,8.86,6.4,9.35,6.72,8.34,5.59,7.56,12.62,8.76,13.04,8.69,8.31,7.92,7.89,7.35,8.35,7.46,7.4,11.97,10.91,9.07,9.68,14.61,8.86,8.01,6.37,10.25,11.64,7.75,7.9,6.24,9.53,6.98,8.41,12.89,5.87,7.93,6.3,7.28
2001-09-01,7.01,8.07,8.81,12.87,8.13,11.14,9.34,8.82,7.94,8.78,6.32,9.21,7.65,8.15,5.72,7.55,12.97,8.46,14.3,8.37,7.69,7.22,7.77,7.28,8.35,7.47,7.37,11.26,10.98,9.19,9.28,14.23,8.78,7.0,6.29,9.97,12.37,7.68,7.97,6.27,9.27,6.82,8.07,12.79,5.79,8.03,6.28,8.19
2001-10-01,7.29,7.49,8.95,12.49,7.74,11.34,8.74,8.7,7.79,8.52,6.29,8.78,7.43,7.65,5.79,7.82,12.85,7.41,13.97,8.04,7.32,6.86,7.13,7.27,8.67,6.91,6.57,12.68,9.76,9.29,9.16,14.22,8.35,6.66,6.69,9.95,11.68,7.97,7.77,6.46,9.11,6.44,8.03,13.07,5.82,8.0,6.56,7.08
2001-11-01,7.16,7.5,7.17,12.12,7.11,11.04,8.58,8.7,7.36,7.84,6.52,8.05,7.32,7.09,5.67,6.59,12.74,7.13,12.68,8.1,7.27,6.63,7.13,7.1,8.23,6.31,6.31,11.73,9.79,8.61,9.45,13.53,7.95,6.15,7.08,9.63,11.56,7.78,7.38,6.51,8.4,6.5,7.74,12.67,6.14,7.9,6.41,6.94
2001-12-01,6.97,7.4,7.26,12.26,7.63,10.75,8.44,8.58,7.05,7.78,6.51,7.93,6.79,6.99,5.54,6.38,11.96,7.01,12.85,7.88,7.02,6.37,6.99,6.95,8.06,5.87,6.04,12.01,9.68,8.46,9.24,13.25,7.69,6.02,7.15,9.43,11.4,7.73,7.0,6.55,8.23,6.33,7.5,12.61,6.23,7.95,6.25,6.55
2002-01-01,6.54,6.8,7.01,13.03,6.84,10.65,7.89,8.38,7.04,7.65,6.56,7.53,6.48,6.91,5.26,6.27,11.65,6.92,10.66,8.09,7.05,6.16,6.5,6.83,7.8,5.64,5.7,11.91,9.66,8.16,9.41,12.95,7.59,5.65,7.1,9.21,10.34,7.38,6.72,6.26,8.11,6.66,7.15,12.67,6.34,7.86,6.0,6.33
2002-02-01,6.96,7.03,7.17,12.58,6.93,10.86,8.09,8.57,7.38,7.91,6.44,8.02,6.82,7.07,5.51,6.42,10.9,7.03,11.65,8.04,7.21,6.37,6.75,6.93,8.04,5.83,5.94,11.32,9.74,7.41,9.47,13.0,7.84,6.04,7.08,9.47,10.28,7.65,6.94,6.34,7.98,6.34,7.48,12.35,6.31,8.06,6.06,6.53
2002-03-01,7.03,7.0,7.46,12.58,6.95,10.94,8.17,8.53,7.35,7.89,6.13,8.03,6.92,7.11,5.48,6.33,11.1,7.0,16.06,8.04,7.11,6.46,6.78,6.74,8.08,5.83,5.98,11.58,9.7,7.76,9.34,12.81,7.78,5.96,7.21,9.37,9.29,7.66,6.89,6.37,7.79,6.35,7.51,12.78,6.31,8.02,6.14,6.51
2002-04-01,7.38,7.14,7.69,12.05,7.2,11.07,8.43,8.44,7.53,8.16,6.09,8.31,7.19,7.44,5.71,6.54,11.4,7.23,12.63,8.03,7.22,6.63,7.38,6.88,8.25,6.1,6.17,12.43,10.25,8.37,9.5,12.69,8.18,6.18,7.2,9.54,10.41,7.95,7.21,6.51,7.98,6.61,7.77,12.81,6.3,8.08,6.26,6.77
2002-05-01,7.22,7.41,9.37,12.82,7.83,11.24,8.71,8.1,7.72,8.51,6.57,8.78,7.54,7.79,5.94,7.1,10.66,8.12,12.97,8.1,7.51,7.72,7.54,7.08,8.26,6.63,6.71,12.17,10.62,9.25,9.82,13.3,9.04,6.69,7.1,9.93,10.01,7.9,7.57,6.58,8.15,6.8,8.17,12.57,6.39,8.32,6.43,7.15
2002-06-01,7.32,7.8,8.97,12.87,7.74,11.16,9.47,7.61,8.09,8.97,7.03,8.93,7.08,7.8,5.85,7.69,10.92,8.72,13.07,8.56,8.37,8.22,7.76,7.35,8.14,7.25,7.4,11.68,11.01,8.86,9.9,14.01,8.65,7.51,7.16,10.34,10.65,7.89,8.06,6.52,8.5,6.98,8.36,12.92,6.39,8.44,6.53,7.2
2002-07-01,7.39,7.72,8.65,13.28,7.38,11.14,9.36,8.07,8.16,8.79,6.96,8.95,6.75,8.4,5.77,7.67,10.75,8.69,12.91,8.67,7.98,8.05,7.73,7.68,8.36,7.23,7.76,12.25,11.14,8.84,9.52,14.19,8.84,7.41,7.14,10.27,9.56,7.84,7.9,6.35,8.49,7.2,8.34,13.05,6.31,8.13,6.25,7.54
2002-08-01,7.34,7.5,8.78,12.92,7.54,11.02,9.33,8.09,8.24,8.85,7.08,8.89,6.86,8.14,5.78,7.46,10.56,8.52,12.46,8.63,7.96,7.92,7.52,7.88,8.35,7.23,7.66,11.42,11.02,8.86,8.38,14.16,8.73,7.1,7.23,10.21,10.42,7.79,7.88,6.34,8.07,7.15,8.31,12.89,6.33,8.16,6.24,7.39
2002-09-01,7.28,7.59,8.79,11.61,7.73,10.91,9.4,8.09,8.02,8.83,6.81,8.92,7.02,8.13,5.8,7.45,10.68,8.35,13.75,8.48,7.63,7.23,7.48,7.86,8.46,7.22,7.58,11.6,10.77,8.78,9.74,14.42,8.6,7.37,7.16,10.04,10.2,7.76,7.93,6.36,8.04,7.16,8.03,12.95,6.22,8.22,6.25,7.69
2002-10-01,7.14,6.87,8.99,11.98,7.91,11.2,8.65,8.14,7.55,8.4,6.77,8.61,7.41,7.67,5.84,7.22,10.87,7.67,13.59,8.02,7.21,6.62,7.25,7.63,8.63,6.61,6.72,12.77,9.86,8.94,9.66,13.87,8.36,7.1,6.98,9.87,10.5,7.78,7.7,6.52,7.51,6.85,7.8,12.93,6.24,8.23,6.48,7.81
2002-11-01,7.27,7.08,7.37,12.55,7.38,10.94,8.47,8.21,7.46,7.98,6.55,7.83,6.79,7.28,5.68,7.11,11.04,7.38,12.34,8.05,7.14,6.45,7.33,7.25,8.36,6.03,6.3,11.92,9.96,8.47,9.51,13.37,7.93,6.53,7.08,9.48,10.62,7.93,7.17,6.58,7.44,6.61,7.59,12.76,6.18,8.27,6.43,6.9
2002-12-01,6.64,6.69,7.46,13.31,7.14,10.55,8.0,7.92,6.42,7.85,6.46,7.46,6.55,7.06,5.34,7.08,10.78,6.82,12.29,8.28,7.11,6.11,6.94,7.09,7.73,5.99,5.97,11.82,9.86,8.26,9.53,13.19,7.41,6.14,7.0,9.17,10.37,7.31,6.96,6.36,8.07,6.51,7.05,12.7,6.19,8.37,6.06,6.73
2003-01-01,6.89,6.44,7.06,12.81,7.53,10.54,7.77,8.09,7.16,7.74,6.53,7.4,6.48,6.96,5.41,6.68,10.5,6.89,11.97,8.21,7.14,5.99,6.8,6.93,7.9,5.8,5.75,11.43,9.59,8.15,9.37,12.77,7.4,6.08,7.0,8.91,9.8,7.61,6.86,6.31,7.71,6.59,7.08,12.32,6.21,8.11,5.99,6.54
2003-02-01,6.86,6.54,7.57,12.41,7.78,10.5,7.61,7.99,7.07,7.86,6.53,7.6,6.57,7.14,5.43,6.59,10.83,6.84,12.33,8.16,7.2,6.02,6.88,7.04,7.84,5.79,5.93,11.76,9.84,8.34,9.66,13.3,7.57,6.55,6.92,8.93,11.32,7.5,6.84,6.3,8.11,6.71,7.12,12.33,6.23,8.27,5.92,6.69
2003-03-01,7.18,7.0,7.59,11.42,7.75,10.68,7.82,8.21,7.45,8.15,6.6,7.88,6.84,7.38,5.7,7.67,11.05,6.99,12.29,8.2,7.33,6.25,7.45,7.07,8.14,5.93,6.07,11.89,9.88,8.46,9.63,13.91,7.76,7.5,7.01,9.11,10.24,7.86,6.99,6.44,9.02,6.66,7.42,12.51,6.24,8.37,6.15,6.71
2003-04-01,7.81,7.28,7.82,12.51,8.0,10.93,8.31,8.87,7.72,8.72,6.49,8.54,7.59,7.68,5.95,8.0,10.75,7.27,12.7,8.19,7.43,6.85,7.83,7.31,8.58,6.46,6.45,11.99,10.0,8.71,9.75,14.55,8.45,7.69,6.99,9.43,10.18,8.37,7.4,6.66,9.03,6.91,7.81,12.81,6.3,8.79,6.48,6.9
2003-05-01,7.18,7.51,9.52,12.74,8.61,11.8,8.64,8.56,7.8,8.96,6.43,8.83,7.53,7.8,5.97,8.23,11.56,7.91,13.44,8.23,7.76,7.76,7.94,7.5,8.45,7.05,6.81,12.19,10.31,8.65,9.34,14.77,8.83,7.88,7.07,9.82,11.46,8.19,7.72,6.64,9.35,6.91,8.26,12.92,6.34,8.88,6.61,7.33
2003-06-01,7.72,8.12,9.09,13.12,8.5,11.87,9.56,8.51,8.18,9.37,6.31,9.23,7.37,8.14,6.2,8.3,12.05,8.79,13.81,8.59,8.45,8.05,8.26,7.79,8.33,7.51,7.99,12.33,10.67,9.05,8.68,14.98,8.96,8.54,7.18,10.19,11.22,8.2,8.31,6.53,10.07,7.39,8.44,13.17,6.36,9.1,6.51,7.47
2003-07-01,7.64,7.84,8.78,13.5,8.34,11.57,9.36,8.49,8.25,9.12,6.15,9.06,6.9,8.14,5.92,8.38,11.89,8.77,11.83,8.71,8.26,7.92,8.04,8.03,8.41,7.41,7.94,12.04,11.02,8.96,8.61,15.14,9.02,8.4,7.17,10.28,12.7,8.03,8.05,6.44,9.97,7.11,8.39,13.09,6.37,8.9,6.35,7.63
2003-08-01,7.67,7.84,8.74,12.9,8.17,11.61,9.37,8.72,8.4,9.06,6.15,8.97,7.03,8.23,5.91,8.44,12.11,8.74,12.64,8.7,8.37,7.85,7.97,8.3,8.57,7.35,7.9,12.08,12.08,9.12,8.67,14.94,8.68,8.36,7.13,10.22,12.59,8.19,7.98,6.42,9.89,7.16,8.34,13.09,6.36,8.87,6.28,7.36
2003-09-01,7.51,7.46,8.7,10.08,8.3,12.01,9.39,8.74,8.0,8.98,6.18,8.85,7.19,8.35,5.83,8.41,12.64,8.74,12.0,8.54,7.71,6.97,7.74,8.25,8.68,7.34,7.85,12.26,12.02,9.07,8.73,14.92,8.72,7.95,7.1,10.08,12.54,8.13,7.93,6.41,9.52,7.15,8.08,13.16,6.37,8.94,6.34,7.62
2003-10-01,7.46,7.02,8.83,10.47,8.6,12.41,8.76,8.88,7.9,8.65,6.15,8.67,7.65,7.67,6.16,8.12,12.0,7.71,11.63,8.08,7.45,6.92,7.48,8.01,8.97,7.02,6.83,12.31,10.41,8.96,8.97,14.75,8.48,7.43,7.09,9.79,11.92,8.31,7.85,7.03,8.93,6.9,7.95,13.06,6.34,8.79,6.54,7.91
2003-11-01,7.67,6.98,7.21,12.54,8.18,11.42,8.68,8.98,7.53,8.21,5.82,8.12,7.52,7.26,6.1,7.31,12.01,7.36,12.61,8.24,7.22,6.67,7.43,7.6,8.68,6.13,6.46,12.08,10.63,8.45,9.33,14.23,8.23,6.63,7.09,9.6,12.21,8.59,7.3,7.07,8.59,6.53,7.67,12.96,6.26,8.71,6.4,7.0
2003-12-01,7.26,6.55,7.55,12.45,8.02,11.02,8.14,8.65,6.72,7.96,5.69,7.56,6.69,6.85,5.68,7.12,11.98,7.0,12.0,8.22,7.31,6.17,7.03,7.31,7.87,5.7,5.94,11.74,10.59,8.17,9.07,13.63,7.7,5.75,7.07,9.17,12.79,7.75,6.93,6.79,8.38,6.62,7.23,12.72,6.41,8.51,5.96,6.16
2004-01-01,6.97,6.51,7.27,12.59,7.98,11.48,7.83,8.8,7.05,8.06,5.75,7.37,6.51,6.96,5.58,7.29,11.2,6.84,11.64,8.14,7.34,6.01,7.2,7.15,7.92,5.89,5.76,11.61,10.52,8.13,8.94,13.32,7.59,6.37,7.15,8.8,11.9,7.66,6.83,6.7,8.61,6.57,7.39,12.48,6.34,8.59,5.97,6.51
2004-02-01,7.2,6.5,7.49,12.39,8.08,11.81,7.65,8.84,7.31,8.05,5.77,7.58,6.62,6.92,5.65,7.28,11.69,6.88,12.15,8.21,7.35,6.08,7.23,7.14,8.04,5.85,5.97,12.39,10.68,8.35,9.09,14.02,7.69,6.62,7.28,8.91,12.25,7.66,6.87,6.74,8.55,6.64,7.3,12.47,6.62,8.73,5.96,6.75
2004-03-01,7.66,6.86,7.61,12.14,8.23,12.03,8.11,8.94,7.61,8.42,5.77,8.18,7.21,7.33,5.93,7.65,11.36,7.07,12.33,8.08,7.47,6.57,7.64,7.66,8.32,6.23,6.21,12.33,10.85,8.3,9.17,13.98,8.27,7.32,7.1,9.2,12.17,7.43,7.2,6.9,8.93,6.58,7.67,12.75,6.31,8.77,6.19,6.72
2004-04-01,8.14,7.43,8.05,11.43,8.4,12.09,8.41,9.91,7.8,8.7,5.75,8.46,7.61,7.81,6.16,7.83,11.56,7.23,12.11,8.11,7.55,6.86,8.28,7.79,8.54,6.64,6.78,12.37,10.82,8.55,9.95,14.03,8.56,7.93,7.15,9.44,11.59,8.65,7.65,7.05,9.39,6.99,7.95,12.88,6.27,9.07,6.32,7.32
2004-05-01,7.78,7.64,9.26,11.97,8.65,12.34,8.78,8.95,7.97,8.95,6.17,8.76,7.63,7.82,6.25,8.06,11.43,7.96,12.67,8.19,7.94,7.66,8.44,8.06,8.44,7.15,6.93,12.79,10.95,8.95,9.99,14.2,8.78,7.49,7.19,9.83,11.8,8.26,7.94,7.1,9.76,7.55,8.41,13.07,6.28,9.27,6.51,7.46
2004-06-01,7.76,8.0,9.1,12.4,8.67,12.35,9.65,8.86,8.14,9.56,6.69,8.98,7.44,8.02,6.28,8.23,11.55,8.78,12.37,8.81,8.54,7.91,8.67,8.34,8.22,7.83,7.9,12.74,12.07,8.92,9.65,14.99,9.09,8.75,7.09,10.22,11.96,8.22,8.41,6.89,10.44,7.78,8.49,13.33,6.34,9.48,6.36,7.75
2004-07-01,7.91,7.87,8.88,12.19,8.56,12.56,9.61,8.93,8.4,9.79,6.61,9.13,7.37,8.31,6.23,8.34,11.73,8.86,12.78,8.63,8.79,7.94,8.75,8.38,8.56,7.9,8.23,12.75,12.39,9.04,9.67,15.36,8.97,8.59,7.18,10.21,12.26,8.22,8.4,6.82,10.48,7.77,8.59,13.16,6.34,9.4,6.3,7.82
2004-08-01,7.87,7.96,8.87,12.5,8.61,12.43,9.63,8.93,8.52,9.98,6.61,9.05,7.55,8.52,6.2,8.86,11.96,9.03,12.12,8.56,8.57,7.88,8.85,8.33,8.75,7.94,8.21,12.73,12.47,9.07,9.65,15.32,9.13,8.36,7.21,10.2,12.3,8.34,8.28,6.85,10.71,7.76,8.54,13.21,6.37,9.34,6.27,7.71
2004-09-01,7.82,7.79,8.96,12.18,8.74,10.95,9.62,8.99,8.4,9.53,6.46,8.99,7.53,8.29,6.29,8.52,12.22,8.53,11.87,8.54,8.28,7.29,8.66,8.44,8.96,7.86,7.99,13.24,12.47,9.1,9.76,15.1,8.83,8.27,7.17,10.17,11.57,8.51,8.23,6.89,10.32,7.58,8.4,13.23,6.35,9.32,6.39,7.72
2004-10-01,7.75,7.09,8.79,11.43,8.85,10.76,8.93,9.0,7.9,9.13,6.34,8.52,7.97,7.62,6.53,8.28,12.05,7.65,12.28,8.14,7.8,6.66,8.23,8.09,9.11,7.23,6.87,13.1,10.14,9.01,10.09,14.93,8.64,8.14,7.26,9.69,12.73,8.43,8.02,7.06,9.57,7.29,8.17,13.29,6.51,9.11,6.53,7.84
2004-11-01,7.63,7.46,8.05,12.5,8.59,10.65,8.84,9.12,7.78,8.71,6.05,8.03,7.86,7.64,6.53,7.46,12.17,7.59,12.0,8.26,7.65,6.57,8.11,7.94,8.87,6.72,6.74,12.45,10.03,8.35,10.38,14.88,8.5,7.09,7.22,9.59,12.27,8.71,7.54,7.14,9.37,6.84,7.94,13.33,6.32,9.08,6.46,7.28
2004-12-01,7.16,6.98,7.86,12.4,7.74,10.23,8.43,8.87,7.07,8.67,5.86,7.58,7.01,7.07,6.17,7.98,12.16,7.38,11.98,8.25,7.76,6.14,7.94,7.72,8.14,6.28,6.12,11.93,10.02,8.17,10.1,14.29,7.92,6.82,7.2,9.14,13.36,7.85,7.2,6.88,9.24,6.98,7.45,12.56,6.4,8.86,6.01,6.76
2005-01-01,7.0,6.65,7.75,12.19,8.64,12.67,8.05,9.21,7.73,8.34,5.91,7.27,6.78,6.84,6.19,7.45,12.8,7.61,13.7,8.14,7.49,5.97,7.34,7.37,8.1,5.79,5.75,11.98,10.53,8.48,9.99,14.05,7.71,6.28,7.21,9.11,12.11,7.96,6.8,6.71,9.15,6.93,7.51,12.67,6.46,8.99,5.92,6.81
2005-02-01,7.23,6.86,7.99,12.33,8.73,13.1,7.89,9.38,7.84,8.69,5.89,7.83,7.15,7.2,6.2,7.73,13.35,7.65,14.35,8.24,7.61,6.3,7.64,7.54,8.3,6.07,6.19,13.5,10.58,8.81,10.24,14.53,7.85,6.86,7.2,9.26,10.64,8.27,7.1,6.78,9.5,7.01,7.57,12.8,6.43,9.2,6.03,7.16
2005-03-01,7.58,7.23,8.19,11.28,8.8,12.95,8.03,9.55,8.13,8.89,5.9,7.96,7.16,7.5,6.24,7.81,13.1,7.75,12.81,8.14,7.75,6.45,8.15,7.74,8.35,6.26,6.47,13.29,10.69,8.57,10.26,14.4,8.05,7.24,7.19,9.31,12.54,8.39,7.32,6.85,10.05,7.14,7.72,12.78,6.42,9.27,6.19,7.19
2005-04-01,7.87,7.79,8.67,12.12,8.81,13.58,8.56,9.66,8.0,9.25,5.93,8.46,7.89,7.88,6.73,7.74,13.03,7.86,13.2,8.27,8.08,6.81,8.44,7.98,8.72,6.86,6.64,13.89,10.45,8.78,10.46,14.64,8.47,7.59,7.22,9.72,12.6,8.81,7.68,7.05,10.15,7.38,8.41,13.11,6.53,9.56,6.32,7.36
2005-05-01,8.19,8.01,9.6,12.57,9.14,13.7,9.0,9.64,8.47,9.58,6.13,8.74,8.11,7.71,6.9,8.12,13.31,8.94,13.14,8.2,8.32,7.73,8.69,8.4,8.85,7.42,7.17,13.58,10.99,9.05,10.33,15.36,8.97,7.57,7.18,10.06,12.67,8.96,8.24,7.15,10.72,7.65,8.37,13.09,6.55,9.78,6.63,7.63
2005-06-01,8.31,8.34,9.41,13.4,9.11,13.91,9.91,9.56,8.93,9.94,6.9,8.88,7.69,7.92,6.61,8.86,13.16,9.35,14.39,8.73,9.1,8.16,8.76,8.5,8.57,8.05,8.0,12.86,12.5,9.21,9.89,15.58,9.15,8.28,7.25,10.5,12.85,8.68,8.58,6.96,11.21,7.93,8.68,13.0,6.6,9.93,6.41,7.88
2005-07-01,8.25,8.31,9.3,13.16,9.01,13.9,9.84,9.58,9.08,9.71,6.89,8.97,7.3,8.29,6.63,9.08,13.08,9.23,13.62,8.84,8.74,8.04,8.78,8.54,8.67,7.91,8.27,12.75,12.95,9.39,9.84,15.63,8.98,8.15,7.25,10.41,13.17,8.79,8.3,6.82,11.29,8.01,8.76,12.92,6.58,9.89,6.18,8.09
2005-08-01,8.18,8.48,9.28,13.43,8.97,13.98,9.81,9.66,9.31,9.96,6.87,8.87,7.38,8.55,6.71,9.26,13.19,9.34,13.55,8.75,8.63,7.93,8.96,8.52,8.76,7.98,8.32,13.7,13.27,9.47,9.9,16.16,9.08,8.36,7.29,10.36,13.08,8.84,8.07,6.82,11.47,8.12,8.71,13.02,6.61,9.92,6.15,7.95
2005-09-01,8.47,8.84,9.3,12.14,9.08,14.63,9.9,9.69,9.45,9.71,6.61,8.91,7.63,8.74,6.57,9.28,13.66,9.15,14.47,8.58,8.76,7.22,9.25,8.63,8.94,8.23,8.24,15.05,12.74,9.35,9.97,16.69,8.94,9.31,7.24,10.36,13.62,8.91,8.35,6.9,11.66,7.95,8.97,13.06,6.59,9.97,6.33,8.11
2005-10-01,8.14,8.37,9.23,11.3,9.11,14.24,9.14,9.8,8.66,9.22,6.6,8.54,8.23,8.27,6.97,9.99,13.28,8.24,12.54,8.11,8.47,6.85,9.23,8.33,9.38,7.73,7.06,14.16,11.42,9.68,10.73,17.36,8.7,9.12,7.24,10.02,13.44,8.9,8.3,7.33,11.6,7.33,8.1,13.19,6.58,9.91,6.55,7.95
2005-11-01,8.61,8.37,8.12,12.8,9.76,13.93,9.23,9.91,8.65,9.03,6.27,8.04,8.21,7.77,6.85,10.65,14.45,8.24,13.73,8.21,8.13,6.72,9.79,8.4,9.18,7.11,6.79,13.75,11.09,9.42,11.27,17.57,8.55,8.25,7.35,10.05,14.48,8.95,7.86,7.42,11.5,7.1,7.92,13.16,6.59,9.83,6.38,7.54
2005-12-01,8.03,8.12,7.88,12.91,9.62,13.42,8.68,9.81,8.64,8.7,6.08,7.38,7.25,7.24,6.52,9.74,14.9,7.88,10.84,8.15,8.05,6.24,9.27,7.92,8.43,6.33,6.2,14.18,11.13,9.2,10.8,16.53,7.81,7.46,7.41,9.36,15.0,8.79,7.22,7.3,11.42,7.16,7.44,12.92,6.68,9.69,5.92,6.92
2006-01-01,7.73,8.15,8.05,13.14,9.05,14.91,8.66,11.04,8.09,8.93,6.14,7.43,7.44,7.66,6.45,8.89,17.05,8.36,13.69,9.13,8.12,6.32,9.61,7.7,8.57,6.37,5.97,14.2,11.21,9.25,10.77,16.61,8.28,8.76,7.03,9.51,14.94,8.56,6.98,7.19,11.91,7.23,7.68,12.92,5.74,10.03,5.92,6.87
2006-02-01,8.14,8.08,8.21,13.45,9.23,16.3,8.87,11.15,8.41,9.32,6.3,7.93,7.74,7.59,6.52,9.59,17.64,8.25,13.7,9.21,8.33,6.47,9.97,8.34,8.77,6.5,6.73,14.84,11.34,9.04,10.88,16.66,8.87,8.59,7.38,9.93,14.74,8.65,7.39,7.29,12.12,7.25,7.92,13.1,6.73,10.08,6.18,7.22
2006-03-01,8.27,8.07,8.38,13.72,9.47,15.77,8.91,11.2,8.4,9.45,6.31,7.91,8.01,7.75,6.71,8.67,17.17,8.31,13.89,9.16,7.98,6.65,10.15,7.93,8.74,6.41,6.65,14.9,11.36,8.95,11.04,15.89,8.78,8.2,7.37,9.82,15.83,8.59,7.41,7.37,12.42,7.25,7.99,13.07,6.75,10.28,6.16,7.38
2006-04-01,8.96,8.55,8.92,13.99,9.2,17.64,9.41,11.3,8.65,9.59,6.41,8.46,8.96,8.39,7.22,8.76,16.48,8.62,13.7,10.0,8.38,7.23,10.15,7.99,9.16,6.88,7.02,15.27,11.31,8.84,11.08,16.36,9.33,8.85,7.4,10.28,15.46,9.05,7.65,8.0,12.72,7.32,8.43,13.39,6.77,10.72,6.43,7.75
2006-05-01,8.69,8.69,10.19,14.04,8.98,17.03,12.1,11.31,8.76,9.95,6.62,8.92,9.16,8.38,7.43,8.82,16.47,9.42,13.72,9.8,8.81,8.17,10.2,8.25,9.23,7.53,7.62,15.88,11.46,8.97,11.3,16.56,9.94,8.27,7.54,10.78,15.47,9.08,8.35,8.2,12.98,7.68,8.96,13.69,6.86,10.96,6.79,8.04
2006-06-01,9.35,8.91,10.05,15.17,8.76,16.77,13.94,11.39,9.3,9.79,6.46,8.88,8.46,8.55,7.32,9.09,16.22,10.74,13.84,9.96,9.26,8.45,10.23,8.46,9.03,7.89,8.16,15.14,14.01,9.04,10.97,17.33,10.16,8.64,7.56,10.99,15.7,9.18,8.32,8.03,13.41,8.05,9.05,13.61,6.91,10.25,6.44,8.18
2006-07-01,9.18,9.14,9.9,16.65,9.14,16.41,13.72,11.4,9.65,10.03,6.33,9.15,8.21,8.87,7.21,9.07,16.05,10.6,13.53,10.25,9.45,8.46,9.59,8.45,9.2,8.07,8.51,14.49,14.57,9.16,10.94,17.56,10.03,8.58,7.64,11.0,15.06,9.09,8.43,7.95,13.31,8.08,9.0,13.47,6.98,10.67,6.34,8.25
2006-08-01,9.56,9.77,9.88,14.89,9.29,17.48,13.52,11.47,9.93,10.2,6.34,8.92,8.29,8.84,7.23,9.14,16.85,10.6,13.67,10.47,9.16,8.34,9.65,8.41,9.31,8.01,8.47,13.79,14.75,9.3,10.95,17.74,9.93,9.1,7.62,10.78,15.23,9.26,8.0,7.88,13.35,8.14,9.01,13.5,7.07,10.74,6.34,8.17
2006-09-01,9.13,9.51,9.89,14.57,9.07,18.64,13.62,11.47,9.21,10.53,6.22,9.21,8.49,9.07,7.24,9.7,16.59,11.06,13.74,9.94,8.7,7.81,9.56,8.83,9.68,8.25,8.51,14.39,13.85,9.27,11.04,17.92,9.89,9.85,7.68,10.55,15.33,9.29,8.31,7.91,13.25,7.77,8.87,13.73,7.11,10.81,6.77,8.43
2006-10-01,8.64,9.06,9.88,12.2,8.93,17.34,13.71,11.45,8.89,9.87,6.13,8.73,8.73,8.15,7.25,10.16,16.18,10.69,14.13,9.65,8.9,7.33,9.19,8.83,9.76,7.75,7.36,14.95,12.54,9.37,11.58,17.22,9.57,8.79,7.66,10.6,15.08,9.29,8.42,7.98,13.18,7.38,8.73,13.74,7.13,10.79,6.81,8.31
2006-11-01,8.45,8.94,8.74,14.47,8.68,16.92,13.4,11.41,8.33,9.13,5.94,7.78,8.14,7.53,6.98,8.9,15.74,9.91,14.06,9.63,8.67,6.75,9.12,8.45,9.23,6.95,7.11,14.22,12.17,8.74,11.79,16.33,9.05,8.02,7.63,10.1,14.34,9.34,7.88,7.85,12.52,7.1,8.47,13.57,7.21,10.52,6.43,7.83
2006-12-01,8.09,8.59,8.56,14.47,8.45,17.97,12.9,11.19,8.04,8.69,5.67,7.55,7.74,7.22,6.94,8.42,16.63,9.94,14.03,9.65,8.18,6.48,8.55,8.23,8.85,6.42,6.63,14.6,12.44,8.64,11.23,15.88,8.53,6.46,7.51,10.06,14.28,8.86,7.41,7.61,11.91,7.31,7.85,13.2,7.18,10.35,6.23,7.49
2007-01-01,8.62,8.24,8.33,14.98,8.98,18.74,12.44,11.06,8.16,8.83,5.7,9.63,7.51,7.37,6.9,8.86,17.87,9.67,15.16,9.92,8.63,6.61,8.69,8.19,8.85,6.35,6.47,14.93,12.48,8.46,11.21,16.09,8.82,7.0,7.69,10.28,13.91,8.86,7.32,7.63,12.08,7.56,8.17,13.67,7.02,10.5,6.31,7.29
2007-02-01,8.73,8.12,8.46,14.18,9.22,19.23,12.01,10.99,8.39,8.57,5.77,9.62,7.36,7.46,6.88,9.04,16.82,9.5,15.17,10.31,8.56,6.4,8.58,8.21,8.88,6.22,6.4,14.69,12.56,8.77,11.37,15.89,8.55,7.64,7.6,10.25,13.25,8.89,7.17,7.46,11.97,7.9,8.02,13.95,6.93,10.58,6.2,7.28
2007-03-01,9.06,8.86,8.8,13.82,9.43,19.2,12.24,11.16,8.77,9.01,5.89,9.81,7.97,7.92,7.06,9.13,16.95,9.89,17.0,10.07,8.85,6.83,9.12,8.56,9.21,6.94,6.78,14.87,12.52,8.86,11.52,16.83,8.76,8.62,7.65,10.25,13.44,8.98,7.6,7.69,12.46,7.69,8.28,13.81,6.92,10.51,6.35,7.5
2007-04-01,9.58,8.63,9.19,13.74,9.46,19.98,12.95,11.23,9.12,9.61,6.0,10.42,8.8,8.35,7.67,9.7,16.62,9.98,16.85,10.0,9.29,7.41,9.7,8.77,9.61,6.84,7.34,14.92,12.51,9.03,11.5,17.14,9.6,8.89,7.75,10.75,14.05,9.35,8.01,7.97,12.56,7.77,8.69,14.29,7.0,10.85,6.75,7.8
2007-05-01,9.39,8.52,10.2,14.15,9.62,19.65,13.54,11.18,8.93,9.87,6.09,10.17,8.87,8.41,7.55,9.91,15.66,10.61,16.87,10.12,9.23,7.99,9.84,8.92,9.48,7.82,7.6,15.19,13.05,9.22,11.26,17.5,9.95,8.63,7.8,11.32,13.52,9.29,8.41,8.06,12.62,8.13,8.93,14.37,7.03,11.2,6.96,8.03
2007-06-01,9.66,8.74,9.96,14.72,9.72,19.93,13.79,11.23,9.56,9.86,6.97,10.58,8.37,8.96,7.46,9.5,16.68,13.77,16.73,10.69,9.72,8.96,9.75,9.44,9.32,8.4,8.71,14.96,15.52,9.38,11.55,18.17,10.34,8.76,8.29,11.64,14.31,9.29,8.7,7.89,12.73,8.62,9.34,14.49,7.29,11.15,6.73,8.22
2007-07-01,9.46,9.19,10.37,15.13,9.09,18.82,13.7,11.29,9.78,9.91,6.98,9.89,8.31,8.92,7.35,9.64,15.58,13.56,16.7,10.46,9.75,8.86,9.54,9.4,9.67,8.3,8.82,14.96,16.03,9.37,12.13,17.27,10.4,8.98,8.78,11.46,14.33,9.31,8.58,7.74,12.51,8.83,9.32,14.16,7.65,11.02,6.9,8.11
2007-08-01,9.94,9.09,10.33,15.11,8.97,19.09,13.65,11.28,9.99,10.04,6.98,10.29,8.41,8.63,7.38,9.54,15.78,13.55,16.79,10.69,9.46,8.93,9.63,9.12,9.51,8.02,8.77,14.7,16.3,9.29,11.94,17.96,10.46,8.86,8.74,11.57,13.16,9.33,8.45,7.76,12.4,8.75,9.33,14.16,7.41,11.01,7.09,7.9
2007-09-01,9.33,9.02,10.17,15.1,9.17,18.9,13.68,11.3,9.61,9.79,6.78,10.31,8.55,8.56,7.31,9.24,16.15,13.4,16.93,10.1,9.03,7.89,9.3,9.2,9.64,8.26,8.84,14.67,15.28,9.29,11.88,17.15,10.01,9.72,8.84,11.3,15.51,9.2,8.81,7.61,12.44,8.42,9.15,14.29,7.62,10.98,6.98,8.28
2007-10-01,9.44,8.72,10.16,12.53,9.34,19.21,13.77,11.31,8.77,9.66,6.78,10.74,8.93,8.1,7.63,9.71,15.91,13.32,16.94,9.82,9.27,7.29,9.49,9.13,10.01,7.91,7.62,15.19,13.67,9.47,12.59,17.48,9.55,9.27,8.71,11.36,14.16,9.38,8.66,8.24,12.42,7.89,8.97,14.61,7.6,11.07,7.28,8.24
2007-11-01,9.41,9.04,9.08,14.37,9.35,18.78,13.68,11.34,8.62,9.25,6.54,10.58,8.83,7.67,7.76,8.88,15.57,12.67,16.86,10.0,9.09,7.37,9.49,8.42,9.58,7.38,7.27,14.81,13.51,9.25,12.6,16.94,9.6,8.84,8.57,11.08,14.65,9.32,8.2,8.37,12.03,7.7,8.64,14.37,7.52,10.95,7.06,7.8
2007-12-01,9.03,8.4,8.89,14.46,9.01,18.31,12.94,11.19,8.45,8.83,6.31,9.71,7.89,7.29,7.55,9.19,15.24,12.88,16.74,10.03,9.14,6.88,9.23,8.61,9.19,6.98,6.6,14.79,13.63,9.07,12.29,16.66,8.96,7.87,8.44,10.53,14.62,9.06,7.78,8.13,11.75,7.78,8.21,13.9,7.55,10.66,6.74,7.39
2008-01-01,9.2,7.94,8.85,13.73,8.95,18.35,12.57,11.05,8.55,8.37,6.32,9.56,7.79,7.49,7.04,8.49,16.81,12.92,15.62,10.25,9.14,6.58,9.11,8.53,8.75,6.61,6.48,14.78,13.92,8.93,12.0,16.87,8.87,7.21,8.45,10.47,15.35,9.05,7.47,7.85,11.65,7.72,8.19,13.9,7.43,10.68,6.58,7.34
2008-02-01,9.16,8.1,9.02,13.36,9.25,18.68,12.61,10.96,8.66,8.35,6.43,9.88,8.01,7.6,7.23,8.62,16.49,12.83,15.55,10.11,9.08,6.68,9.01,8.51,8.85,6.97,6.75,14.84,14.01,9.04,12.09,17.32,9.15,7.94,8.45,10.69,15.0,8.98,7.56,7.81,11.35,7.78,8.35,13.98,7.51,11.03,6.67,7.55
2008-03-01,9.3,8.52,9.38,13.15,9.37,18.63,12.96,11.16,9.14,8.88,6.67,10.43,7.91,8.48,7.34,9.44,16.79,12.88,16.38,10.26,9.17,6.94,9.54,8.8,9.17,6.96,7.15,14.85,13.83,9.09,12.54,16.93,9.22,8.18,8.52,10.72,16.87,9.34,7.73,7.95,11.97,7.83,8.56,14.39,7.48,11.09,6.73,7.76
2008-04-01,9.89,9.43,10.02,12.93,10.13,19.66,13.89,11.31,9.44,9.45,6.65,11.02,9.2,8.86,7.81,9.85,16.39,13.37,16.58,10.2,9.2,7.7,10.07,8.9,9.54,7.4,7.45,15.22,13.77,9.47,12.52,18.05,10.01,8.89,8.56,11.13,14.96,9.8,8.0,8.9,12.53,7.89,8.92,14.65,7.46,11.41,7.1,7.98
2008-05-01,10.01,9.71,11.03,13.55,10.4,19.85,14.43,11.4,9.72,9.95,6.82,11.6,9.68,9.15,8.18,10.36,17.75,13.88,16.44,10.23,9.78,8.85,10.53,9.37,9.78,7.73,7.96,15.75,14.27,10.08,12.35,18.74,10.79,9.2,8.34,11.76,22.01,10.2,8.57,9.12,12.94,8.31,9.5,14.84,7.11,11.76,7.29,8.53
2008-06-01,10.96,10.11,11.06,14.5,10.54,19.4,14.59,11.58,10.92,10.27,7.65,11.57,9.03,9.75,8.19,10.38,17.33,14.27,16.28,11.06,10.43,9.29,10.5,9.72,9.52,8.62,9.38,15.85,16.83,10.86,12.06,19.41,10.85,9.91,8.63,12.11,16.08,10.31,9.07,8.89,13.43,8.62,9.64,14.66,7.65,12.05,7.07,8.86
2008-07-01,11.08,10.06,10.95,14.4,10.95,19.16,14.46,11.75,11.09,10.34,7.48,11.41,9.16,10.25,8.28,11.27,17.62,14.6,16.42,11.57,10.75,9.3,11.41,9.96,9.85,8.5,8.92,15.99,17.65,11.04,11.76,19.75,10.88,10.26,8.64,12.22,17.89,10.17,9.0,8.96,14.06,8.79,10.77,14.52,7.7,11.94,7.22,8.94
2008-08-01,11.06,9.79,10.86,14.56,11.09,21.08,14.49,12.11,11.05,10.7,7.55,11.24,9.21,9.73,8.16,11.8,18.08,14.58,16.3,11.74,10.45,9.17,11.32,9.89,9.84,8.4,9.16,16.02,17.75,11.21,11.23,20.93,10.8,10.43,8.57,11.93,18.12,10.31,8.83,8.87,13.84,8.86,10.82,14.54,7.71,12.02,7.52,8.77
2008-09-01,11.07,10.01,10.63,14.02,11.07,20.37,14.7,12.08,10.6,10.34,7.3,11.63,9.39,9.25,7.96,11.27,17.95,14.47,16.43,10.93,10.22,8.45,10.95,9.78,10.02,8.58,9.36,16.26,16.84,10.66,11.29,19.5,10.63,10.21,8.71,11.76,18.0,10.29,9.18,8.93,13.51,8.63,10.53,14.98,7.77,12.15,7.44,8.95
2008-10-01,11.57,9.74,10.46,13.09,10.32,20.74,14.88,12.09,10.22,10.0,7.4,12.05,10.08,8.85,8.78,10.95,19.7,14.65,16.49,10.94,10.02,8.4,10.83,9.36,10.27,8.34,8.07,16.63,15.61,10.36,12.07,17.58,10.64,9.84,8.63,11.81,17.45,10.44,9.09,10.32,13.53,8.25,10.38,14.78,7.73,11.87,7.61,9.02
2008-11-01,11.01,9.42,9.55,14.22,9.97,19.97,14.61,11.97,9.49,8.98,7.25,12.24,9.57,8.51,8.4,10.38,17.87,14.01,16.37,10.61,9.77,7.9,10.63,8.98,9.63,7.57,7.71,16.25,15.27,9.79,12.7,16.97,10.21,8.93,8.44,11.35,19.35,10.08,8.29,10.28,13.28,7.91,10.01,14.7,7.71,11.58,7.3,8.44
2008-12-01,10.19,8.64,9.61,13.7,9.46,19.52,13.76,11.98,9.09,8.99,7.05,10.82,8.63,7.98,8.46,9.28,18.37,13.89,16.27,10.67,9.25,7.2,10.18,8.69,9.29,6.83,6.98,16.16,15.27,9.26,12.23,16.63,9.48,7.38,8.21,10.81,18.63,9.63,7.77,9.95,13.08,7.99,9.83,14.2,7.52,11.07,6.93,7.92
2009-01-01,10.57,8.68,9.51,14.7,9.21,19.65,13.21,12.58,9.48,8.58,7.06,10.79,8.78,8.07,8.17,8.73,18.19,14.38,16.21,10.83,9.29,7.17,9.93,8.51,9.39,6.57,6.98,16.26,15.71,9.49,12.22,16.86,9.4,7.51,8.32,10.8,17.46,10.05,7.63,9.59,12.6,7.94,9.99,14.25,7.54,12.02,7.42,7.82
2009-02-01,10.64,9.04,9.82,14.14,9.44,20.04,13.15,12.74,9.79,8.96,7.23,11.47,9.16,9.22,8.26,8.85,18.0,14.76,16.19,10.64,9.53,7.48,10.1,8.6,9.8,6.92,7.66,16.41,15.93,9.95,12.52,16.75,9.66,9.41,8.53,11.0,17.9,10.34,7.82,9.58,12.84,8.03,10.16,14.73,7.55,11.6,7.65,8.09
2009-03-01,10.61,9.25,9.93,14.14,9.37,20.34,13.62,12.6,9.76,9.43,7.33,11.74,9.8,9.45,8.43,8.65,17.32,14.72,15.34,10.66,9.72,8.04,10.31,8.71,9.79,6.87,7.73,16.64,15.85,10.01,12.74,16.39,10.32,8.25,8.4,11.16,14.81,10.4,7.9,9.81,12.93,8.05,10.24,14.63,7.53,11.49,7.74,8.24
2009-04-01,11.09,9.07,10.65,13.96,9.54,20.59,14.16,12.38,9.82,9.94,7.29,11.97,10.04,9.54,8.57,8.49,17.53,14.8,15.44,10.67,9.76,8.31,10.6,8.73,10.17,7.36,8.07,16.85,15.78,9.6,12.97,16.5,11.0,8.57,8.56,11.57,15.75,10.7,8.22,9.61,12.88,8.11,10.65,15.09,7.6,11.67,7.99,8.41
2009-05-01,10.59,9.23,11.33,15.01,9.68,21.03,14.69,12.26,10.06,10.27,7.39,12.16,10.27,9.86,8.56,8.54,17.69,14.97,15.45,11.73,10.11,9.44,10.72,9.04,10.22,8.26,8.73,16.56,16.05,9.55,12.46,16.87,11.27,8.69,8.76,12.03,15.14,10.67,8.86,9.7,12.84,8.56,11.12,15.08,7.68,11.97,8.08,8.93
2009-06-01,11.24,9.22,11.27,14.77,9.93,20.93,14.8,12.23,10.82,10.91,8.35,11.4,9.78,10.04,8.46,7.64,17.62,15.87,15.54,12.42,10.7,9.91,10.56,9.49,9.98,8.87,9.89,16.6,16.77,10.32,12.02,18.21,11.36,8.26,8.95,12.44,16.44,10.6,9.28,9.47,12.66,9.04,11.16,15.11,7.82,12.65,7.97,9.28
2009-07-01,10.81,9.38,11.3,15.66,10.38,20.48,14.42,12.36,10.8,11.41,8.49,10.97,9.62,9.88,8.57,7.99,16.48,15.9,15.49,12.14,10.93,9.76,10.16,9.58,10.2,8.91,9.98,16.39,17.71,10.67,12.88,18.65,11.49,8.52,8.97,12.42,14.77,10.53,9.33,9.07,12.38,9.05,10.99,14.87,7.79,12.18,7.9,9.17
2009-08-01,10.91,9.43,11.29,15.93,10.4,20.22,14.31,12.25,10.77,11.31,8.42,11.15,9.74,10.19,8.6,7.85,15.92,15.66,15.49,12.46,10.95,9.86,10.14,9.28,10.06,8.93,10.04,16.1,17.38,10.95,13.19,18.19,11.52,8.31,8.95,12.4,14.06,10.38,9.25,9.2,12.15,9.2,10.91,15.07,7.86,12.28,7.94,9.26
2009-09-01,10.85,9.32,11.17,15.53,10.67,20.32,14.4,12.34,10.6,11.21,7.78,11.48,9.93,10.13,8.44,7.92,17.28,15.49,15.64,12.71,10.11,9.24,10.19,9.38,10.39,8.72,9.93,16.11,16.7,10.22,13.27,18.78,11.15,9.94,8.98,11.94,16.38,10.43,9.31,9.16,12.05,8.85,11.11,15.2,7.83,12.39,7.98,9.22
2009-10-01,10.4,9.29,10.97,13.85,10.51,20.57,14.7,12.34,10.11,9.92,8.17,11.42,9.75,9.78,8.48,7.95,16.11,14.86,15.57,12.32,10.17,8.54,10.33,9.15,10.64,7.85,8.64,16.46,15.62,10.36,13.52,18.17,10.83,10.01,8.85,11.89,15.13,10.95,9.01,9.25,11.97,8.35,10.84,15.37,7.73,12.0,8.3,8.98
2009-11-01,10.2,9.1,9.86,13.56,10.39,20.48,14.5,12.49,9.68,9.63,7.87,11.11,9.31,9.5,8.05,7.39,15.85,14.16,15.53,11.47,9.97,7.71,10.37,8.87,10.22,7.56,8.07,16.32,15.5,9.54,13.73,16.82,10.65,8.16,8.77,11.57,15.34,10.91,8.49,8.87,12.08,7.99,10.51,14.91,7.73,11.79,8.39,8.56
2009-12-01,9.82,8.64,9.7,14.73,10.2,19.92,13.81,12.22,9.14,9.36,8.48,10.3,8.74,8.77,8.03,7.6,14.67,14.25,15.52,11.44,9.76,7.42,9.54,8.67,9.5,6.99,7.63,16.17,15.63,9.31,13.0,17.51,10.31,7.31,8.59,11.29,14.79,9.81,8.11,8.6,11.52,8.08,10.13,14.85,7.71,11.41,8.02,8.24
2010-01-01,9.82,8.46,9.57,15.18,10.29,19.13,12.65,9.34,8.94,8.75,7.79,9.94,8.46,8.66,7.73,8.14,15.05,14.07,15.43,11.42,9.68,7.13,8.87,8.45,9.36,6.83,7.24,15.79,15.87,9.63,12.05,17.3,10.28,7.54,8.39,11.49,15.49,9.95,7.8,8.11,11.21,8.06,9.96,14.78,7.69,11.97,8.21,8.04
2010-02-01,9.77,8.56,9.84,14.21,10.56,19.06,12.93,11.49,9.3,9.06,7.72,10.56,8.75,9.32,8.02,8.57,14.41,14.12,15.58,11.57,9.92,7.34,9.01,8.62,9.99,7.06,7.92,15.47,15.81,9.9,13.0,18.05,10.55,8.07,8.66,12.12,16.1,10.3,8.07,8.1,11.34,8.22,10.22,15.34,7.72,12.28,8.35,8.28
2010-03-01,10.25,8.74,9.98,14.78,10.57,19.33,13.07,11.54,9.56,9.75,7.77,10.98,9.08,9.71,7.55,9.23,15.12,14.37,15.63,11.82,10.04,7.72,9.31,8.83,9.91,7.3,7.93,16.03,15.89,9.98,12.79,17.55,10.67,8.42,8.77,12.34,17.12,9.11,8.28,8.43,11.51,8.36,10.14,15.22,7.75,12.46,8.43,8.43
2010-04-01,11.19,9.34,10.24,13.91,11.19,19.68,14.22,11.63,9.89,10.72,7.86,11.61,10.12,10.18,8.71,9.22,15.2,14.59,15.7,12.74,10.33,8.7,10.4,8.88,10.55,7.92,8.64,16.3,15.91,10.17,13.0,18.92,11.45,9.73,8.86,12.93,15.88,10.96,8.8,9.18,12.12,8.4,10.8,15.86,7.91,12.61,8.94,8.55
2010-05-01,10.99,9.41,11.75,14.9,11.48,20.04,14.72,11.55,10.22,11.11,8.02,12.05,10.23,10.38,8.77,9.05,14.48,14.47,15.72,12.81,10.59,9.98,10.55,9.16,10.37,8.51,9.2,16.4,16.14,10.43,12.93,19.21,11.82,10.11,8.99,13.36,15.26,10.75,9.43,9.47,11.94,8.81,10.79,15.75,8.12,12.81,8.96,8.86
2010-06-01,10.81,9.46,11.74,15.0,11.89,19.4,14.43,11.65,10.83,10.87,8.2,12.7,9.47,10.32,8.51,8.86,14.08,15.1,15.75,12.91,11.1,10.33,10.21,9.42,10.14,9.4,10.03,16.25,16.88,11.26,12.42,19.41,12.16,9.33,9.07,13.3,16.6,10.8,9.86,9.46,11.85,9.11,10.8,15.8,8.22,13.16,8.65,9.14
2010-07-01,10.79,8.9,11.78,15.02,11.7,19.01,13.95,11.71,10.87,11.69,8.55,12.13,9.63,10.69,8.87,9.14,14.22,14.93,15.73,12.93,11.41,10.81,10.25,9.74,10.43,9.46,10.38,16.17,17.39,11.54,12.08,20.11,11.95,9.58,9.14,13.33,15.21,10.78,9.94,9.59,11.71,9.45,10.83,15.41,8.23,12.85,8.94,9.44
2010-08-01,11.18,8.89,11.59,15.19,11.7,18.95,13.95,11.77,11.03,11.67,8.48,11.96,9.69,10.7,9.15,9.29,14.88,14.86,15.78,13.55,11.3,10.57,10.29,9.9,10.52,9.36,10.3,16.57,17.36,11.79,12.19,19.35,11.89,9.53,9.06,13.23,17.1,10.86,9.68,9.58,11.7,9.54,10.85,15.64,8.25,12.95,9.2,9.52
2010-09-01,11.1,8.91,11.52,14.85,11.66,19.11,14.14,11.73,10.61,11.23,8.07,11.75,10.17,10.48,8.94,9.53,14.64,14.93,15.88,12.67,11.08,9.73,10.07,9.79,10.54,9.53,10.22,16.76,17.37,10.79,12.43,20.09,11.78,10.3,9.09,12.95,15.76,10.69,9.81,9.72,11.58,8.97,10.61,15.99,8.35,13.12,9.29,9.45
2010-10-01,11.44,8.79,10.96,14.11,10.53,19.76,14.67,11.7,10.0,10.76,8.05,12.22,10.8,10.13,9.68,9.58,14.55,13.62,15.85,12.62,10.87,9.42,10.0,9.69,10.64,8.99,9.1,17.06,16.34,10.63,12.18,18.36,11.49,10.02,9.12,13.03,15.85,11.09,9.84,10.45,11.62,8.5,10.57,16.12,8.31,12.88,9.49,9.5
2010-11-01,10.89,8.93,10.14,14.67,10.39,19.49,14.48,11.7,9.59,10.34,7.87,11.98,10.3,10.03,9.2,8.86,14.17,13.23,15.84,12.08,10.63,9.06,10.25,9.39,10.08,8.13,8.87,16.89,16.28,9.9,12.6,18.25,11.48,9.32,8.98,12.68,15.97,11.14,9.19,10.19,11.32,8.15,10.27,15.85,8.23,12.7,9.19,8.92
2010-12-01,10.34,8.28,10.0,14.96,10.26,18.64,13.65,11.68,9.29,9.71,7.76,10.64,9.34,9.43,8.51,8.19,14.42,13.21,15.76,12.05,10.32,8.07,9.64,8.95,9.44,7.71,7.98,16.45,16.14,9.69,11.61,17.72,10.67,8.16,8.75,12.22,14.95,10.13,8.49,9.5,11.24,8.22,9.92,15.58,8.13,12.25,8.77,8.4
2011-01-01,10.28,7.82,9.84,15.24,10.37,18.01,12.9,11.33,9.69,9.23,7.82,10.31,9.17,9.45,8.57,7.9,14.48,13.12,15.72,12.26,10.28,7.92,9.64,9.08,9.33,6.97,7.79,16.31,15.64,9.6,11.6,17.25,10.04,8.01,9.18,12.39,16.21,10.09,8.34,9.41,10.7,8.16,9.57,15.71,8.03,12.32,8.77,8.3
2011-02-01,10.56,7.89,9.93,14.38,10.47,17.52,13.0,11.28,9.82,9.61,7.78,11.19,9.45,9.73,8.79,8.24,14.36,13.39,15.8,12.64,10.33,8.2,9.74,9.33,10.09,7.36,8.07,16.32,16.73,10.07,11.85,17.45,10.46,8.29,9.39,12.59,16.36,10.77,8.4,9.43,10.65,8.33,9.7,15.95,8.06,12.6,8.81,8.47
2011-03-01,10.92,8.44,10.25,14.27,10.58,17.93,13.72,11.46,10.9,9.93,7.78,11.9,9.93,10.33,9.22,8.83,14.55,13.56,15.28,12.51,10.5,8.85,10.59,9.35,10.13,7.55,8.39,16.43,16.4,10.26,12.02,17.58,10.96,9.53,9.27,12.98,15.76,11.19,8.63,9.98,11.13,8.35,10.18,16.02,8.06,12.7,9.11,8.65
2011-04-01,10.87,9.06,10.97,14.12,11.1,18.13,13.89,11.41,10.71,10.39,7.82,11.88,10.46,10.72,9.4,8.9,14.09,13.77,15.33,12.69,10.9,9.36,10.68,9.5,10.33,8.34,8.97,16.52,16.28,10.45,12.07,17.63,11.22,10.08,9.4,13.21,14.22,11.21,9.0,9.98,11.16,8.44,10.43,16.37,8.14,12.91,9.43,8.89
2011-05-01,11.25,9.34,11.77,14.62,11.15,18.58,14.68,11.52,11.31,10.6,8.07,12.37,10.52,11.04,9.44,9.14,15.0,13.95,15.37,13.37,11.23,10.47,10.7,9.77,10.45,9.08,9.11,16.9,16.33,10.39,12.06,18.3,11.58,9.67,9.46,13.48,13.48,11.38,9.59,10.13,11.27,8.92,10.84,16.47,8.27,13.11,9.81,9.12
2011-06-01,11.29,9.49,11.77,14.81,11.95,18.36,14.12,11.6,11.99,11.07,8.45,12.06,10.15,11.15,9.24,9.47,15.12,13.72,15.28,13.95,11.43,10.88,10.37,10.15,10.13,10.3,10.45,16.81,16.03,11.48,11.55,19.07,12.03,9.71,9.67,13.62,14.06,10.72,10.29,9.98,11.25,9.27,11.04,16.28,8.47,13.67,9.42,9.43
2011-07-01,11.34,9.56,11.85,15.7,12.16,18.07,13.77,11.61,11.96,11.54,8.5,11.91,10.0,11.32,9.24,9.36,14.13,13.11,15.11,13.93,11.6,11.2,10.05,10.39,10.37,9.95,10.8,16.29,16.35,11.79,11.46,19.22,12.33,9.62,9.8,13.56,13.06,10.99,10.21,10.22,11.16,9.44,11.28,16.19,8.48,13.27,9.53,9.69
2011-08-01,11.41,9.61,11.67,15.15,12.16,17.77,13.69,11.62,12.12,11.22,8.62,11.55,10.04,11.29,9.19,9.41,15.09,13.32,15.27,14.13,11.61,11.36,10.06,10.34,10.43,10.14,10.67,16.44,16.68,12.32,11.52,19.25,12.14,9.85,9.78,13.63,14.28,11.16,9.91,10.13,11.15,9.55,11.4,16.35,8.4,13.13,9.69,9.44
2011-09-01,11.56,9.64,11.53,14.8,11.98,18.05,13.94,11.59,11.57,11.4,6.73,12.76,10.76,11.02,9.66,9.49,15.58,13.38,15.4,13.5,11.77,10.31,9.98,10.44,10.95,10.12,11.0,16.49,16.18,11.36,11.52,18.84,12.07,11.05,9.79,13.91,14.53,11.77,10.27,10.22,11.16,9.43,11.23,16.32,8.52,13.7,9.89,9.61
2011-10-01,11.73,9.41,11.08,14.16,11.04,18.57,14.1,11.51,10.85,11.05,7.87,12.85,11.08,10.55,9.69,9.45,13.98,13.19,15.4,13.75,11.28,10.02,10.33,10.26,11.17,9.33,9.62,16.66,15.95,12.84,11.38,18.78,11.97,10.44,9.78,13.65,12.43,11.49,10.15,10.38,11.23,9.35,11.12,17.14,8.45,13.29,10.04,10.08
2011-11-01,11.15,9.29,10.31,14.87,11.01,18.5,13.92,11.56,10.45,10.3,7.86,12.38,10.29,10.45,9.41,8.62,14.49,12.72,15.35,12.95,10.62,9.22,10.56,9.8,10.35,8.66,9.04,16.65,16.15,10.29,11.75,17.93,11.7,9.51,9.7,13.46,13.19,11.39,9.61,10.15,11.19,8.98,10.85,16.59,8.44,13.08,9.65,9.54
2011-12-01,10.87,8.64,9.98,14.78,10.77,18.16,13.52,11.47,10.21,9.66,7.43,11.14,9.85,9.98,9.22,8.18,15.2,12.76,15.26,13.32,10.32,8.68,10.08,9.58,10.08,8.41,8.43,16.67,15.97,10.58,11.07,17.26,10.95,8.34,9.57,13.17,14.33,11.28,9.18,10.19,10.89,8.95,10.48,16.2,8.38,12.78,9.47,9.18
2012-01-01,10.91,8.41,10.01,15.29,10.61,17.32,13.03,11.55,10.23,9.74,8.15,11.21,10.0,10.23,8.98,8.15,15.1,12.48,15.02,13.48,10.76,8.66,10.03,9.57,10.09,7.65,8.61,16.17,16.07,10.79,11.38,16.79,11.08,8.7,9.58,12.82,14.75,11.15,9.22,9.8,10.77,9.23,10.45,16.52,8.37,12.66,9.49,9.12
2012-02-01,11.21,8.68,10.26,14.56,10.76,17.09,13.17,11.33,10.61,9.77,8.09,11.45,10.18,10.71,9.07,8.4,15.41,12.55,15.07,13.48,10.71,8.9,10.43,9.59,10.76,8.12,8.86,16.12,16.22,10.62,12.55,16.51,11.04,9.48,9.63,12.79,14.94,11.64,9.26,9.64,11.05,9.33,10.89,17.07,8.28,12.88,9.68,9.16
2012-03-01,11.48,8.99,10.44,14.7,10.84,17.16,13.52,11.09,10.58,10.26,8.18,11.97,10.85,10.81,9.47,8.4,15.72,12.86,14.28,13.63,10.94,9.33,10.62,9.7,11.0,8.43,9.16,16.33,15.86,10.71,12.16,16.64,11.35,9.87,9.66,12.77,14.82,12.04,9.49,9.83,11.01,9.36,11.09,16.76,8.35,13.1,9.85,9.4
2012-04-01,11.56,9.35,11.17,14.66,11.04,17.64,13.93,11.42,10.77,11.23,8.16,12.45,11.56,11.15,9.63,8.38,14.8,12.9,14.46,13.69,11.14,10.06,10.66,9.86,11.42,9.22,9.95,16.45,15.91,10.77,12.4,16.7,11.93,10.31,9.73,12.97,13.15,11.94,10.22,10.11,11.02,9.47,11.38,16.87,8.46,13.36,9.84,9.74
2012-05-01,11.14,9.14,11.88,15.02,11.27,17.71,14.37,11.0,11.08,10.98,8.39,12.73,10.85,11.28,9.72,8.48,15.39,12.95,14.41,14.39,11.3,10.9,10.37,10.13,10.8,9.6,9.68,16.53,15.93,11.04,12.1,17.33,11.85,9.53,9.86,12.99,14.41,11.4,10.61,10.24,10.84,9.87,11.5,16.41,8.52,13.35,10.48,10.08
2012-06-01,11.56,9.58,11.9,15.92,12.01,17.3,13.98,11.49,11.88,11.32,9.04,11.24,10.54,11.69,9.48,8.01,15.48,13.14,14.21,14.13,11.79,11.53,10.26,10.43,11.0,10.57,10.71,16.51,15.67,12.08,11.8,18.31,12.24,9.5,9.92,12.89,15.32,12.32,10.47,10.24,10.97,10.35,11.84,16.93,8.7,13.36,9.92,10.22
2012-07-01,11.58,9.62,11.86,15.22,12.32,17.08,13.32,11.31,12.13,11.54,9.75,10.81,9.94,11.74,9.27,8.38,14.58,12.88,14.63,15.06,11.84,11.31,10.14,10.6,11.03,10.0,11.38,15.81,16.12,12.19,11.52,18.38,12.16,9.12,10.01,12.62,13.9,11.48,10.59,10.14,10.87,10.68,11.42,16.77,8.7,13.28,9.88,10.38
2012-08-01,11.71,9.69,11.83,16.46,12.15,17.12,13.57,11.49,12.18,12.03,9.77,10.78,10.44,11.72,9.45,8.29,14.16,13.09,14.66,14.53,12.18,11.49,9.95,10.52,11.23,10.27,11.24,15.59,15.81,12.49,11.46,18.12,12.14,9.7,10.01,12.68,14.0,12.14,10.6,10.0,10.96,10.66,11.25,16.38,8.72,13.5,9.85,10.27
2012-09-01,11.76,9.8,11.66,16.82,12.11,17.24,13.74,11.6,11.87,11.38,8.31,11.36,10.92,11.52,9.83,8.56,15.2,13.17,14.81,14.37,12.09,10.46,9.98,10.74,11.52,10.47,11.5,15.88,15.57,11.98,11.58,18.52,12.27,10.13,10.0,12.57,15.09,11.85,10.85,10.18,11.11,10.23,11.1,16.38,8.79,13.83,10.04,10.38
2012-10-01,11.71,9.39,11.36,14.22,11.33,18.08,14.53,11.53,10.89,10.99,9.11,11.91,11.09,11.29,9.72,8.68,14.38,13.03,14.76,14.22,11.54,9.89,10.31,10.54,11.41,9.42,10.43,16.03,15.17,11.51,12.04,18.44,12.06,10.09,10.0,12.8,13.66,11.8,10.66,10.41,11.16,9.59,11.03,17.51,8.68,13.43,10.18,10.36
2012-11-01,11.04,9.46,10.73,14.88,11.38,17.82,13.63,11.82,10.28,10.34,8.67,11.35,10.45,10.96,9.41,8.39,13.77,12.4,14.83,13.98,11.03,9.2,10.65,10.04,10.53,8.61,9.43,15.9,15.24,10.69,12.45,17.44,11.67,9.57,9.82,12.6,13.06,11.67,10.01,10.33,11.11,9.7,10.71,19.26,8.61,13.16,9.85,10.01
2012-12-01,10.96,9.07,10.41,15.49,11.07,17.06,13.03,11.38,10.29,10.16,8.54,10.62,10.49,10.9,9.46,8.47,15.19,12.67,14.7,14.08,10.95,9.03,10.29,9.89,10.41,8.61,9.13,15.83,15.49,10.71,11.82,17.47,11.39,8.71,9.74,12.62,15.7,11.87,9.59,10.48,10.99,9.73,10.51,17.2,8.53,12.61,9.63,9.89
2013-01-01,10.81,8.8,10.25,16.16,11.11,17.01,12.8,11.2,10.43,10.02,8.65,10.42,10.13,10.7,9.33,8.88,14.35,12.5,14.46,13.65,11.01,9.02,9.93,9.77,10.24,7.72,8.73,16.02,15.3,10.88,11.24,17.93,11.11,8.05,9.62,12.32,14.48,11.72,9.29,9.98,10.84,9.64,9.92,16.49,8.5,12.96,9.38,9.5
2013-02-01,10.91,9.08,10.69,15.31,11.32,16.93,12.64,11.28,10.6,10.07,8.61,10.85,10.34,11.31,9.5,9.17,14.93,12.51,14.6,13.84,11.16,9.45,10.34,9.82,10.51,8.26,9.28,16.32,15.26,11.2,11.59,19.1,11.12,9.19,9.7,12.25,16.15,11.6,9.48,9.61,11.05,9.68,10.24,16.34,8.53,13.11,9.44,9.55
2013-03-01,10.96,9.14,10.87,15.25,11.42,17.2,12.96,11.09,10.84,10.38,8.53,10.46,10.63,11.25,9.41,9.19,14.84,12.56,14.2,14.08,11.2,9.64,10.49,10.0,10.35,8.41,9.43,16.58,15.33,11.31,11.9,18.16,11.39,9.41,9.65,12.24,15.91,11.11,9.6,9.73,11.03,9.74,10.42,16.55,8.51,13.18,9.48,9.81
2013-04-01,11.39,9.45,11.73,15.28,11.64,17.38,13.32,11.05,11.02,10.68,8.73,10.92,11.53,11.64,9.96,9.17,15.06,12.78,14.21,14.37,11.45,9.85,11.27,10.11,11.1,8.63,9.67,16.6,15.45,11.34,12.28,17.67,11.79,10.36,9.69,12.56,14.09,12.04,9.76,9.82,11.43,9.83,10.54,17.6,8.59,13.44,9.67,9.92
2013-05-01,11.42,9.95,12.16,15.92,11.65,18.07,14.21,11.22,11.74,10.99,8.88,11.89,11.66,12.12,10.24,9.7,15.82,12.89,14.37,15.11,12.02,11.75,11.45,10.4,11.27,9.64,10.13,16.9,15.56,11.4,11.96,18.35,12.49,10.48,9.91,12.89,14.55,12.71,10.65,10.32,11.57,10.44,11.21,17.76,8.69,13.73,10.04,10.2
2013-06-01,11.65,10.14,12.15,17.13,12.49,17.73,13.12,11.2,12.39,11.93,10.15,10.57,11.32,12.19,10.13,9.7,15.92,13.98,14.17,15.47,12.71,12.41,11.1,11.0,11.11,10.89,11.69,16.68,16.04,12.47,11.56,19.32,13.06,10.25,10.11,13.06,13.68,12.21,11.28,10.4,11.44,10.77,11.42,17.76,8.85,14.09,9.74,10.75
2013-07-01,11.56,10.03,12.47,16.83,12.87,17.28,12.23,11.27,12.55,12.11,10.47,10.44,11.23,12.16,10.14,9.78,15.2,13.73,14.27,15.06,12.67,12.55,10.84,10.98,11.24,10.28,12.0,16.06,16.43,12.76,11.6,20.03,12.98,9.85,10.18,13.11,13.05,12.3,11.19,10.35,11.41,11.33,11.49,17.21,8.9,14.0,9.61,10.83
2013-08-01,11.6,10.06,12.28,16.32,12.63,17.54,12.61,11.26,12.59,12.3,10.23,10.73,11.23,12.15,9.96,9.76,16.03,13.92,14.39,14.98,12.63,12.37,10.77,10.88,11.41,10.88,11.93,15.88,16.24,12.63,11.76,19.14,12.83,9.96,10.15,13.25,15.42,12.21,11.35,10.17,11.45,11.17,11.49,17.07,8.96,14.27,9.73,10.68
2013-09-01,11.73,10.08,12.17,16.99,12.65,17.89,12.78,11.58,12.2,11.75,9.47,10.09,11.28,11.84,10.04,9.72,15.94,13.94,14.46,14.98,12.47,10.94,10.79,11.02,11.56,10.66,11.85,16.08,16.07,12.02,11.95,19.56,12.33,10.63,10.09,13.31,15.52,12.11,11.16,9.83,11.36,10.92,11.5,17.27,9.0,14.07,9.64,10.72
2013-10-01,11.79,9.63,12.01,16.19,11.84,18.57,13.98,11.25,11.24,11.58,9.89,11.22,11.69,11.72,9.92,9.68,15.74,13.69,14.45,14.99,12.07,10.23,10.93,10.65,11.86,9.72,10.48,16.75,15.56,11.65,12.99,18.88,12.09,10.64,10.1,13.11,14.26,12.44,10.89,9.87,11.68,10.09,11.12,17.64,8.84,13.76,9.6,10.56
2013-11-01,10.74,9.75,11.02,16.53,11.66,18.18,13.36,11.47,10.66,10.77,9.51,10.61,11.18,11.49,9.68,9.19,16.14,13.16,14.39,14.59,11.52,9.88,11.28,10.23,10.99,8.9,9.93,16.38,15.34,11.04,13.06,18.49,11.97,9.66,9.97,12.95,15.65,12.01,10.07,9.95,11.67,10.04,10.92,17.52,8.73,13.47,9.36,10.23
2013-12-01,10.5,8.98,10.97,16.22,11.46,17.59,12.64,11.31,10.41,10.33,9.26,9.84,10.49,10.92,9.52,8.76,20.0,13.43,14.31,14.2,11.2,9.18,10.54,9.94,10.56,8.56,9.18,16.13,15.28,10.84,12.3,18.18,11.3,8.2,9.92,12.75,20.17,11.68,9.66,9.79,11.27,9.98,10.36,17.03,8.66,12.79,9.08,10.11
2014-01-01,10.69,8.27,10.83,16.57,11.46,18.49,12.4,11.74,10.9,9.8,9.14,10.34,10.34,10.98,9.5,8.57,16.77,13.16,14.39,13.77,11.17,8.92,10.39,9.8,10.26,7.7,8.89,16.52,15.22,11.24,12.46,19.57,11.08,8.38,10.07,12.69,16.26,11.81,9.38,9.73,11.22,9.93,10.01,16.92,8.52,12.86,9.01,9.74
2014-02-01,11.21,8.45,11.13,16.11,11.69,19.45,12.31,11.81,10.97,10.06,9.06,10.94,10.73,11.17,9.63,8.85,17.47,13.51,14.54,13.94,11.37,9.08,10.57,9.74,11.01,8.28,9.12,17.17,15.63,11.34,13.05,21.69,11.18,9.37,10.23,13.37,18.57,12.04,9.62,9.77,11.25,9.98,10.08,17.11,8.61,13.24,9.14,9.83
2014-03-01,11.58,9.03,11.22,15.86,11.71,19.58,12.12,11.75,11.3,10.77,9.13,11.27,11.19,11.79,10.12,9.26,17.27,13.6,15.17,14.05,11.71,9.85,11.22,9.82,10.92,8.53,9.43,17.32,15.88,11.52,13.38,20.9,11.66,9.73,10.17,12.97,16.86,12.39,9.75,10.57,11.75,10.08,10.52,17.34,8.64,13.09,9.25,10.03
2014-04-01,11.75,9.73,11.88,10.12,12.11,19.96,13.26,11.67,11.57,11.48,9.51,12.31,12.14,12.67,10.87,10.21,18.15,14.1,15.33,14.59,11.82,10.63,11.82,9.89,11.81,9.06,10.09,17.54,15.69,11.82,13.56,19.54,12.53,11.13,10.37,13.06,18.26,12.72,10.2,10.84,12.06,10.12,11.0,18.05,8.69,13.52,9.57,10.2
2014-05-01,11.79,10.06,12.52,16.46,12.14,20.28,13.91,11.76,11.9,11.32,9.61,12.48,11.98,12.75,10.67,10.33,17.57,14.22,15.36,14.85,12.12,11.95,11.92,10.2,11.36,9.87,10.5,17.99,15.45,11.97,13.2,20.59,13.01,10.51,10.57,13.2,18.07,12.78,10.95,10.9,11.93,10.7,11.32,18.16,8.89,14.03,9.72,10.57
2014-06-01,11.82,10.18,12.36,16.9,13.06,20.27,14.02,12.0,12.62,12.12,10.41,12.15,11.71,12.6,10.56,10.11,16.56,13.75,15.39,14.96,12.73,12.48,11.65,10.6,11.38,11.16,11.46,18.0,15.87,13.05,12.82,20.88,13.64,10.49,10.75,13.9,16.47,12.64,11.5,10.85,12.17,11.12,11.65,18.06,8.75,14.38,9.57,11.17
2014-07-01,11.84,10.2,12.46,17.63,13.14,19.62,13.55,11.87,12.63,12.53,10.6,12.09,11.91,12.78,10.49,10.18,16.27,13.78,15.26,15.09,12.95,12.38,11.57,10.74,11.28,10.85,12.22,17.23,16.51,13.59,12.65,20.48,13.56,10.58,10.83,13.96,15.84,12.74,11.55,10.76,12.05,11.52,11.89,17.9,8.93,14.32,9.39,11.23
2014-08-01,11.75,10.04,12.36,18.07,12.89,19.88,14.04,11.89,12.6,13.25,10.51,12.41,11.77,12.78,10.21,9.85,17.75,13.72,15.3,14.87,12.74,12.2,11.56,10.82,11.42,10.83,12.03,17.17,16.0,13.54,12.63,19.51,13.61,10.2,10.75,13.92,18.36,12.68,11.38,10.47,12.05,11.45,11.9,17.84,8.9,14.07,9.53,11.09
2014-09-01,11.84,10.21,12.3,17.97,12.78,19.82,13.68,12.22,12.21,12.07,9.98,12.05,11.85,12.4,10.19,9.82,16.75,13.56,15.77,14.8,12.66,11.0,11.36,10.91,11.57,10.84,12.06,17.36,15.84,12.69,12.87,19.41,12.39,11.21,10.72,13.49,17.21,12.68,11.48,10.06,12.03,11.02,11.97,17.76,8.92,14.4,9.52,11.08
2014-10-01,11.74,9.87,11.9,13.35,11.81,20.38,14.63,11.91,11.42,11.21,10.2,13.52,12.21,12.78,10.51,9.7,16.9,13.97,15.82,14.7,12.35,10.64,11.49,10.72,11.89,9.77,10.73,18.07,15.58,12.67,13.21,19.43,13.12,10.83,10.78,13.42,17.19,12.83,11.22,10.36,12.07,10.16,11.57,17.39,8.8,13.91,9.71,11.14
2014-11-01,11.09,9.72,11.08,17.0,11.64,20.02,13.97,12.11,10.72,10.34,9.79,12.62,11.63,12.25,10.17,8.91,17.61,13.19,15.75,14.38,11.72,10.09,11.66,10.25,10.63,8.65,10.09,18.18,15.59,11.55,13.61,19.45,12.89,9.7,10.56,13.2,16.68,12.53,10.42,10.18,11.98,10.63,11.46,17.09,8.61,13.59,9.33,10.63
2014-12-01,11.04,9.09,10.85,17.03,11.47,20.04,13.03,11.82,10.47,9.96,9.38,11.78,11.26,11.38,9.91,9.25,19.89,13.48,15.68,13.93,11.43,9.43,11.25,9.67,10.46,8.22,9.29,18.51,15.54,11.54,12.95,19.26,12.43,8.98,10.3,13.01,17.03,11.98,9.99,10.06,11.81,10.27,10.89,16.67,8.19,13.2,9.09,10.47
2015-01-01,10.99,8.73,11.05,17.42,11.4,21.06,12.07,11.93,10.43,10.22,9.66,11.51,10.64,11.34,9.5,8.8,20.78,13.07,15.62,13.59,11.51,9.23,11.06,10.74,10.54,8.34,9.18,19.15,15.49,12.19,12.7,19.31,12.07,8.56,10.3,12.96,17.73,11.77,10.02,9.96,11.55,10.33,10.8,16.48,8.13,13.74,9.06,10.28
2015-02-01,11.23,9.09,11.58,17.15,11.7,21.88,13.5,12.09,10.74,10.69,9.41,11.9,10.63,11.72,9.57,8.81,21.7,13.14,16.66,13.77,11.58,9.37,11.06,10.33,10.68,8.7,9.69,19.49,15.49,12.53,13.47,19.78,12.04,9.46,10.43,13.04,20.16,12.03,10.24,9.85,11.7,10.47,11.01,16.54,8.65,13.85,9.15,10.43
2015-03-01,11.78,9.02,11.51,17.04,11.73,22.02,12.72,11.63,10.58,10.87,9.59,11.96,10.76,12.05,9.7,8.81,22.1,13.16,15.5,13.81,11.53,9.46,11.11,10.63,11.24,8.78,9.76,19.55,15.57,12.11,13.62,19.02,12.16,9.51,10.49,13.16,20.0,12.22,10.17,9.79,11.63,10.49,10.94,16.66,8.67,13.96,9.62,10.61
2015-04-01,12.3,10.1,12.26,12.48,12.0,22.3,13.74,11.7,11.25,11.93,9.79,13.4,11.88,13.04,10.54,9.22,21.67,13.76,15.52,14.06,12.22,10.76,12.12,10.92,12.11,10.14,10.63,19.7,15.88,12.38,13.49,17.75,12.6,11.17,10.64,13.57,21.06,13.1,10.92,10.6,12.17,10.58,11.41,17.24,8.82,14.5,10.13,10.88
2015-05-01,12.19,10.27,12.69,17.35,12.0,23.08,14.44,11.59,11.68,12.32,11.58,13.39,11.57,12.95,10.24,9.68,20.7,13.65,15.66,14.23,12.66,11.84,12.2,11.25,11.42,10.48,10.98,19.49,15.65,12.41,13.53,18.09,12.95,11.03,10.81,14.07,18.64,12.69,11.28,10.58,12.11,11.09,11.63,17.49,8.89,14.82,10.05,11.25
2015-06-01,12.01,10.36,12.74,17.21,12.46,22.58,14.02,11.71,12.28,13.46,10.04,12.59,11.43,12.72,10.05,9.27,19.52,14.68,15.73,14.7,13.08,12.68,11.78,11.58,11.11,11.62,12.06,18.7,16.44,13.13,13.13,18.79,13.05,10.29,10.95,14.42,18.31,12.52,11.63,10.43,11.85,11.34,11.81,17.38,9.39,15.22,10.47,11.4
2015-07-01,11.9,10.38,12.83,18.01,12.6,20.44,13.24,11.94,13.28,13.57,10.67,12.58,11.14,12.33,9.95,9.24,18.04,13.95,15.42,15.3,13.07,12.58,11.16,11.42,11.47,11.16,12.2,17.74,16.76,13.32,12.01,18.74,13.29,9.98,11.06,14.22,17.59,12.49,11.76,10.31,11.58,11.94,11.66,17.06,9.34,14.62,10.71,11.62
2015-08-01,12.05,10.39,12.64,18.24,12.47,19.23,13.55,11.77,12.2,13.92,10.29,12.42,11.16,12.44,10.27,9.6,17.99,13.95,15.49,15.43,12.97,12.37,10.96,11.31,11.63,11.16,12.19,17.13,16.66,13.35,12.36,18.41,13.09,10.27,10.68,14.24,18.86,12.59,11.72,10.28,11.51,11.45,11.69,17.11,9.36,14.64,10.63,11.5
2015-09-01,12.31,10.52,12.74,18.38,12.43,19.25,13.66,11.81,12.1,12.26,10.08,12.69,11.38,12.26,10.34,9.61,18.84,14.12,15.6,14.56,12.87,11.45,11.07,11.44,11.91,11.21,12.29,17.23,16.0,12.78,12.39,18.41,12.56,10.57,10.88,14.33,21.6,12.76,11.82,10.31,11.58,11.42,11.85,17.26,9.37,14.82,10.79,11.49
2015-10-01,12.0,10.0,12.22,14.98,11.74,20.08,14.4,11.61,11.09,11.68,10.31,13.47,11.75,12.34,10.72,9.55,18.39,15.34,15.6,14.59,12.74,11.05,11.16,11.27,12.11,10.59,10.72,17.73,15.55,12.71,12.99,18.33,12.88,11.12,10.92,14.49,19.68,12.65,11.68,10.61,11.41,10.58,11.52,17.43,9.4,14.86,10.98,11.55
2015-11-01,11.46,10.15,11.29,17.36,11.58,20.01,14.51,11.69,10.44,11.42,9.39,13.19,11.64,12.79,10.67,9.05,18.32,14.98,15.55,14.68,12.05,11.03,11.55,10.85,11.41,9.31,10.53,18.14,15.66,11.83,12.71,18.26,13.0,10.26,10.68,14.4,18.63,12.65,10.97,10.77,11.48,10.71,11.48,17.65,9.37,14.19,10.73,10.99
2015-12-01,11.23,9.51,10.75,17.3,11.44,19.43,13.45,11.49,10.22,10.61,9.64,11.81,11.11,12.29,10.34,8.7,19.6,14.67,15.52,14.58,11.77,10.39,11.16,10.42,10.96,8.84,9.68,18.0,15.54,11.36,12.41,17.53,12.61,9.0,10.39,14.12,19.88,12.05,10.27,10.4,11.33,10.56,10.98,17.17,9.19,13.83,10.43,10.57
2016-01-01,11.08,8.93,10.9,17.76,10.97,19.86,13.16,11.6,10.45,10.45,9.55,11.42,10.47,11.91,9.8,8.54,19.34,14.04,15.27,14.52,11.99,9.14,10.49,10.2,10.44,8.57,9.43,18.0,15.45,11.45,11.42,16.54,12.05,8.33,10.2,13.87,18.41,11.72,10.12,9.9,10.95,10.54,10.66,16.62,9.07,13.77,10.68,10.44
2016-02-01,11.5,9.13,11.46,17.69,11.26,20.68,12.99,11.34,10.52,10.94,9.66,11.94,10.53,12.57,9.71,8.47,19.78,13.98,15.61,14.88,12.14,9.23,10.32,10.52,10.77,9.41,9.83,18.37,15.48,11.26,12.2,16.76,12.03,9.63,10.37,14.02,18.78,11.9,10.34,9.61,11.06,10.61,10.89,16.89,9.21,14.09,10.68,10.59
2016-03-01,12.11,9.62,11.75,17.66,11.35,20.84,13.39,11.24,11.14,11.5,9.8,12.56,11.21,13.17,10.05,9.14,19.84,14.36,16.05,14.83,12.23,10.06,10.91,10.92,11.66,9.82,10.31,18.46,15.58,11.44,12.28,16.89,12.47,10.24,10.42,14.06,19.07,12.86,10.98,10.01,11.25,10.67,11.18,17.11,9.22,14.23,11.0,10.85
2016-04-01,12.42,10.04,12.36,12.4,11.78,21.15,13.9,11.07,11.16,11.71,9.87,12.79,11.84,13.45,10.36,9.17,20.64,14.37,14.34,14.95,12.62,10.36,11.01,11.03,11.72,10.52,10.65,18.67,15.52,11.34,11.89,17.39,12.76,10.93,10.5,14.27,19.43,12.77,11.39,10.22,11.28,10.71,12.0,17.52,9.33,14.45,11.29,10.99
2016-05-01,12.1,10.19,12.94,17.74,11.67,21.63,14.54,10.86,11.51,13.01,10.14,13.3,11.81,13.79,10.51,9.28,19.06,14.7,15.93,15.33,13.05,11.93,10.88,11.42,11.41,11.07,11.05,18.54,15.4,11.35,12.09,17.73,13.02,10.73,10.8,14.42,18.02,12.54,12.12,10.25,11.11,11.01,12.03,17.79,9.54,14.98,11.41,11.53
2016-06-01,12.16,10.31,12.54,18.11,12.56,20.96,13.6,11.08,12.25,13.56,10.12,12.25,11.33,13.3,10.33,8.96,18.51,14.61,16.03,15.38,12.8,12.59,10.64,11.58,11.13,11.39,11.9,18.13,16.05,12.22,11.4,17.89,12.47,9.99,10.78,14.03,18.69,12.68,11.97,10.37,11.1,11.51,12.24,17.57,9.58,14.95,11.16,11.81
2016-07-01,12.08,10.28,12.7,18.49,12.43,19.78,12.99,11.18,12.29,14.07,10.81,12.06,11.27,13.06,10.28,9.06,18.19,14.05,15.87,15.39,13.2,12.28,10.21,11.6,11.19,11.26,12.11,18.0,16.15,12.51,10.72,17.95,12.25,9.99,10.79,13.76,17.11,12.58,12.19,10.45,10.86,11.72,11.71,17.29,9.6,14.55,11.19,11.88
