time;Alabama_Value;Arizona_Value;Arkansas_Value;California_Value;Colorado_Value;Connecticut_Value;Delaware_Value;Florida_Value;Georgia_Value;Idaho_Value;Illinois_Value;Indiana_Value;Iowa_Value;Kansas_Value;Kentucky_Value;Louisiana_Value;Maine_Value;Maryland_Value;Massachusetts_Value;Michigan_Value;Minnesota_Value;Mississippi_Value;Missouri_Value;Montana_Value;Nebraska_Value;Nevada_Value;New Hampshire_Value;New Jersey_Value;New Mexico_Value;New York_Value;North Carolina_Value;North Dakota_Value;Ohio_Value;Oklahoma_Value;Oregon_Value;Pennsylvania_Value;Rhode Island_Value;South Carolina_Value;South Dakota_Value;Tennessee_Value;Texas_Value;Utah_Value;Vermont_Value;Virginia_Value;Washington_Value;West Virginia_Value;Wisconsin_Value;Wyoming_Value
1990-01-01;49.8;40.8;45.6;43.1;26.4;34.3;41.4;62.6;51.4;26.8;36.4;36.6;29.7;36.1;41.6;53.8;22.0;40.6;32.6;27.6;20.3;50.0;39.3;25.6;31.9;31.9;26.0;38.0;33.6;30.3;46.5;21.8;36.2;43.4;34.2;34.2;35.1;50.5;28.5;43.8;50.2;28.4;26.2;42.0;34.5;38.0;24.1;24.0
1990-02-01;54.7;42.7;49.3;42.7;27.7;32.6;42.3;65.9;55.6;24.9;35.5;36.6;27.8;36.1;44.6;58.0;16.4;41.9;30.1;23.7;16.6;54.9;39.7;23.8;29.8;30.9;22.3;38.3;37.0;26.7;49.4;17.7;36.2;44.7;32.6;33.9;32.9;54.3;25.1;48.0;53.3;29.3;20.7;44.4;31.8;40.6;20.4;22.7
1990-03-01;58.1;52.0;53.4;51.4;36.6;38.6;46.8;66.9;58.9;36.1;44.6;44.4;39.6;45.3;49.4;60.6;27.2;46.8;36.9;33.3;30.5;57.7;46.9;33.4;39.2;43.1;31.4;43.3;45.0;34.5;53.3;31.9;43.8;50.7;41.0;40.2;38.7;57.8;36.0;51.3;57.3;41.5;30.2;49.3;41.1;46.1;33.3;32.0
1990-04-01;61.4;59.8;59.6;58.4;45.1;47.2;53.4;69.1;62.0;46.1;50.8;50.3;48.1;52.7;53.9;65.7;39.9;53.5;45.6;45.0;42.5;62.2;53.6;42.3;48.0;51.7;42.5;50.4;53.4;45.6;57.8;42.1;49.8;58.2;49.2;48.8;46.6;61.6;45.0;56.0;64.7;50.0;42.3;54.2;48.6;50.8;45.5;41.5
1990-05-01;69.4;64.9;66.1;60.2;50.5;54.6;61.3;77.0;70.7;47.3;59.0;58.6;56.4;60.4;62.0;73.6;49.1;61.0;53.2;51.5;52.3;70.0;60.7;48.8;55.9;53.9;50.2;58.5;59.7;52.1;66.1;52.7;57.3;66.4;48.9;55.2;54.2;70.3;54.2;64.0;72.8;54.1;49.6;62.2;50.6;58.9;51.8;46.6
1990-06-01;77.6;78.3;78.0;69.4;65.3;66.5;71.4;80.7;78.2;57.2;71.9;70.3;70.3;76.8;72.2;81.7;61.0;71.3;65.0;63.5;65.4;79.0;73.9;58.9;71.0;65.4;62.5;69.2;74.5;63.9;73.7;64.3;68.0;80.4;57.9;66.0;65.9;77.6;67.5;73.9;83.6;67.1;61.8;70.8;57.5;67.5;64.9;59.5
1990-07-01;79.5;79.3;79.8;76.4;66.0;71.5;77.0;81.8;80.7;66.4;74.2;72.8;72.3;77.7;75.4;81.2;66.2;76.1;70.4;67.3;67.6;80.1;76.5;65.6;72.5;73.5;67.0;74.4;71.2;68.2;78.0;67.9;71.6;79.7;67.4;69.9;71.3;81.2;71.0;76.3;79.9;72.7;66.2;75.6;67.1;71.5;67.8;64.9
1990-08-01;80.9;76.0;79.2;73.7;64.8;70.5;74.2;82.2;80.5;64.6;72.4;70.8;71.7;77.0;73.7;82.0;66.2;73.1;70.0;65.9;67.4;80.6;75.0;66.1;72.7;69.9;66.6;72.6;68.6;67.0;76.5;69.2;69.9;80.2;65.3;68.2;71.7;79.9;71.7;76.0;80.5;69.7;65.8;73.2;65.7;70.4;66.7;64.4
1990-09-01;76.3;73.1;75.4;69.9;61.2;61.3;66.0;80.0;75.5;61.7;67.9;66.3;66.2;71.9;69.0;78.7;54.9;65.8;60.3;58.9;59.8;77.0;71.1;60.3;67.0;65.5;56.7;63.9;65.8;58.0;70.0;60.6;64.3;75.5;62.4;60.8;61.9;74.1;65.0;71.4;76.4;65.1;55.7;66.4;62.2;64.3;60.3;59.3
1990-10-01;64.0;62.0;59.2;62.0;46.7;55.9;60.8;74.3;65.8;42.7;52.8;52.7;50.4;56.1;56.0;65.3;46.8;59.6;54.5;46.3;43.6;62.5;54.9;42.6;50.8;52.2;49.5;58.7;54.2;50.7;62.0;43.4;53.4;59.5;46.7;53.5;56.7;65.4;47.3;57.7;64.5;49.7;48.0;58.5;44.6;54.3;45.1;42.1
1990-11-01;56.4;50.3;54.7;50.0;36.6;43.5;48.9;66.3;57.0;33.1;46.8;46.6;41.2;48.0;49.8;60.1;34.4;48.4;42.5;39.1;32.2;56.9;50.1;33.1;40.2;39.2;36.8;46.6;44.2;39.5;52.4;30.2;45.5;53.4;38.9;43.1;44.8;56.0;36.7;51.7;58.3;36.9;35.5;49.3;39.3;46.2;36.9;32.5
1990-12-01;50.9;37.4;41.7;38.4;20.3;36.3;42.7;63.1;51.6;14.5;30.4;33.5;19.8;28.0;40.2;53.0;24.8;41.2;35.0;25.9;11.3;50.2;32.7;13.2;20.9;23.3;28.1;39.5;32.0;30.8;47.3;9.0;35.9;35.8;24.4;34.4;38.2;50.8;15.1;43.0;45.8;19.8;26.6;42.7;24.2;38.6;17.7;12.7
1991-01-01;45.8;40.7;37.2;43.6;21.9;26.7;35.8;62.0;47.2;20.9;23.3;26.3;13.4;26.0;34.3;47.7;12.2;34.6;24.9;17.4;5.8;44.6;26.5;15.6;19.9;29.7;17.6;31.6;32.7;21.0;41.7;6.7;28.2;33.6;31.6;26.6;28.2;45.7;14.2;38.4;43.4;22.6;15.7;37.1;28.5;32.6;10.6;16.9
1991-02-01;50.4;49.2;46.5;51.5;32.5;32.9;40.4;61.6;51.8;34.4;34.2;34.2;29.2;41.8;39.5;54.2;20.0;39.6;31.6;25.2;20.4;50.4;39.9;33.9;36.4;41.2;24.7;37.3;40.7;27.6;45.4;25.1;33.8;47.1;41.6;32.4;33.6;50.2;30.9;42.7;52.5;34.7;23.4;41.0;40.4;36.3;22.1;30.7
1991-03-01;56.9;45.8;54.2;44.8;34.9;39.4;46.2;66.2;58.1;33.2;43.9;43.2;39.2;46.8;48.3;60.7;29.2;45.6;38.2;33.4;29.2;57.3;48.2;32.1;40.1;37.2;32.9;43.0;43.0;34.7;52.2;30.1;42.3;52.7;37.0;39.4;39.8;56.6;35.8;50.8;59.3;36.2;31.2;47.4;37.4;43.8;32.0;31.8
1991-04-01;65.9;55.5;62.7;52.7;41.9;50.6;54.8;73.3;66.5;39.4;56.0;54.8;51.4;55.8;58.8;69.2;40.9;54.9;48.8;46.7;45.8;66.1;57.8;40.6;49.8;44.0;45.0;52.4;51.6;47.4;60.6;45.4;53.6;61.2;42.2;50.0;49.8;65.1;47.4;60.9;67.1;43.2;45.0;56.4;44.8;54.4;46.7;37.6
1991-05-01;73.2;63.2;72.3;57.9;53.5;62.6;68.5;78.2;73.8;46.5;68.6;68.3;64.2;67.0;70.0;75.5;53.7;68.8;61.2;60.0;58.6;73.8;69.1;49.8;61.0;50.5;57.0;65.9;61.1;60.0;70.5;56.5;67.7;71.2;47.3;64.4;61.9;73.4;58.1;70.2;74.6;52.5;56.1;68.6;50.1;67.1;59.6;48.5
1991-06-01;76.8;71.6;77.8;66.2;62.5;68.0;72.7;79.9;76.4;54.7;75.1;73.9;73.0;76.2;74.0;80.0;61.6;72.4;66.3;67.3;68.0;78.4;75.4;58.2;71.6;62.2;62.7;70.8;68.1;65.5;74.0;66.2;72.0;77.5;53.9;68.4;67.0;76.7;69.3;74.2;79.4;63.5;62.1;71.8;54.7;69.7;68.2;59.2
1991-07-01;80.5;79.3;80.6;75.4;66.5;71.6;77.1;81.7;80.3;66.3;76.3;75.6;73.6;80.1;77.4;82.0;65.5;77.5;69.9;68.7;68.2;81.3;78.1;66.3;74.3;73.6;66.0;75.0;70.6;68.6;79.0;68.8;74.6;81.6;66.3;72.0;71.6;81.2;72.4;78.1;80.9;72.3;65.5;76.9;64.7;74.0;68.4;65.6
1991-08-01;78.8;78.5;78.2;73.2;65.5;70.7;75.7;81.7;78.4;67.1;74.7;73.4;71.6;77.0;75.0;80.6;65.7;75.7;70.0;68.1;68.8;79.2;76.3;68.6;73.1;71.3;66.5;74.2;70.0;68.2;75.6;70.7;72.3;79.5;66.5;70.7;71.3;78.4;72.8;75.5;80.3;70.8;65.9;73.9;65.8;71.3;68.1;65.7
1991-09-01;74.4;72.3;71.6;72.2;57.5;60.8;67.0;79.7;74.2;57.0;66.4;65.4;62.4;68.3;68.7;75.8;53.1;66.9;59.4;56.8;55.8;74.4;67.6;55.6;63.7;63.9;54.7;64.8;62.5;57.4;69.9;56.7;64.1;70.2;61.6;60.9;61.1;73.4;60.8;70.2;72.4;61.3;53.8;67.4;60.4;64.3;56.4;54.5
1991-10-01;64.6;64.1;62.8;64.5;47.4;53.0;57.4;72.6;64.6;44.3;55.6;56.3;49.7;56.8;58.4;69.0;46.2;56.9;52.3;48.0;42.1;65.2;57.6;40.4;49.5;53.6;48.0;55.1;55.2;50.1;59.8;39.6;55.2;62.1;50.0;51.9;54.1;63.5;45.5;59.5;67.1;50.9;47.5;56.8;47.0;54.4;45.4;41.8
1991-11-01;50.4;49.0;46.6;51.6;30.5;42.1;46.7;62.4;52.2;29.7;37.3;38.7;28.2;36.3;43.8;53.5;34.6;45.5;41.1;32.6;21.5;50.4;39.0;27.2;30.5;39.6;36.4;44.9;40.1;37.0;48.4;21.7;39.2;44.0;39.0;39.3;43.4;51.2;26.7;45.4;50.9;35.3;34.8;45.3;37.3;41.2;26.3;25.9
1991-12-01;49.8;41.8;45.1;44.0;25.9;33.1;40.8;62.1;51.0;25.8;33.5;34.4;27.1;36.3;40.3;54.8;17.8;39.5;31.1;25.9;16.7;50.7;37.3;27.0;31.5;31.9;22.8;37.5;34.5;27.5;45.6;20.3;34.4;42.6;34.3;32.7;34.6;49.7;27.3;43.2;49.2;26.4;21.3;41.1;34.5;37.1;20.8;22.4
1992-01-01;44.1;39.6;40.8;43.2;24.7;28.3;36.0;56.4;46.2;26.0;31.0;30.4;27.2;36.4;35.6;48.2;14.2;35.2;26.4;22.9;17.1;44.3;35.4;28.0;31.5;30.8;18.7;32.8;31.6;22.2;41.9;20.3;29.7;40.5;35.0;28.2;29.4;45.6;27.4;38.6;45.4;24.7;16.4;37.4;34.6;32.1;20.3;22.5
1992-02-01;51.4;47.1;48.6;49.1;31.9;29.8;37.6;61.6;52.2;34.4;37.2;37.0;32.0;41.7;42.2;55.8;16.2;37.5;28.2;25.1;22.5;52.1;41.1;32.3;36.8;39.3;21.5;34.6;39.4;23.9;45.8;24.4;35.0;47.8;40.9;30.9;30.8;50.5;31.3;45.1;53.0;34.9;18.5;40.4;39.6;37.2;25.4;30.2
1992-03-01;54.9;50.2;52.6;50.8;38.1;33.6;41.4;63.9;55.2;41.0;42.7;41.1;39.0;47.8;45.7;60.1;23.0;41.4;32.1;29.0;29.6;55.8;47.0;38.7;41.9;43.6;26.1;38.0;45.3;27.5;48.8;33.3;38.8;52.9;44.6;34.4;34.5;53.3;38.3;48.3;58.9;42.0;23.8;44.2;45.1;40.8;30.1;36.7
1992-04-01;61.5;61.2;60.4;58.9;48.2;44.3;51.5;67.9;61.2;45.7;51.0;50.3;46.0;54.6;55.6;65.1;36.9;52.2;43.0;40.2;39.0;62.6;54.8;43.8;48.6;52.9;39.1;48.3;54.6;41.6;57.3;40.1;49.5;59.9;48.1;46.8;44.2;60.9;44.3;57.2;64.5;52.7;38.3;54.1;47.6;50.8;40.4;44.5
1992-05-01;68.0;66.7;66.8;67.0;54.6;56.6;58.9;72.7;67.8;55.3;61.2;59.6;60.1;62.7;61.9;71.5;51.3;59.2;55.0;54.5;57.3;69.4;62.3;53.5;59.7;61.8;52.5;57.7;59.4;54.4;62.1;57.0;58.2;65.8;57.8;55.8;55.7;66.6;59.0;63.4;69.6;58.8;52.5;59.2;56.0;57.6;56.2;52.7
1992-06-01;74.9;73.5;73.9;69.0;59.7;64.3;68.1;79.9;75.2;60.4;68.8;66.6;67.4;68.7;68.8;78.7;60.3;68.0;63.7;60.3;61.3;76.1;69.9;60.9;65.2;64.8;60.9;66.7;66.9;61.2;70.5;61.4;65.0;72.9;61.8;63.1;64.7;74.3;63.7;70.3;77.9;64.4;59.8;67.5;63.4;64.6;61.6;58.5
1992-07-01;79.9;78.1;79.3;73.8;64.4;68.4;75.7;82.6;80.2;62.4;73.2;72.5;68.3;75.5;75.9;81.8;61.2;75.4;66.8;63.0;61.8;80.6;75.6;59.9;68.1;70.4;62.9;72.5;71.5;64.6;78.7;61.8;71.6;79.6;64.4;69.1;68.2;81.4;64.2;76.9;81.4;69.3;61.9;75.6;64.3;72.1;63.3;60.8
1992-08-01;75.8;77.5;74.0;76.2;63.4;67.1;71.4;80.6;77.0;64.9;68.4;67.9;65.7;70.9;70.7;78.2;63.3;70.7;66.4;62.3;62.3;76.2;69.9;61.4;66.9;72.1;63.3;69.4;69.9;63.9;73.4;62.8;67.2;74.4;66.5;65.4;67.8;77.0;64.9;71.8;78.2;70.6;62.5;70.4;65.2;67.6;62.7;62.1
1992-09-01;73.4;73.3;70.5;70.8;58.6;61.2;67.3;79.4;73.8;54.2;64.3;63.7;60.8;67.9;67.0;76.4;55.9;66.4;60.2;57.1;55.6;73.6;65.9;53.4;62.5;63.7;56.8;64.8;65.3;58.6;70.3;54.9;62.8;71.4;57.9;60.6;61.8;73.2;59.8;68.6;76.0;62.2;56.2;66.8;55.4;64.2;56.4;54.5
1992-10-01;61.9;63.8;61.6;62.6;49.1;48.1;53.6;70.7;61.9;47.2;53.5;52.2;50.6;56.4;55.0;66.9;41.8;53.1;46.8;45.3;43.8;63.3;56.1;44.7;50.8;54.3;42.5;50.8;56.4;44.1;56.8;43.7;50.3;62.0;50.6;47.0;49.7;60.3;47.7;56.6;67.4;52.8;41.3;53.4;48.6;50.7;45.2;45.3
1992-11-01;52.4;45.7;48.2;49.5;28.4;39.7;46.8;67.0;54.8;28.0;40.6;42.1;33.0;37.8;46.1;54.3;31.3;45.9;38.4;33.9;26.9;51.8;42.0;29.7;32.3;35.7;32.8;43.9;37.8;36.2;51.0;26.0;42.3;45.6;36.8;40.2;41.1;54.7;29.4;47.8;51.8;31.9;32.3;46.6;36.6;43.9;30.5;25.8
1992-12-01;47.1;38.4;42.0;40.3;22.1;30.8;38.5;60.6;47.3;20.2;30.7;32.0;24.0;29.5;36.5;52.9;22.5;36.8;29.8;26.6;13.5;47.9;34.2;15.4;22.8;26.9;24.5;35.0;32.6;27.0;41.9;9.2;33.0;39.2;28.8;30.3;32.8;45.4;17.2;39.2;48.6;23.4;23.9;37.4;27.3;33.6;20.7;16.3
1993-01-01;48.8;43.5;39.4;41.3;23.7;29.3;38.1;63.5;50.3;19.1;27.8;30.3;17.6;24.8;37.7;50.8;15.1;36.9;27.7;21.4;8.0;47.7;29.6;12.2;18.2;26.4;21.0;35.1;36.8;24.3;43.6;5.9;32.2;35.1;26.2;30.4;30.0;48.2;13.0;40.9;45.5;25.6;19.6;38.8;24.4;36.3;15.1;16.3
1993-02-01;46.2;44.5;41.3;44.0;25.3;23.1;31.9;58.1;46.6;22.5;27.0;26.4;18.9;28.1;34.3;51.8;7.1;31.4;20.8;17.9;11.6;47.0;30.7;15.1;19.1;30.4;12.0;28.4;38.2;14.9;40.0;9.6;26.5;38.5;29.4;23.5;24.4;45.0;13.7;38.3;49.3;28.1;9.2;34.8;29.8;30.9;16.8;16.0
1993-03-01;51.7;51.8;49.0;52.9;36.1;33.1;39.9;62.4;52.6;35.0;36.8;37.0;31.0;41.0;42.2;56.2;24.6;39.2;31.8;29.0;25.5;52.4;40.6;34.4;35.9;44.0;26.9;36.6;45.0;27.6;46.5;28.2;35.8;47.6;40.9;32.8;34.2;51.0;32.5;45.1;56.0;40.4;25.2;41.3;39.1;37.8;28.4;32.0
1993-04-01;58.7;58.6;56.3;55.2;42.1;47.4;52.0;65.9;59.0;39.6;49.2;49.2;45.0;50.0;53.1;61.9;39.8;51.9;45.8;40.4;40.4;59.1;51.2;41.5;45.5;47.0;42.8;50.3;52.2;44.2;55.4;41.3;48.8;56.0;43.2;47.4;47.1;58.4;43.2;54.6;63.0;45.3;41.8;52.8;44.6;50.2;39.8;38.4
1993-05-01;68.8;67.3;67.0;62.3;52.6;59.2;63.8;73.8;69.7;53.8;63.2;62.2;59.2;62.3;64.3;71.1;51.6;64.0;57.8;53.9;53.6;69.3;63.4;53.7;58.1;58.3;54.1;61.9;60.5;55.2;67.1;54.2;60.4;66.1;54.5;58.7;59.0;70.0;56.1;65.4;70.6;57.2;52.9;64.2;57.0;60.8;54.8;50.8
1993-06-01;77.6;74.2;76.4;68.0;60.2;66.3;71.4;80.4;78.1;53.6;70.5;69.4;66.9;71.6;71.8;79.8;59.8;71.1;64.9;61.4;60.7;78.3;72.0;55.8;65.3;61.0;61.4;69.3;69.2;62.4;74.4;58.8;68.0;76.1;55.4;65.8;66.3;78.0;61.6;73.5;79.0;61.4;60.0;71.0;57.1;67.6;61.5;54.3
1993-07-01;82.2;78.3;83.2;72.2;66.0;72.5;78.7;82.5;83.1;56.2;76.6;76.2;71.9;77.6;79.3;82.8;65.4;78.3;70.8;69.1;66.0;82.3;78.4;57.2;70.8;67.6;67.3;76.2;73.6;69.6;80.7;62.4;74.7;83.4;57.6;72.3;71.9;84.2;66.7;80.5;83.1;67.9;66.7;78.2;58.8;74.6;67.9;58.9
1993-08-01;80.1;77.5;81.3;73.2;63.9;71.2;75.5;82.2;80.1;59.7;74.9;73.7;71.6;76.9;76.0;83.6;65.7;75.3;69.9;68.3;66.6;81.4;77.4;59.7;70.7;68.6;66.4;73.6;70.5;67.8;76.3;64.5;73.2;82.1;61.8;70.2;71.3;79.8;68.0;77.2;82.9;67.8;65.7;74.7;62.5;72.3;67.9;60.4
1993-09-01;74.0;71.8;70.6;69.5;55.3;61.8;68.4;79.9;75.7;54.6;61.6;61.5;57.4;63.5;66.5;77.9;55.1;67.7;60.8;54.0;51.6;74.3;63.3;51.6;57.7;62.3;56.3;65.1;63.6;57.6;71.7;52.2;62.2;69.6;59.1;60.6;62.8;75.3;55.0;68.3;75.0;60.5;55.3;68.4;58.4;64.6;52.5;51.5
1993-10-01;62.8;61.0;58.7;61.4;44.8;48.8;55.8;73.2;64.0;45.1;51.8;51.1;49.2;53.6;54.5;66.5;40.4;54.7;47.8;44.7;42.1;63.0;53.5;43.0;48.9;51.3;43.0;52.4;52.7;45.6;58.9;41.8;50.7;57.5;50.6;48.5;50.1;63.0;46.0;56.8;64.4;48.0;42.5;54.8;50.1;51.6;44.1;41.2
1993-11-01;51.7;47.2;46.0;48.8;29.2;40.7;46.6;65.5;53.8;26.6;39.6;41.0;33.8;38.3;44.4;54.4;32.7;45.6;40.1;33.8;25.2;51.6;40.4;25.2;31.8;35.3;34.8;43.9;40.0;36.4;50.2;24.2;41.4;43.9;33.6;39.8;42.7;53.9;28.2;46.1;51.0;32.1;33.5;46.3;32.6;43.0;30.2;23.9
1993-12-01;45.3;41.9;42.5;43.1;26.8;30.4;36.0;56.2;45.7;25.1;31.4;31.3;25.5;35.5;35.9;50.5;22.1;34.6;29.5;25.1;15.8;46.1;35.2;26.3;29.9;31.3;24.3;33.8;35.4;24.5;39.8;16.3;30.9;41.6;33.3;28.8;32.2;44.1;23.6;39.2;49.2;27.7;21.7;35.4;32.5;32.7;21.6;22.9
1994-01-01;40.8;43.2;36.6;45.7;26.8;18.7;28.0;56.8;42.3;28.7;19.9;20.2;10.5;28.8;27.0;47.0;4.2;26.0;17.1;9.5;-2.5;41.2;26.2;20.8;21.8;34.2;8.7;23.7;35.2;10.6;36.3;-1.9;19.6;35.9;36.5;17.8;21.3;41.2;9.8;32.0;46.6;30.9;5.4;29.4;36.7;24.0;3.9;23.5
1994-02-01;50.3;43.3;43.0;43.7;26.2;22.8;33.5;63.8;51.6;25.2;27.1;27.9;17.2;29.9;37.8;53.0;11.4;32.8;21.9;14.2;6.3;49.4;32.5;15.2;21.0;32.3;14.8;28.4;37.2;16.9;43.2;3.0;27.7;38.2;33.1;24.1;24.6;48.7;12.2;41.8;49.1;29.8;12.4;37.5;31.7;33.9;11.7;20.0
1994-03-01;55.8;52.9;51.9;52.8;38.3;35.2;42.8;66.0;57.5;37.4;41.1;39.6;38.0;47.2;44.8;59.1;27.1;41.7;34.0;30.5;30.2;55.8;45.6;35.9;40.8;44.9;29.1;38.7;46.0;29.1;51.2;30.8;37.9;51.9;42.3;33.8;36.8;56.9;36.2;48.2;58.4;42.4;27.1;45.2;42.2;40.5;31.6;34.4
1994-04-01;64.7;58.2;62.7;55.9;43.4;48.9;57.7;72.1;65.3;43.9;53.2;52.8;49.2;53.4;58.0;67.3;38.5;57.9;47.4;43.3;41.9;65.6;55.5;42.6;48.2;48.6;41.9;53.7;52.2;44.9;61.3;41.8;51.9;59.7;46.6;50.5;49.0;64.5;45.1;60.2;65.0;47.5;40.9;58.6;48.2;54.7;43.3;40.8
1994-05-01;68.4;65.2;66.2;61.3;55.3;56.0;59.4;75.7;68.8;52.7;60.6;58.4;60.6;64.7;60.0;72.0;48.8;59.3;54.7;52.8;57.0;69.4;62.3;53.6;62.1;57.2;51.3;58.3;61.1;52.2;62.9;57.3;56.1;66.7;53.4;53.9;55.0;67.6;60.3;61.9;71.5;57.8;50.7;59.3;54.1;55.4;55.4;53.9
1994-06-01;77.8;79.2;78.8;70.9;66.2;68.8;74.4;80.5;77.6;58.4;73.8;72.8;70.9;77.0;74.6;80.3;63.2;74.3;67.8;65.0;65.8;79.0;75.1;59.3;71.1;67.9;65.0;72.2;73.7;65.8;75.5;63.9;71.4;80.1;57.6;68.8;68.0;78.1;67.5;75.4;82.1;69.4;64.0;73.6;57.3;70.7;66.5;61.1
1994-07-01;77.6;81.3;78.1;76.5;67.5;75.0;78.3;80.6;78.0;67.2;73.8;73.4;70.3;75.8;75.6;80.6;68.6;77.4;73.8;67.5;66.2;78.6;75.2;65.9;70.7;75.2;69.9;76.8;74.5;70.4;77.6;65.7;73.0;79.6;68.1;72.1;74.7;79.3;68.8;75.8;82.9;74.1;68.7;76.0;67.3;72.7;67.0;65.1
1994-08-01;77.2;81.3;76.2;75.8;67.8;68.4;72.2;80.2;77.0;67.0;70.6;69.5;68.6;76.9;72.7;79.9;62.7;71.6;67.2;63.7;63.9;78.1;73.7;66.6;71.8;73.3;63.5;70.1;73.6;64.5;74.0;65.7;68.8;79.2;65.4;66.4;68.5;76.9;69.0;73.9;81.5;73.2;62.3;71.7;64.9;68.9;64.0;66.2
1994-09-01;72.2;73.7;70.2;69.8;59.1;61.5;66.0;78.2;72.3;58.9;65.3;64.3;64.3;68.0;65.4;75.4;54.3;65.6;59.8;60.6;59.9;72.8;65.8;58.6;64.5;63.7;55.4;64.2;65.4;58.2;67.6;59.9;63.1;70.9;61.3;60.3;61.5;71.4;62.5;66.9;74.4;63.4;55.0;65.1;61.2;62.1;61.1;57.0
1994-10-01;64.0;59.6;62.4;58.6;46.0;50.7;54.8;73.4;63.6;42.8;56.4;55.1;53.5;57.5;57.0;67.7;45.9;54.6;50.0;49.8;48.6;64.7;58.0;42.5;52.2;49.1;46.7;52.7;53.5;47.9;58.1;46.6;53.2;62.1;46.9;49.3;51.9;61.8;49.5;58.9;66.8;47.6;45.7;54.6;46.5;52.2;49.4;41.5
1994-11-01;58.0;45.5;54.2;42.9;32.1;45.2;51.1;69.5;59.0;25.2;46.2;46.9;39.4;43.8;50.7;62.1;36.4;50.1;44.2;39.1;33.4;58.3;48.1;27.5;37.6;31.0;38.7;48.6;42.5;41.5;53.9;29.7;46.4;50.0;31.7;44.4;46.7;57.4;34.0;52.8;58.0;30.6;37.6;50.4;33.2;47.8;36.5;26.1
1994-12-01;49.9;43.2;44.4;42.1;29.5;35.1;42.0;61.8;50.5;24.5;35.9;37.0;27.0;36.0;41.1;53.1;24.0;41.0;33.9;30.3;20.4;49.6;38.2;23.9;29.0;31.8;27.5;38.9;38.4;30.1;46.6;17.3;36.5;42.3;31.3;34.6;36.6;49.8;23.4;43.7;50.6;29.4;26.0;42.2;31.5;38.6;25.3;25.3
1995-01-01;45.4;42.1;41.1;44.7;27.0;32.3;38.2;56.6;46.4;26.6;25.8;28.1;18.3;31.2;35.0;50.4;19.8;36.6;31.6;22.9;11.8;46.2;29.4;22.4;24.8;34.1;24.8;35.6;35.7;27.2;41.2;9.7;28.8;39.0;35.1;29.8;34.1;45.1;19.2;38.2;48.0;29.4;24.1;37.3;32.6;32.4;16.8;22.3
1995-02-01;47.6;50.9;44.5;51.3;34.4;25.8;32.6;58.9;47.9;33.3;29.8;29.3;25.4;39.2;35.0;53.5;13.0;31.8;24.5;19.1;12.8;48.3;36.0;27.8;33.5;42.8;17.7;28.8;44.0;18.6;40.0;16.5;26.7;45.1;40.9;23.9;27.8;45.0;26.0;39.0;53.2;39.3;15.7;34.9;37.8;30.0;17.8;28.1
1995-03-01;58.2;51.3;53.5;48.9;36.2;39.3;45.9;66.5;58.9;33.8;43.3;43.4;37.0;43.3;48.4;60.6;28.5;45.7;37.5;33.3;29.0;58.2;46.2;29.9;37.0;40.0;32.8;43.3;45.7;35.3;51.7;24.9;41.6;50.0;38.9;39.7;39.5;56.8;31.1;51.8;56.5;39.6;32.3;47.7;39.6;44.3;32.3;31.3
1995-04-01;63.2;54.9;60.1;52.9;39.8;45.3;53.5;70.4;64.0;39.8;50.1;50.4;44.8;50.4;56.1;66.2;35.8;52.8;43.5;38.9;37.1;64.0;53.6;38.0;43.5;44.7;38.0;49.4;49.5;39.8;59.4;36.6;48.2;57.3;42.6;45.0;46.2;64.1;39.1;58.7;63.8;44.0;36.4;54.6;44.7;51.0;38.4;36.9
1995-05-01;72.1;61.7;68.3;58.4;47.2;55.7;61.9;78.3;72.7;48.3;60.1;60.1;56.5;57.3;63.6;75.0;50.0;61.9;54.4;53.3;53.1;72.7;60.9;48.4;52.6;51.6;51.6;59.0;58.7;53.7;66.6;51.6;58.5;64.6;51.6;56.4;55.4;71.9;52.5;66.2;72.4;50.6;51.2;62.6;54.6;59.2;53.8;44.4
1995-06-01;75.2;72.1;74.6;66.1;58.5;67.0;71.2;79.2;75.4;54.4;72.3;71.6;69.9;70.4;72.0;78.4;62.6;71.2;65.8;67.4;68.4;76.0;71.6;57.9;66.6;59.8;63.9;69.4;67.4;66.1;72.2;66.3;70.5;73.6;56.2;67.6;66.2;75.4;65.6;72.0;77.4;59.9;63.4;70.6;58.1;68.7;68.5;55.4
1995-07-01;81.1;80.3;80.0;74.2;65.5;73.8;78.2;82.2;81.2;63.4;76.4;75.2;73.9;78.1;76.8;82.5;68.0;77.6;72.6;69.4;68.4;81.3;77.1;64.1;74.0;70.3;69.4;76.1;72.6;70.6;78.2;67.6;73.9;81.1;64.5;72.1;73.4;81.1;71.6;77.3;82.7;69.9;68.8;76.3;64.7;73.1;70.0;63.5
1995-08-01;81.9;81.4;83.1;75.0;68.8;70.3;76.4;82.4;80.6;62.5;78.8;77.9;76.2;80.2;79.3;83.8;64.9;76.4;68.9;71.4;69.5;82.6;79.9;64.4;76.1;71.1;65.5;74.3;73.7;68.7;77.6;69.5;76.2;82.0;62.0;72.4;70.7;80.1;73.7;79.4;82.2;71.8;64.8;76.1;60.2;74.9;71.8;66.2
1995-09-01;73.7;74.6;70.0;71.2;57.4;60.5;68.0;79.9;73.0;56.8;63.3;63.2;60.2;66.2;66.5;77.3;52.2;66.9;59.1;56.4;56.0;74.0;64.8;54.5;61.3;64.3;54.0;65.5;65.0;56.8;68.7;56.1;62.0;70.6;60.6;60.4;61.4;72.0;59.5;68.2;75.4;62.6;53.1;66.1;60.8;62.6;56.4;54.1
1995-10-01;63.6;63.1;62.0;62.2;45.8;54.5;59.8;75.0;65.5;41.5;55.4;55.1;50.7;56.2;57.2;67.0;48.8;59.0;53.6;49.6;44.1;63.8;57.4;41.3;49.6;51.7;49.9;57.8;55.3;52.1;61.4;43.1;54.9;61.2;47.0;53.8;55.7;65.2;46.4;58.4;66.3;49.1;49.5;58.0;45.4;55.0;47.3;40.2
1995-11-01;49.7;55.0;47.8;55.9;38.0;37.8;42.6;62.8;50.9;36.6;35.6;36.3;30.3;42.1;40.6;56.1;30.6;40.9;36.9;28.7;21.1;50.5;40.5;31.4;36.0;45.6;32.2;40.5;46.7;33.0;45.9;22.0;36.4;49.0;43.3;35.4;39.9;50.0;29.8;42.8;55.9;41.9;31.2;41.9;40.2;38.2;24.4;33.0
1995-12-01;44.7;44.7;40.7;46.4;29.4;26.1;32.9;57.3;45.3;26.8;28.2;27.3;23.9;32.5;33.9;50.5;17.0;32.0;25.1;20.2;12.3;45.7;32.8;20.8;27.7;35.1;19.5;29.8;37.5;20.8;38.3;11.6;26.4;39.2;34.2;25.1;28.4;43.1;21.9;37.3;48.8;31.9;17.3;33.7;31.8;29.5;16.2;24.7
1996-01-01;43.5;44.2;38.2;45.6;24.4;25.2;32.6;56.6;44.6;24.0;24.4;25.2;15.8;27.0;32.4;49.0;13.7;30.6;24.6;16.7;1.0;44.4;27.7;11.3;19.0;34.2;17.8;28.8;36.3;18.9;38.3;0.3;25.3;35.4;33.2;23.6;27.6;42.9;10.3;35.8;45.9;29.2;15.1;32.9;29.0;29.5;10.1;17.4
1996-02-01;47.3;50.1;44.4;48.8;30.8;27.4;34.8;58.8;49.1;27.0;30.4;30.4;23.2;36.2;36.4;52.9;16.9;34.1;26.0;19.0;12.0;48.2;35.4;23.1;29.8;37.4;19.7;32.0;42.9;21.8;41.8;14.6;28.8;43.4;35.1;27.0;28.3;47.7;23.1;39.0;52.9;34.1;18.4;36.1;32.0;31.9;15.8;24.2
1996-03-01;50.9;51.9;46.2;51.5;33.8;33.4;39.6;60.6;51.1;34.8;34.5;34.2;29.9;37.8;40.0;54.4;25.4;38.7;31.8;25.0;19.3;51.0;38.2;24.2;31.0;42.0;27.4;36.5;43.4;27.8;45.2;17.3;33.5;45.0;40.6;31.8;34.2;50.1;24.2;43.5;53.1;40.0;25.9;40.5;39.2;36.2;23.1;27.9
1996-04-01;60.0;59.9;58.2;56.8;43.7;46.5;53.3;67.8;60.9;41.4;48.6;48.1;45.7;53.5;52.5;64.2;39.1;53.4;45.2;38.4;36.5;60.8;52.3;41.7;47.3;48.4;41.0;50.5;53.2;41.6;57.4;36.3;48.3;58.6;45.3;47.1;46.7;60.9;42.4;54.5;64.5;46.4;39.8;54.4;46.0;50.6;38.8;39.8
1996-05-01;73.0;69.6;72.3;62.5;55.5;55.8;60.6;77.0;73.1;46.5;61.6;60.8;56.4;65.2;66.5;76.6;48.7;60.4;54.8;51.2;51.6;74.4;65.7;45.9;56.4;56.0;50.9;58.3;66.7;52.6;67.4;50.4;58.7;73.0;48.3;55.6;56.0;72.0;52.2;68.6;78.5;56.9;50.2;62.9;48.2;60.6;51.5;47.1
1996-06-01;76.7;78.0;76.3;70.4;63.4;67.1;72.3;79.2;76.7;58.3;71.5;70.8;69.5;74.4;72.4;79.0;61.2;72.4;66.0;64.3;65.3;77.6;72.8;60.5;69.5;66.9;63.2;70.1;72.0;65.3;73.9;65.1;70.0;77.5;57.8;67.9;66.6;76.7;67.4;73.4;81.1;67.9;62.6;72.1;57.2;69.4;64.4;60.6
1996-07-01;79.6;82.3;79.2;78.1;68.1;69.4;74.2;82.2;80.3;67.0;72.6;71.5;70.5;76.8;73.8;82.1;64.3;73.5;68.8;64.8;66.4;80.5;74.9;66.0;71.8;75.3;65.8;71.7;73.8;66.4;76.6;66.6;70.5;80.8;68.2;68.1;69.4;80.4;69.6;75.6;83.6;74.2;64.9;73.3;66.6;69.3;65.7;66.2
1996-08-01;77.9;80.2;77.6;76.7;66.1;69.8;73.2;80.6;77.7;64.5;73.5;72.7;70.0;74.5;74.3;80.1;64.2;72.6;69.0;67.4;67.4;78.5;74.8;66.5;70.6;72.5;65.7;71.9;71.0;67.3;74.3;69.1;71.4;77.5;66.0;68.7;69.8;77.5;71.2;75.0;80.3;71.7;64.8;72.2;64.8;70.0;67.1;64.8
1996-09-01;72.1;70.3;70.0;68.4;55.7;62.3;68.1;79.1;73.2;52.5;64.2;63.9;60.7;65.0;66.2;75.7;55.9;67.2;61.1;59.5;57.6;72.9;64.8;52.6;60.3;60.9;58.2;66.2;62.3;60.2;69.2;56.1;63.5;69.1;55.9;61.9;62.8;72.8;58.8;67.5;73.9;59.0;58.1;66.2;55.0;63.2;58.8;52.3
1996-10-01;62.7;60.8;61.2;59.2;46.0;50.3;56.7;72.0;63.1;43.4;54.8;54.4;51.7;56.3;57.0;67.0;43.3;56.0;49.5;47.7;45.2;64.0;56.6;41.8;50.8;50.0;44.8;54.1;53.6;48.0;59.4;42.8;53.4;60.7;47.7;50.5;51.2;62.1;46.9;58.5;65.8;48.0;44.6;56.3;45.9;53.5;46.7;41.8
1996-11-01;52.7;51.0;46.6;51.1;34.6;37.4;41.5;64.9;52.8;33.3;34.9;35.7;29.0;38.2;41.0;58.8;30.8;40.4;36.2;30.5;20.3;53.8;38.1;22.3;30.0;40.7;31.6;39.8;43.9;32.6;45.5;15.0;35.6;45.7;39.6;35.2;38.7;50.2;22.0;44.5;55.9;37.6;30.3;41.0;35.3;37.2;25.8;29.1
1996-12-01;49.1;44.2;44.6;45.6;27.2;35.9;41.3;60.0;49.2;25.3;30.5;33.0;19.6;32.1;40.3;54.1;28.2;39.6;34.9;25.6;8.8;50.1;34.0;15.0;22.8;34.2;29.6;38.4;37.0;31.9;44.4;4.6;35.4;41.1;34.0;34.0;37.6;48.0;11.5;42.7;49.8;30.0;29.2;40.3;28.1;37.5;17.9;21.3
1997-01-01;45.9;42.0;38.6;44.5;24.7;26.9;34.1;59.4;48.0;24.1;21.4;23.1;14.6;28.6;32.5;49.2;13.8;33.3;25.4;17.6;4.5;45.0;26.4;14.3;21.2;32.0;17.8;30.3;32.9;20.0;40.5;1.6;25.9;36.6;32.7;25.1;28.3;46.0;10.6;37.0;44.9;27.3;15.9;35.2;30.4;30.7;11.6;18.8
1997-02-01;50.8;44.7;46.0;46.6;27.2;33.9;40.8;64.1;52.0;26.8;33.6;34.7;25.0;34.8;41.9;53.7;18.2;40.0;32.5;23.5;15.0;50.9;37.4;26.0;29.4;34.8;24.9;38.0;36.9;27.3;46.0;16.7;34.6;42.7;35.1;33.0;35.4;50.5;22.8;45.0;49.0;29.5;23.2;41.6;34.0;38.4;20.7;22.1
1997-03-01;61.2;55.0;54.8;54.0;38.3;35.8;45.5;70.5;62.5;34.6;42.9;42.3;37.2;46.6;48.5;63.6;22.8;45.0;33.7;29.6;24.0;60.4;47.0;31.8;40.2;44.5;26.7;41.2;47.4;30.1;54.4;22.5;41.4;52.2;40.7;37.6;36.7;60.6;31.9;52.9;59.4;41.6;24.8;48.0;38.7;44.6;28.9;32.9
1997-04-01;58.8;56.2;56.0;55.6;38.4;45.2;51.1;68.3;60.1;38.5;47.6;46.9;44.3;48.6;50.2;62.0;36.8;50.4;43.4;40.4;38.8;59.2;50.0;36.0;42.4;45.4;38.9;48.4;48.5;41.0;54.5;36.5;46.2;54.2;43.0;44.6;45.6;59.0;39.5;53.0;59.7;42.8;37.9;50.8;43.6;46.7;41.1;34.2
1997-05-01;67.2;70.5;65.9;67.6;52.6;54.2;59.7;74.8;67.1;52.3;57.6;56.2;54.2;60.7;59.0;72.2;46.8;59.1;53.0;47.4;49.6;68.9;59.8;51.0;55.2;60.5;48.6;57.1;61.4;49.8;62.4;51.7;54.4;65.6;55.7;52.7;54.0;66.2;53.1;61.5;70.5;58.0;47.6;58.8;54.5;54.8;49.3;49.5
1997-06-01;74.0;73.8;74.3;68.4;62.2;66.3;69.3;78.7;73.5;57.2;70.6;69.2;70.4;72.3;70.1;78.5;60.7;69.3;65.3;65.6;67.0;76.0;71.5;60.6;69.4;64.0;62.8;67.8;68.5;64.9;70.3;67.2;68.3;74.4;56.6;65.9;66.0;73.4;68.0;70.9;77.6;65.2;62.5;68.6;56.9;66.8;66.0;60.0
1997-07-01;80.1;79.4;81.3;74.0;67.2;70.8;76.1;81.9;80.3;62.9;75.1;73.8;73.4;78.2;76.3;82.9;65.6;75.7;69.7;67.4;68.0;81.3;77.7;64.4;74.2;70.1;65.7;74.0;72.9;66.9;77.5;68.7;71.9;81.5;64.0;69.5;71.2;80.3;71.4;77.5;82.7;69.8;64.3;75.3;63.2;71.8;67.7;64.2
1997-08-01;77.7;79.1;77.4;74.9;65.0;68.4;73.6;81.5;77.5;65.0;71.0;69.8;69.5;75.1;73.0;81.2;62.8;72.7;67.6;63.1;64.9;78.6;73.8;64.8;71.1;71.8;64.1;71.0;71.6;64.9;74.3;67.4;68.3;78.1;66.2;66.8;69.0;77.4;69.4;74.2;81.8;70.2;62.9;72.1;66.5;68.4;63.6;63.7
1997-09-01;74.8;75.0;73.2;70.8;59.8;61.6;67.1;79.8;74.8;57.4;66.3;64.8;64.2;69.9;67.2;78.3;54.9;66.3;60.5;58.5;59.9;75.6;68.4;58.1;64.9;63.3;56.2;64.4;67.9;57.8;69.6;60.4;62.9;74.0;59.1;60.4;62.5;73.5;63.1;69.5;78.0;61.7;55.3;66.4;59.2;62.5;59.4;56.4
1997-10-01;63.1;60.2;60.9;59.0;45.9;50.0;57.0;72.2;64.1;42.8;54.9;53.6;52.1;56.8;56.2;67.1;43.2;55.9;48.6;47.3;46.3;63.7;56.9;43.4;51.6;49.9;44.4;54.2;53.7;46.9;59.3;45.3;52.9;61.3;46.9;50.5;50.9;63.1;49.7;57.7;66.0;48.4;43.7;55.9;46.3;52.6;47.5;42.8
1997-11-01;50.0;51.0;47.1;51.6;32.2;38.6;44.8;63.6;51.4;33.8;38.6;38.6;32.9;40.2;42.2;54.8;31.3;43.3;37.6;33.1;24.9;50.4;41.2;30.4;34.6;41.0;32.9;42.1;41.8;34.5;46.8;25.4;38.9;45.9;40.8;37.4;40.2;50.3;30.0;43.9;52.5;37.3;32.0;43.3;39.6;39.7;29.7;28.8
1997-12-01;44.8;39.4;40.4;42.4;24.6;32.0;38.9;58.9;47.2;23.4;32.0;33.0;27.4;32.2;36.6;49.0;20.8;37.7;31.0;29.0;23.9;44.9;34.1;25.8;29.4;29.7;24.7;36.1;31.3;27.8;41.6;24.9;33.6;38.3;32.3;32.1;33.4;45.6;28.0;38.9;45.0;26.4;22.7;38.0;32.4;34.8;26.2;21.0
1998-01-01;47.8;43.8;44.3;45.1;28.2;33.1;41.5;60.5;49.5;27.9;31.8;34.8;23.5;32.6;40.8;53.3;17.8;40.3;31.1;24.8;14.0;48.7;35.3;19.0;26.6;35.2;23.2;38.8;37.1;27.5;44.3;10.4;35.6;40.4;35.4;34.3;34.3;48.1;19.3;42.6;50.6;31.8;21.7;40.7;32.0;37.6;20.3;22.7
1998-02-01;49.2;42.0;46.5;43.6;29.5;35.2;41.3;60.0;50.3;29.4;40.0;39.4;34.8;39.6;42.4;53.2;24.2;40.5;33.7;32.0;28.8;49.9;41.2;30.4;35.2;33.5;27.8;39.1;37.3;30.2;45.6;27.8;38.7;44.8;35.8;35.8;36.0;49.4;32.7;44.4;51.1;31.5;26.1;41.5;37.7;39.0;31.6;26.4
1998-03-01;53.4;49.0;49.6;49.2;33.7;39.3;45.7;62.2;53.7;34.0;40.6;41.3;32.8;38.2;46.5;57.8;29.6;44.9;37.9;32.8;27.5;54.9;41.1;28.9;31.8;40.3;32.7;43.2;43.1;34.8;49.4;21.8;41.8;46.3;39.9;39.6;39.9;52.7;26.4;48.3;55.0;38.1;31.3;45.4;41.0;42.6;31.3;28.4
1998-04-01;61.6;52.7;59.7;51.6;41.0;48.6;55.2;69.7;62.4;41.3;52.6;52.4;49.7;51.9;54.5;64.4;41.4;55.1;47.2;45.7;46.8;62.2;54.0;43.7;47.4;43.9;43.8;52.4;48.3;46.0;58.5;46.9;51.2;57.0;44.2;49.5;48.4;62.0;46.9;56.8;63.0;43.4;43.2;55.6;46.0;52.4;47.0;39.5
1998-05-01;73.6;63.0;72.7;54.9;54.4;61.0;64.8;77.4;74.1;49.0;67.4;66.4;65.0;67.9;67.9;76.8;56.5;65.3;59.7;60.4;60.4;74.1;69.2;52.7;61.9;50.0;57.6;63.3;61.8;60.4;68.4;56.9;65.0;72.0;48.1;62.4;59.8;72.9;59.3;69.5;77.2;53.7;58.1;65.5;52.9;63.4;60.9;50.4
1998-06-01;80.7;71.8;79.9;65.2;59.4;65.2;71.3;84.1;80.9;53.6;71.8;71.1;67.1;73.6;73.5;83.4;59.7;70.6;64.2;63.8;62.1;81.6;73.6;54.4;65.0;59.7;61.4;68.5;69.9;63.7;75.8;59.8;69.1;79.9;56.6;65.6;64.9;80.2;61.7;75.8;83.9;60.0;61.8;71.7;58.8;68.0;63.5;52.4
1998-07-01;81.8;81.2;84.0;76.0;69.0;71.2;76.0;83.6;82.4;69.1;75.4;73.6;73.8;79.6;76.0;85.4;66.1;75.4;70.4;68.8;69.0;82.9;78.0;69.1;75.3;73.8;66.9;74.4;74.3;67.7;78.4;70.2;72.0;85.9;68.8;69.6;71.6;82.3;73.4;78.0;86.4;73.6;65.6;75.3;69.0;71.6;69.4;68.0
1998-08-01;79.9;80.4;80.9;77.2;66.2;71.6;75.2;82.7;79.5;67.0;74.8;73.7;72.9;77.9;75.4;83.8;64.8;75.1;70.2;69.0;68.9;81.4;76.8;68.1;73.4;73.2;66.3;74.1;71.5;68.0;76.5;70.6;72.7;82.6;67.5;70.2;71.6;79.4;72.2;76.4;82.3;71.6;65.1;74.6;66.8;71.6;68.9;65.2
1998-09-01;77.4;73.6;77.9;69.2;62.5;64.2;71.2;80.3;76.1;60.4;70.9;69.6;68.2;74.4;73.0;80.6;56.7;71.5;63.0;62.6;62.4;78.8;73.4;61.4;69.1;62.9;58.6;68.2;68.9;61.1;73.2;62.4;68.0;79.6;62.0;64.7;64.7;75.3;66.9;74.4;79.5;63.0;57.8;71.6;62.2;67.7;63.1;59.9
1998-10-01;66.8;60.5;64.1;57.7;47.0;51.8;57.5;75.2;66.8;43.3;56.6;55.8;53.1;58.5;59.2;70.0;45.2;57.0;51.1;50.1;47.7;67.6;58.6;44.2;51.7;47.9;47.2;55.1;55.4;49.4;61.0;45.4;54.2;63.6;46.8;51.8;52.7;65.2;48.4;61.6;68.5;47.8;46.7;57.4;47.0;54.4;49.0;43.2
1998-11-01;57.9;50.6;53.7;48.8;37.6;41.3;47.1;69.6;59.6;34.3;45.6;44.9;40.7;47.1;48.3;61.4;33.7;46.7;40.3;39.2;31.9;58.0;48.4;33.1;40.6;39.5;36.1;44.7;45.7;38.5;51.8;28.8;43.9;52.4;38.5;41.5;42.6;57.3;36.0;50.7;58.5;38.0;35.5;47.4;39.6;44.0;37.2;33.1
1998-12-01;51.4;42.7;43.9;42.0;26.5;36.6;42.0;64.6;53.0;22.6;35.1;36.4;29.4;34.5;40.7;53.6;26.2;41.7;35.6;29.8;19.4;50.1;36.4;21.2;29.3;30.4;30.1;40.0;36.9;32.8;47.0;17.4;36.9;40.6;30.1;36.0;37.7;51.6;25.6;43.3;48.2;27.0;29.2;42.6;30.2;38.4;25.4;21.3
1999-01-01;49.4;45.4;42.6;45.0;29.8;27.4;38.0;60.7;49.9;27.1;25.1;27.0;17.0;31.7;37.5;54.1;14.3;36.1;26.0;17.7;7.6;49.8;30.6;22.2;26.4;34.5;18.9;33.1;39.3;20.7;45.0;6.9;28.4;39.7;34.5;27.0;29.6;49.0;17.6;42.0;50.3;31.9;17.0;39.0;34.3;34.5;12.0;24.6
1999-02-01;51.8;48.0;49.6;44.9;33.3;31.7;38.3;61.9;51.7;27.0;37.4;36.4;32.9;42.8;41.4;57.8;21.4;37.5;30.6;27.3;23.2;53.3;42.4;30.2;37.0;35.7;24.4;35.4;42.6;27.1;44.8;22.9;34.8;49.2;33.3;31.7;33.4;49.6;32.9;44.7;56.6;34.0;22.2;40.0;35.0;36.3;26.6;28.0
1999-03-01;52.8;53.0;49.0;47.5;39.3;37.4;42.2;62.6;53.4;33.8;38.3;36.7;36.3;42.8;41.7;58.4;31.0;41.0;36.4;30.4;30.4;53.6;42.3;35.2;39.2;41.2;31.5;40.0;46.9;30.1;46.6;31.2;35.3;48.7;37.4;34.2;38.8;51.3;36.8;44.8;57.6;41.9;28.9;42.3;38.6;36.8;31.8;34.4
1999-04-01;67.1;53.2;63.4;51.3;40.1;47.9;53.4;72.8;67.1;38.7;54.3;53.6;50.0;53.5;58.4;70.6;40.4;53.5;46.6;45.8;44.7;68.0;56.9;40.0;47.1;42.5;42.4;50.7;50.3;44.0;60.4;42.6;52.8;60.1;42.0;48.6;48.3;65.3;44.7;61.4;66.9;41.7;41.3;56.1;43.7;54.3;46.6;36.5
1999-05-01;69.5;65.3;68.2;60.4;50.4;58.5;63.0;74.6;69.5;46.6;64.1;63.6;60.5;63.1;64.9;73.6;55.4;63.2;57.4;57.7;56.8;71.1;63.8;48.7;58.2;54.0;55.4;60.5;59.8;57.4;65.2;54.3;62.1;67.2;48.1;59.3;58.4;68.4;55.9;65.8;72.8;52.8;55.5;62.9;48.5;60.8;58.0;46.7
1999-06-01;76.7;74.5;76.5;67.8;60.5;68.8;71.3;79.3;76.3;55.6;72.2;72.0;68.9;71.0;73.5;79.8;64.8;71.3;68.1;66.4;64.4;78.4;72.6;57.0;66.9;64.1;66.0;70.6;68.3;66.7;72.4;62.6;71.1;75.1;56.3;67.3;68.6;75.4;65.1;74.4;79.2;64.0;65.4;70.7;56.0;69.3;65.4;56.7
1999-07-01;80.5;78.3;81.6;73.3;68.3;74.8;79.2;82.2;80.5;63.7;78.6;77.9;76.8;80.4;79.5;82.1;67.8;78.9;73.0;71.8;71.3;81.6;80.0;64.0;76.1;71.5;69.1;78.4;72.4;71.3;78.6;69.2;76.8;82.2;63.5;74.0;74.4;80.9;73.3;79.4;81.8;71.7;68.5;77.6;62.0;75.3;72.4;66.0
1999-08-01;81.8;77.8;81.2;72.6;65.5;69.8;76.2;83.1;82.1;65.4;71.7;71.2;70.0;77.5;75.3;84.8;63.9;75.0;68.5;65.3;66.3;82.5;75.6;66.4;71.8;69.4;64.6;73.8;71.1;65.8;77.8;67.3;70.0;83.3;64.9;68.5;70.4;82.2;71.0;76.9;84.3;69.1;63.6;74.8;65.6;70.4;65.9;64.9
1999-09-01;73.3;72.6;71.9;70.7;55.4;64.6;68.6;78.9;73.4;54.2;65.2;65.6;61.3;65.4;68.1;75.8;61.7;67.4;64.3;59.7;56.4;73.7;66.5;51.6;60.3;62.8;61.2;67.2;64.4;62.1;68.6;53.6;64.7;70.3;58.6;62.8;65.5;72.0;57.1;69.3;75.8;59.8;60.6;66.0;57.1;63.3;57.8;51.0
1999-10-01;63.6;64.2;62.0;63.7;48.0;50.1;55.8;73.2;64.4;46.2;54.5;53.7;50.9;56.5;56.8;66.7;42.4;54.8;48.9;46.4;44.2;63.9;56.9;44.7;51.2;54.1;44.0;53.0;55.0;46.7;58.7;43.3;52.6;61.6;50.3;49.3;51.4;62.6;47.8;58.4;65.8;51.8;43.3;54.7;46.7;52.3;45.7;45.0
1999-11-01;56.2;55.1;55.8;53.0;41.2;45.4;51.4;65.7;57.7;38.8;48.4;47.8;44.3;50.4;51.3;59.6;37.3;50.7;44.8;41.0;37.6;56.7;52.0;39.0;45.0;44.6;40.2;48.6;47.7;42.2;54.5;37.3;46.2;56.1;43.1;44.8;46.5;57.3;42.4;52.8;59.6;42.4;39.3;51.4;41.1;47.6;39.6;38.8
1999-12-01;47.0;42.0;44.0;45.3;27.9;33.8;40.5;59.0;47.9;25.9;32.6;33.0;27.0;36.8;38.7;50.9;25.2;39.1;32.8;26.9;21.4;47.6;36.8;29.5;32.5;32.5;27.1;37.6;34.2;28.6;43.4;24.3;33.0;42.7;34.3;32.4;35.7;46.7;29.1;41.5;48.6;28.8;25.7;39.7;34.7;35.4;22.7;25.2
2000-01-01;46.5;45.8;41.8;45.8;29.1;24.6;33.3;58.4;46.2;25.7;27.3;26.7;21.6;33.3;33.8;52.6;14.1;32.5;23.5;19.3;10.3;47.3;33.0;22.1;28.6;35.0;16.9;30.0;38.9;19.2;38.8;12.4;26.2;40.3;32.4;25.6;26.7;43.5;21.1;37.8;50.7;31.9;15.0;34.0;30.4;29.5;15.1;24.0
2000-02-01;52.3;48.4;49.1;47.2;34.3;31.3;39.2;60.5;51.6;32.0;37.4;36.7;32.5;41.0;43.1;57.7;18.2;38.7;30.1;26.5;22.8;53.2;42.2;26.9;35.0;38.3;22.8;35.3;43.7;25.9;45.6;22.1;35.6;48.0;37.3;31.6;33.0;49.6;30.1;45.4;57.0;36.0;20.8;41.5;35.2;39.0;25.3;29.4
2000-03-01;58.9;50.5;54.8;50.2;36.6;41.9;48.7;67.6;59.1;34.5;46.2;45.4;43.1;46.3;50.1;63.6;32.6;48.4;40.6;38.8;36.4;59.8;48.2;35.5;41.9;41.0;35.5;45.6;45.7;37.9;53.4;35.1;44.9;52.8;38.6;42.6;42.3;57.8;39.3;52.5;61.4;38.8;34.1;49.6;39.1;46.1;38.4;33.4
2000-04-01;60.1;61.9;59.2;57.8;46.4;46.1;52.4;68.1;60.6;45.3;51.5;50.4;49.4;53.8;53.9;64.9;39.1;52.7;45.1;42.4;42.2;61.3;54.4;43.2;48.7;51.5;41.3;49.8;55.5;42.6;56.9;41.6;49.7;58.5;47.8;47.5;46.1;60.4;45.0;55.3;66.1;51.0;39.8;53.9;47.8;51.0;42.9;42.5
2000-05-01;74.0;71.2;70.8;63.9;56.1;57.9;64.7;77.3;73.9;50.3;65.1;64.2;62.8;66.5;67.0;76.6;49.5;64.9;56.4;56.6;56.7;74.4;67.2;51.5;61.6;58.6;52.7;62.0;66.0;56.4;69.1;55.4;62.9;70.5;51.2;60.0;57.2;73.4;58.1;68.8;76.9;59.3;52.9;65.7;51.1;62.9;57.1;51.3
2000-06-01;77.6;77.8;75.1;72.2;63.0;66.0;73.0;80.5;78.0;58.6;70.3;70.4;67.7;72.0;73.1;79.8;59.4;72.4;65.1;63.5;61.5;78.1;71.2;58.0;67.6;68.1;61.6;70.3;70.7;63.5;75.0;60.4;69.8;74.0;60.2;67.2;66.2;78.4;64.4;74.1;78.6;67.3;60.4;72.6;58.5;69.8;62.8;58.3
2000-07-01;81.9;81.5;80.1;73.5;69.8;67.8;72.8;82.3;80.8;66.5;73.2;71.8;72.2;79.0;74.5;83.2;63.0;72.0;67.0;66.1;68.6;82.2;76.1;68.4;75.2;72.4;63.7;71.0;74.6;64.8;75.4;69.7;69.9;81.0;64.7;66.9;68.5;79.8;73.0;76.8;84.1;74.0;63.1;72.3;63.5;69.0;67.6;68.2
2000-08-01;81.0;79.4;83.8;75.0;69.0;67.9;73.1;81.7;79.5;66.3;74.6;72.0;72.7;83.0;74.8;84.3;63.1;72.6;67.0;66.1;67.6;83.2;79.5;66.8;76.4;72.3;63.7;71.0;73.2;65.4;75.0;68.4;69.7;85.3;65.4;67.3;68.7;78.8;73.2;77.1;84.2;73.0;63.3;72.4;63.4;69.5;67.6;67.4
2000-09-01;73.9;74.9;73.7;69.1;59.4;61.2;66.2;79.5;72.6;54.0;66.3;64.4;64.6;71.1;67.2;77.7;54.5;65.7;60.2;58.0;56.6;75.4;69.0;54.4;64.5;62.2;56.2;64.4;68.0;58.3;69.1;57.0;63.2;75.3;57.2;60.6;62.2;72.2;62.3;69.6;78.1;62.0;55.5;65.7;56.3;63.3;58.1;54.1
2000-10-01;64.6;60.2;63.9;58.4;47.4;51.1;57.6;70.9;63.7;44.1;58.0;57.2;54.8;59.4;59.6;67.5;44.6;57.2;50.2;50.8;48.2;65.2;60.1;43.5;52.7;50.0;46.2;54.9;53.9;48.8;59.7;46.3;55.9;63.8;47.5;52.0;52.2;62.6;50.1;61.1;67.2;49.1;45.6;57.4;46.8;55.2;50.5;43.1
2000-11-01;52.8;43.8;46.8;46.0;27.2;40.5;44.6;63.4;53.6;25.7;38.9;40.3;32.2;36.8;44.2;55.3;35.6;43.3;40.0;36.2;28.4;52.1;39.8;22.1;28.2;33.8;36.1;43.0;37.1;36.3;47.5;21.7;40.1;43.3;33.8;38.3;42.2;51.8;24.4;46.9;51.1;29.8;34.8;43.6;32.6;40.4;32.4;19.8
2000-12-01;39.2;44.7;31.6;46.5;25.7;26.1;31.3;56.7;40.6;24.2;17.6;19.2;10.0;24.2;26.7;43.7;17.5;29.2;25.0;15.9;2.5;38.4;21.1;15.8;18.7;34.6;19.2;29.0;35.2;19.4;35.1;2.8;21.6;30.9;33.5;22.4;28.0;38.6;10.5;30.6;42.4;30.4;16.5;30.1;29.4;25.6;8.6;19.0
2001-01-01;41.2;40.3;37.0;42.3;24.7;25.8;33.1;53.0;43.3;23.0;25.7;26.9;20.8;31.0;31.8;45.6;14.0;32.2;24.6;23.4;16.0;40.9;29.4;24.6;27.5;29.7;18.5;29.8;31.8;22.4;39.3;17.0;27.5;35.8;32.1;26.1;28.0;43.3;22.7;34.3;43.9;26.3;17.8;34.3;31.8;29.4;19.1;20.9
2001-02-01;52.6;44.2;45.5;43.1;28.2;29.5;38.6;65.2;53.6;25.1;30.9;33.5;18.1;30.4;41.3;56.6;16.0;38.1;27.8;22.1;6.7;52.5;34.3;16.5;22.0;32.0;20.8;35.0;39.3;24.7;46.4;5.5;34.0;41.2;33.1;31.5;30.9;51.3;12.4;44.6;51.9;31.7;19.5;41.2;32.1;38.0;14.8;19.8
2001-03-01;51.4;51.8;47.9;52.6;36.0;34.1;41.2;64.3;53.8;36.6;37.1;37.2;30.2;41.1;41.4;55.3;24.2;40.4;32.5;29.4;24.2;51.7;40.1;33.8;35.8;43.8;26.8;38.2;44.4;28.0;47.2;27.1;36.3;46.7;41.3;33.3;35.3;52.3;29.8;44.6;53.3;41.4;25.2;42.0;40.0;37.3;28.0;32.5
2001-04-01;64.7;57.5;65.4;52.0;45.9;47.9;53.9;70.0;64.2;40.1;57.6;56.5;52.7;58.3;59.9;69.9;38.1;54.5;45.9;46.1;43.4;66.8;60.5;41.1;50.6;45.7;40.8;51.4;54.2;44.4;59.8;42.6;53.9;63.6;41.8;49.2;47.5;63.5;46.1;61.3;67.8;47.0;39.9;56.6;43.5;54.6;46.8;41.1
2001-05-01;70.6;70.8;70.0;68.6;53.9;58.9;63.2;74.9;70.8;52.6;64.8;64.0;60.9;65.1;66.2;74.3;54.4;62.6;57.8;57.2;56.6;71.7;65.9;53.3;59.8;61.8;55.2;61.6;63.1;57.0;66.3;56.0;61.5;69.0;55.0;58.6;58.9;70.7;57.8;66.9;74.1;59.3;54.8;63.0;53.1;61.0;57.0;51.3
2001-06-01;75.8;77.5;75.5;71.4;63.9;68.1;73.5;80.1;76.4;57.4;69.8;69.1;68.3;72.9;71.0;78.3;63.0;72.4;67.5;64.4;65.1;76.6;71.7;58.4;68.5;67.1;64.2;71.0;71.5;64.8;74.3;62.7;68.4;76.8;56.5;66.8;68.9;77.0;66.0;71.9;80.9;67.1;63.2;71.5;55.6;67.8;64.4;59.9
2001-07-01;79.7;79.8;82.0;74.2;70.2;68.2;72.9;81.3;79.3;65.6;75.9;73.7;75.1;83.0;75.7;82.4;64.2;72.3;67.2;68.4;70.4;81.0;78.9;67.1;77.1;72.0;64.3;71.1;75.2;65.9;74.6;70.2;71.9;85.6;64.4;67.8;68.2;78.4;74.6;77.1;85.1;72.9;63.6;71.9;63.4;69.4;70.0;68.6
2001-08-01;78.5;79.1;80.8;76.0;66.9;72.8;76.7;81.4;79.3;68.2;74.6;73.8;72.5;79.0;76.4;81.4;67.0;76.0;71.7;69.6;69.3;79.7;77.2;68.9;73.9;74.2;68.6;75.5;71.5;70.0;76.7;70.3;73.0;82.8;67.6;71.7;72.7;79.9;73.4;76.7;82.8;72.4;67.9;75.0;66.0;72.5;69.7;67.6
2001-09-01;71.9;75.6;70.9;71.2;60.3;62.5;66.5;77.6;72.1;59.4;64.4;63.6;61.2;67.9;66.3;75.4;57.7;65.6;61.9;57.7;57.4;73.0;66.3;58.7;63.6;65.5;58.3;64.8;66.7;59.4;67.6;58.3;62.3;70.9;60.8;60.4;63.6;71.2;62.1;67.6;74.9;65.2;57.4;64.8;59.8;62.2;57.3;58.1
2001-10-01;60.6;64.7;59.5;63.6;47.9;52.7;57.6;71.6;61.7;44.6;53.8;53.7;50.2;56.2;56.1;64.4;47.1;56.5;51.9;47.8;44.5;61.1;55.8;42.7;51.0;54.7;47.9;55.4;56.8;50.1;57.7;42.2;53.8;60.3;49.0;51.7;53.6;60.9;47.5;56.5;65.4;52.2;47.8;55.2;45.7;52.3;46.1;43.1
2001-11-01;58.8;52.9;55.0;51.6;37.9;45.3;51.5;67.7;59.9;36.2;49.9;49.0;48.0;49.2;51.2;61.9;37.4;50.8;44.4;43.6;40.7;58.6;51.1;36.3;43.9;41.6;38.9;48.8;45.7;43.1;54.8;37.1;48.1;54.0;40.0;45.8;46.9;59.0;40.8;53.0;58.9;39.3;38.5;51.2;39.7;47.9;43.2;34.3
2001-12-01;50.6;40.2;45.2;42.8;26.4;37.1;44.4;64.1;52.9;22.1;35.8;36.9;30.7;36.9;41.8;54.4;28.7;42.6;35.9;31.9;22.3;50.8;38.5;22.4;30.3;30.6;30.6;41.1;34.7;33.4;48.0;17.9;37.7;42.7;31.8;36.4;38.6;52.0;24.7;44.4;49.4;25.0;29.8;43.4;31.8;39.9;27.5;21.2
2002-01-01;46.8;42.3;42.5;42.4;25.4;33.3;40.0;59.3;48.1;23.2;33.6;34.1;28.6;33.8;37.9;51.4;21.0;39.0;32.4;27.5;18.1;47.5;35.1;22.7;29.5;30.8;26.6;36.9;36.0;29.1;42.6;16.9;34.1;40.0;31.8;33.0;34.7;47.0;24.1;40.3;48.7;26.1;25.2;39.2;32.9;35.0;24.0;20.2
2002-02-01;46.0;46.2;42.3;48.2;27.1;34.1;40.9;59.5;48.4;23.9;34.6;35.2;29.8;35.9;38.8;49.3;20.4;39.9;32.4;27.4;23.8;46.0;37.3;26.4;31.8;35.2;25.0;38.4;37.0;29.1;44.4;24.1;35.0;41.2;35.4;33.9;34.9;47.9;29.6;40.5;47.1;29.0;24.0;40.5;34.3;36.7;26.7;22.9
2002-03-01;55.0;49.8;47.9;48.5;32.0;38.6;46.4;66.6;56.9;30.1;37.8;38.3;31.0;39.2;45.6;58.1;26.9;45.4;37.1;27.4;19.5;54.9;40.5;19.8;30.1;38.2;30.9;42.9;43.6;33.2;51.1;16.3;39.2;46.8;37.0;38.2;39.3;56.0;22.2;48.3;55.4;36.0;29.7;46.3;35.6;42.8;24.8;24.8
2002-04-01;66.4;62.0;63.6;56.0;47.3;50.1;57.1;73.6;67.9;41.5;53.5;53.5;48.9;56.4;58.6;69.6;39.9;56.6;48.5;43.4;40.4;66.7;57.3;37.6;49.9;49.5;44.0;53.9;57.3;45.9;62.5;38.2;52.6;61.4;45.0;50.0;50.0;67.4;44.5;60.9;69.1;49.7;43.4;57.7;44.7;54.1;42.9;40.1
2002-05-01;70.2;67.0;67.0;61.5;53.4;55.1;62.7;76.7;70.2;48.7;59.1;58.4;56.8;62.1;62.1;73.9;48.8;62.1;54.6;49.7;49.8;70.9;61.4;47.5;56.0;55.7;50.6;59.2;62.7;51.3;65.3;48.6;56.7;66.5;50.2;55.0;55.3;68.6;52.4;64.2;74.0;56.3;49.4;62.0;49.7;57.9;50.8;47.7
2002-06-01;77.2;78.8;76.6;71.2;67.1;65.5;72.9;79.6;77.4;58.8;73.9;72.9;72.4;76.9;74.3;79.0;58.3;73.0;64.0;65.6;67.0;77.8;74.7;59.5;73.9;67.6;60.6;70.1;73.8;64.3;75.2;65.6;71.4;77.2;59.9;67.9;64.6;77.8;70.4;74.9;80.6;68.7;60.6;72.9;59.5;70.0;66.4;61.3
2002-07-01;80.3;82.3;80.6;77.4;71.0;72.8;78.0;81.5;80.8;69.0;78.2;77.0;76.5;80.7;78.3;82.3;65.6;77.6;71.4;72.4;72.2;81.1;79.0;69.6;78.3;76.3;67.5;76.1;73.8;70.0;78.7;72.1;75.7;80.6;68.6;72.5;72.5;81.9;77.3;78.8;80.9;76.2;66.5;76.6;66.1;73.6;72.7;69.8
2002-08-01;79.7;79.8;79.9;74.4;66.8;71.9;78.0;81.1;79.6;61.8;75.0;74.8;70.9;78.4;77.2;81.6;66.7;77.2;71.4;68.0;66.5;80.1;76.9;61.3;73.0;70.3;68.3;75.8;73.2;69.0;77.0;66.1;74.2;81.1;63.2;71.8;72.6;79.6;70.4;77.8;82.8;70.7;66.8;75.8;63.6;72.8;67.4;62.6
2002-09-01;77.3;73.6;75.2;70.9;58.4;64.8;70.1;81.0;76.8;55.9;69.3;69.2;65.3;70.4;71.7;78.6;59.3;69.4;64.4;63.3;60.5;77.6;70.8;55.7;64.3;63.2;61.2;67.8;65.4;63.1;72.2;59.2;68.3;74.0;58.8;64.9;65.6;75.8;62.7;73.3;76.0;61.0;60.4;69.4;57.5;67.5;61.6;55.2
2002-10-01;67.8;60.0;60.5;59.4;43.2;49.6;57.9;76.2;68.2;41.0;52.1;52.4;46.2;50.5;57.4;69.4;41.7;56.3;48.4;44.5;37.7;67.0;53.1;36.6;44.4;49.1;43.7;54.1;52.8;46.2;62.1;34.7;52.0;56.6;46.5;49.4;51.1;66.4;39.5;60.9;64.9;47.0;42.9;57.5;45.5;54.5;42.1;37.4
2002-11-01;51.0;51.3;48.2;52.3;33.7;40.0;45.8;63.1;52.3;32.8;39.6;39.9;34.7;42.4;43.6;55.7;30.7;44.7;39.0;33.7;27.8;51.6;42.0;33.8;37.1;40.2;33.3;43.2;42.5;36.0;48.1;29.4;40.4;47.2;40.7;39.2;41.6;51.8;34.5;45.3;53.0;35.9;32.3;44.8;39.2;41.2;31.4;29.6
2002-12-01;45.2;41.0;42.7;44.0;27.6;29.8;36.0;57.3;45.7;28.8;32.2;31.7;28.9;35.5;36.5;50.8;21.1;34.3;28.5;26.0;21.2;46.6;35.7;26.8;31.8;33.5;22.7;33.3;34.5;24.8;40.5;20.8;30.8;40.4;35.4;27.8;31.7;44.2;27.3;39.5;47.8;29.3;21.6;36.0;34.6;32.7;24.2;24.9
2003-01-01;40.0;48.8;36.8;50.0;31.6;21.4;29.6;52.2;42.3;31.4;22.8;21.6;19.1;31.8;28.4;45.6;9.2;28.6;19.0;16.7;10.1;40.5;27.4;24.7;26.9;40.7;11.5;26.4;40.2;14.6;36.4;10.7;21.5;37.2;39.0;20.6;23.5;41.5;19.8;32.2;46.2;35.2;9.5;31.1;36.1;25.5;13.7;28.0
2003-02-01;48.0;45.5;40.1;45.7;26.3;23.8;32.1;61.2;48.9;27.1;26.4;25.7;20.4;31.3;33.6;50.7;12.2;31.0;22.8;16.3;9.9;46.7;31.2;21.4;25.0;34.1;16.3;28.2;38.6;18.3;41.4;8.8;25.4;38.3;35.0;23.8;25.2;46.6;18.8;38.5;48.3;31.0;14.2;34.8;35.4;30.5;13.7;20.2
2003-03-01;57.6;50.6;51.2;51.4;36.6;36.0;45.1;69.8;59.0;36.3;41.6;42.1;35.1;44.2;48.8;58.6;24.2;44.4;34.5;29.3;25.8;56.4;44.6;29.8;38.7;42.7;28.4;41.3;45.1;31.7;52.8;22.8;41.0;49.7;41.5;37.2;36.8;57.0;32.1;51.3;57.2;40.3;27.8;48.0;41.0;45.0;29.1;32.0
2003-04-01;63.3;55.6;61.7;50.0;45.3;44.5;52.0;69.4;62.7;40.8;53.5;53.2;50.4;56.1;57.7;66.7;35.7;52.6;42.9;41.4;43.4;64.3;56.7;44.1;50.5;44.2;38.7;48.5;52.9;41.3;57.6;44.9;52.0;60.9;41.8;47.8;44.2;61.1;47.9;59.4;66.6;45.8;38.1;54.7;44.6;53.4;42.6;42.7
2003-05-01;71.6;68.3;69.6;62.0;53.8;55.0;59.0;78.1;71.7;49.9;61.1;60.5;57.9;62.9;64.2;76.4;49.6;59.8;54.2;52.8;54.3;73.0;63.5;50.1;57.4;57.0;52.0;56.9;63.2;53.8;65.8;53.3;59.5;68.7;51.2;56.1;54.0;70.2;55.0;66.5;75.8;57.4;51.9;61.7;51.3;59.8;53.8;49.8
2003-06-01;75.6;76.3;73.1;71.2;60.1;64.7;70.0;80.1;76.1;59.1;67.9;67.1;67.3;70.4;68.7;79.6;61.2;69.5;64.0;62.1;63.6;76.6;69.2;58.4;66.1;67.8;62.5;67.4;69.2;62.6;72.5;62.0;66.0;73.3;61.2;64.0;64.2;76.0;63.9;70.6;78.5;66.0;61.7;68.9;60.8;65.1;63.1;56.1
2003-07-01;78.5;83.8;80.0;78.7;72.4;71.5;76.3;81.4;78.7;70.4;74.8;73.0;73.1;81.8;75.2;81.3;65.9;75.5;71.0;67.8;68.8;79.7;78.1;70.3;76.4;77.0;67.6;74.5;76.8;68.1;76.6;69.9;71.6;83.3;70.1;69.7;71.7;79.0;74.4;76.2;82.1;77.2;66.5;74.5;67.5;71.2;68.4;70.2
2003-08-01;79.4;80.0;80.8;75.0;68.4;72.2;76.5;81.1;79.2;67.7;75.3;73.8;74.1;80.2;75.9;82.5;66.0;76.1;71.5;68.8;70.2;80.6;78.8;70.0;75.5;72.4;67.9;75.1;73.5;69.1;77.3;72.2;72.6;82.7;66.6;70.9;73.0;79.7;74.8;77.1;82.9;72.7;67.3;75.5;65.9;72.4;70.1;68.1
2003-09-01;73.1;74.8;70.2;72.9;56.7;63.3;69.3;78.9;73.1;56.7;64.1;63.4;61.1;65.1;66.2;76.0;58.4;67.8;62.6;59.5;57.9;73.4;64.8;54.6;61.1;64.8;58.6;66.9;66.0;60.5;69.4;56.8;62.8;69.0;61.0;61.7;64.5;72.4;60.0;68.1;73.9;62.2;58.4;66.7;60.0;63.6;59.4;52.9
2003-10-01;63.5;67.3;62.8;65.4;51.5;49.3;55.8;73.5;64.4;48.7;54.5;52.9;52.4;58.3;56.7;67.8;44.6;54.7;48.6;46.6;47.0;64.5;57.2;47.5;54.6;57.0;44.9;52.9;58.9;46.2;58.9;47.9;51.2;62.8;52.1;48.5;50.7;63.2;51.8;58.5;67.4;55.0;44.1;55.2;50.6;51.9;46.8;47.0
2003-11-01;58.2;48.8;54.6;46.8;33.0;43.8;51.5;68.6;59.4;28.2;44.8;46.0;35.9;42.2;50.5;61.9;35.4;50.6;42.8;37.7;26.6;58.6;46.3;24.0;34.7;35.9;37.4;48.5;44.6;40.5;55.7;19.6;46.4;50.3;34.9;44.7;45.2;58.6;27.6;52.8;58.0;34.1;36.5;51.5;33.3;47.8;32.9;24.8
2003-12-01;44.0;43.0;42.3;44.0;28.6;32.4;37.8;56.1;44.3;28.1;33.8;33.5;28.2;35.3;37.0;49.4;23.0;36.5;31.4;28.6;20.6;44.9;36.2;25.1;30.5;33.3;24.2;35.5;36.8;27.5;40.3;20.3;32.8;42.2;34.1;30.7;34.7;43.0;26.6;38.9;49.1;30.3;21.8;36.8;31.6;32.8;24.8;24.8
2004-01-01;44.2;42.8;41.0;43.5;26.2;18.7;28.8;56.8;45.0;22.8;24.7;24.5;17.7;30.4;32.5;50.2;6.4;28.1;17.3;14.3;5.1;45.3;29.8;17.0;24.0;30.4;10.3;24.6;36.6;12.8;37.9;3.8;23.5;39.1;32.0;20.0;20.2;43.0;16.1;36.9;48.9;24.2;7.2;32.1;29.8;27.5;10.7;20.8
2004-02-01;45.4;42.1;40.6;44.2;26.3;28.5;36.1;59.3;46.1;26.3;30.0;29.9;22.7;31.8;36.9;49.1;18.0;34.5;27.4;22.6;16.7;45.4;33.1;24.1;26.3;32.3;20.7;33.1;35.0;21.6;40.4;15.5;30.2;39.1;34.8;27.0;30.9;44.2;22.9;39.4;47.4;27.8;17.5;36.3;35.1;32.8;20.8;23.4
2004-03-01;59.0;58.1;55.9;56.9;41.8;38.0;46.1;65.7;59.0;39.3;45.4;44.3;40.8;49.2;49.3;63.2;28.7;45.6;36.6;34.5;30.9;59.6;48.3;37.5;43.1;47.9;32.4;42.8;49.7;34.8;51.8;30.4;42.6;55.1;44.2;39.5;37.9;57.2;38.4;52.6;61.8;45.6;31.6;47.8;42.9;44.8;33.6;36.5
2004-04-01;61.2;57.9;60.8;57.3;44.4;48.0;54.7;67.4;62.2;44.6;54.1;53.3;51.1;54.9;55.8;65.9;39.6;54.3;46.9;44.2;43.7;62.3;56.2;44.3;50.5;49.4;42.4;51.9;51.4;44.1;58.8;43.4;51.0;59.9;47.2;48.3;48.1;62.5;47.9;57.2;64.3;48.0;41.4;55.4;48.6;52.0;44.6;42.2
2004-05-01;72.7;68.4;70.7;63.2;54.8;59.9;69.6;76.3;73.6;48.9;65.7;65.9;60.7;66.9;69.2;73.9;51.9;69.3;58.5;53.8;51.2;72.6;67.0;48.1;60.4;56.8;55.2;66.0;63.1;58.5;71.1;49.8;64.5;70.8;51.0;63.4;58.7;74.1;55.6;70.1;73.7;57.0;54.9;68.9;52.4;65.9;53.1;49.4
2004-06-01;76.8;75.9;75.8;70.4;60.8;65.0;71.3;81.3;78.1;58.4;70.0;69.5;67.0;71.2;72.1;79.2;57.5;70.8;63.7;62.0;60.7;77.4;70.8;56.1;65.2;67.0;60.0;69.0;69.9;62.0;74.4;59.1;67.9;74.9;59.5;64.8;64.9;78.5;62.1;73.7;78.7;66.1;59.4;70.8;60.4;67.6;62.0;56.6
2004-07-01;79.2;80.1;77.8;76.1;65.9;70.0;76.1;81.8;80.1;66.3;72.8;72.0;70.5;75.2;74.3;81.4;64.6;75.5;69.0;66.4;66.7;79.5;74.3;66.1;71.7;73.8;65.9;73.2;72.3;67.3;77.3;67.1;71.4;78.0;67.7;69.2;70.0;80.3;70.8;75.6;80.7;72.2;65.7;74.6;67.3;71.1;66.8;64.6
2004-08-01;76.3;77.8;75.3;74.8;63.2;69.6;74.0;81.4;77.6;63.7;68.6;68.6;66.2;72.7;71.2;79.6;64.6;73.5;69.0;63.2;60.9;76.8;70.7;62.4;68.5;70.1;65.7;72.4;69.3;65.8;73.9;61.5;68.6;76.0;66.6;67.9;69.8;77.0;66.1;72.2;79.2;68.6;64.5;71.8;67.0;68.8;62.2;60.8
2004-09-01;73.8;71.8;73.0;69.4;57.7;63.8;69.4;79.9;73.6;53.7;67.7;67.1;66.4;70.8;68.7;77.8;56.2;68.7;62.4;63.3;62.1;74.7;68.5;54.1;66.2;61.5;58.5;67.6;63.9;61.9;70.2;59.0;66.1;73.6;56.3;64.1;63.8;73.2;63.1;69.6;75.2;60.2;58.3;67.8;56.1;65.6;63.1;54.2
2004-10-01;68.5;60.0;65.8;58.2;46.8;50.9;56.2;74.5;67.7;44.6;55.4;54.8;51.9;57.8;60.0;73.9;45.5;55.7;50.0;49.0;46.8;70.2;58.4;43.1;52.3;49.5;46.0;53.6;54.2;48.4;61.6;44.2;53.6;63.5;48.3;50.6;51.7;66.1;48.8;62.8;69.7;48.9;45.4;57.3;48.5;55.2;48.2;43.6
2004-11-01;57.8;47.3;54.1;47.7;33.8;41.9;48.6;67.4;57.9;32.7;45.6;45.9;40.6;44.2;50.5;61.8;33.2;48.3;40.6;38.2;34.0;58.8;47.8;33.6;38.7;37.8;35.8;46.4;41.4;38.8;52.8;33.3;45.2;50.3;38.3;43.1;42.5;56.5;36.6;53.0;55.7;35.7;34.8;49.5;38.1;46.9;36.7;31.0
2004-12-01;45.1;42.8;41.5;44.6;28.4;30.8;39.0;58.0;46.8;28.5;31.0;30.8;26.6;35.7;36.4;49.7;19.1;37.7;30.0;23.5;16.8;45.5;34.7;27.4;30.8;33.5;23.0;35.6;35.7;26.0;41.9;19.4;31.5;41.5;35.5;30.9;33.4;45.6;27.2;38.7;47.6;30.1;21.4;38.2;34.5;34.4;20.4;25.8
2005-01-01;49.2;45.2;44.7;44.1;30.2;24.3;34.3;60.0;49.5;26.5;29.1;29.9;18.9;29.9;39.0;54.0;11.5;33.9;23.0;18.0;7.6;50.1;33.3;18.1;23.1;32.4;16.0;30.1;39.9;18.6;43.0;6.4;29.4;39.7;33.8;26.3;26.3;47.6;16.8;42.8;50.7;32.6;13.9;37.7;31.5;34.5;14.2;24.6
2005-02-01;51.2;46.2;47.5;47.1;31.3;29.7;36.7;60.8;50.9;28.5;36.1;34.8;31.2;39.2;40.9;55.3;19.6;36.6;28.2;25.2;20.3;51.6;40.1;28.9;34.4;35.4;22.5;34.2;40.1;24.1;43.8;20.3;32.7;45.3;36.6;30.1;30.3;48.3;29.3;44.4;51.9;33.5;21.1;39.4;35.8;36.0;24.8;26.6
2005-03-01;53.5;49.9;50.4;51.1;35.2;32.3;40.1;63.0;53.7;35.9;39.0;37.3;36.0;44.7;42.6;57.8;25.0;39.7;31.2;27.3;26.2;53.8;43.4;34.6;39.4;41.5;26.6;37.1;43.1;27.6;47.2;28.9;35.5;50.3;42.3;32.3;33.3;52.4;34.9;47.0;56.5;39.0;25.1;41.8;42.7;37.6;27.4;32.5
2005-04-01;61.0;57.2;60.9;53.0;43.4;49.3;54.3;66.7;60.7;41.7;55.4;54.0;53.4;55.0;57.0;65.6;41.1;54.7;48.0;46.4;47.7;62.8;56.8;42.7;49.7;45.8;44.0;52.5;51.7;45.9;57.6;46.8;52.2;59.6;44.0;49.7;48.5;60.5;48.2;57.9;64.3;45.9;43.4;55.0;46.3;53.1;47.7;40.3
2005-05-01;68.3;67.9;67.4;62.2;53.2;53.1;58.4;74.4;68.3;49.9;60.9;59.2;57.8;64.1;61.7;72.6;47.2;58.7;51.5;52.0;52.4;69.4;63.2;49.0;57.8;56.3;48.6;56.6;61.6;51.0;63.3;51.2;56.4;67.5;52.1;53.6;52.1;67.5;54.0;63.3;71.8;56.0;48.7;59.8;54.7;56.3;52.7;47.9
2005-06-01;76.7;74.4;77.5;66.2;60.9;69.6;72.7;79.9;76.6;54.3;75.0;73.4;72.6;74.7;73.9;80.2;63.2;72.8;68.2;69.4;67.4;77.7;75.2;57.7;70.0;61.5;66.0;72.1;69.8;69.1;73.5;64.9;72.6;77.4;55.0;69.7;68.1;76.2;67.9;74.0;80.5;61.8;66.5;71.8;57.0;70.3;69.4;57.2
2005-07-01;80.4;82.7;80.2;78.4;70.0;72.4;77.9;83.3;80.9;66.8;76.3;75.0;74.7;78.7;77.4;82.5;66.6;77.6;71.4;70.4;70.6;81.0;78.0;67.6;75.9;75.9;68.7;76.0;75.0;71.1;79.2;69.8;75.1;80.3;67.4;72.8;72.0;81.6;74.4;78.0;82.4;74.8;68.6;77.1;65.0;74.1;70.7;68.0
2005-08-01;80.5;77.5;82.2;75.8;65.0;73.0;77.9;83.2;80.3;64.8;75.6;74.9;71.5;77.3;78.0;83.5;65.5;77.0;72.1;68.9;66.4;82.0;77.8;63.9;72.6;71.4;67.4;76.4;70.8;70.1;78.1;66.1;74.2;80.6;66.9;72.0;73.8;80.5;71.0;78.8;81.3;69.0;67.0;76.3;65.8;73.8;68.2;62.8
2005-09-01;76.9;73.4;77.0;66.9;60.2;66.0;71.9;80.8;77.0;54.1;70.7;69.2;67.6;72.2;71.5;81.3;58.5;71.1;64.8;63.7;61.6;77.9;72.0;55.4;67.5;60.1;60.9;70.2;67.3;63.2;73.6;59.7;67.7;76.4;56.3;65.5;66.3;77.1;65.5;72.6;79.9;60.8;60.6;70.4;55.7;67.3;63.3;55.6
2005-10-01;63.8;62.8;61.7;59.9;48.3;52.7;58.8;73.6;65.8;45.5;55.7;55.2;52.6;57.7;57.9;67.2;47.2;57.8;52.1;50.6;47.8;64.1;56.9;45.1;51.9;51.7;48.4;56.3;55.2;49.7;61.7;45.4;54.2;62.2;48.9;52.5;54.0;65.2;49.2;59.3;66.4;50.4;47.8;58.2;48.4;55.1;49.6;45.1
2005-11-01;55.8;52.6;54.0;52.4;37.5;43.0;50.0;67.3;57.0;32.0;44.5;44.6;39.6;46.4;48.2;61.0;35.3;48.5;42.2;37.5;32.2;56.7;47.3;33.2;41.1;42.1;36.6;47.4;45.3;40.5;52.1;31.5;44.3;52.5;37.5;43.0;45.1;55.7;36.8;50.4;58.7;39.0;37.0;48.7;35.7;45.0;34.5;32.9
2005-12-01;43.4;43.9;40.0;46.1;26.0;28.7;35.6;57.0;44.8;23.0;26.0;26.7;19.5;30.8;33.3;49.2;21.3;33.7;28.1;23.1;16.6;44.2;30.8;20.5;25.0;33.9;22.7;32.5;36.8;23.8;40.0;17.8;27.2;38.3;31.7;26.4;31.2;44.2;20.1;36.4;47.2;29.2;21.3;35.1;29.4;30.0;18.3;20.6
2006-01-01;51.1;44.1;47.5;44.6;29.9;33.7;42.1;60.8;51.8;27.9;38.1;39.1;32.4;41.3;43.1;55.4;22.6;41.1;32.9;29.9;24.1;51.5;41.2;31.4;37.1;34.1;26.4;38.7;38.2;30.1;46.6;25.9;38.8;46.8;35.0;35.2;36.0;50.6;32.2;45.0;52.9;29.9;26.0;42.4;35.9;39.4;27.7;26.9
2006-02-01;46.1;47.8;40.8;47.7;28.0;29.5;37.1;58.3;47.4;24.4;30.9;31.7;25.1;34.5;36.2;50.9;19.0;36.1;28.2;22.5;12.7;46.0;34.2;23.4;28.1;35.2;22.5;34.2;40.1;24.7;42.1;15.0;31.4;41.0;33.8;29.8;30.6;46.5;23.3;38.5;50.2;31.5;21.3;37.4;32.8;33.0;18.4;21.3
2006-03-01;56.1;48.3;53.4;44.0;34.9;36.7;44.6;64.8;56.1;32.4;41.8;40.7;36.5;45.6;46.1;61.8;29.0;44.3;35.4;32.4;29.4;57.1;45.9;30.6;36.8;35.8;30.1;41.8;45.3;31.7;49.8;27.5;38.9;53.3;36.4;37.0;37.3;54.4;32.4;49.6;61.1;36.3;28.9;46.1;38.8;41.2;31.6;30.2
2006-04-01;67.5;59.0;66.5;53.0;47.1;49.0;56.3;72.4;67.0;42.8;57.0;55.7;53.8;59.6;60.3;71.0;42.3;56.4;47.7;47.5;48.8;68.4;60.9;44.9;53.3;47.7;44.1;53.4;56.2;45.7;61.7;48.5;54.3;65.9;44.6;50.5;48.7;66.0;50.2;63.2;70.7;48.4;43.0;58.0;45.7;55.7;49.0;43.5
2006-05-01;70.4;70.0;69.9;64.6;55.6;57.2;63.0;75.7;70.4;51.8;62.3;60.1;60.6;65.8;62.6;74.2;53.2;62.1;56.1;56.1;56.8;71.6;64.6;52.9;61.2;59.0;53.7;61.4;65.0;55.7;64.2;55.5;59.1;70.6;53.2;57.3;57.0;68.8;58.2;65.0;75.7;58.9;54.2;61.1;53.0;57.7;56.5;51.2
2006-06-01;78.1;79.5;76.3;73.2;65.7;67.1;72.1;80.5;77.4;60.6;71.4;69.8;70.0;75.8;71.4;80.1;63.3;71.6;66.4;64.3;65.7;78.6;73.5;61.6;71.8;68.9;63.8;70.0;73.0;64.4;73.1;65.3;67.6;77.9;60.9;66.0;67.1;76.5;69.1;73.2;80.8;68.8;62.9;70.7;59.8;66.6;65.1;62.6
2006-07-01;81.9;82.3;81.2;79.3;69.6;74.1;78.3;82.0;81.0;70.1;77.1;75.4;75.9;81.1;76.7;82.2;68.9;77.6;73.3;71.4;73.1;82.0;78.9;71.2;77.5;76.2;70.0;76.7;74.6;71.0;77.6;73.8;74.2;83.9;69.3;72.4;74.2;80.5;78.2;78.0;83.4;75.0;69.2;75.9;67.5;72.3;72.8;70.1
2006-08-01;82.3;77.9;82.1;73.8;65.6;69.8;77.1;82.8;81.6;63.7;74.7;73.6;72.1;78.8;77.4;83.7;61.7;76.9;68.3;67.7;67.7;83.0;78.4;65.5;72.9;70.1;63.8;74.2;70.2;66.8;78.3;69.1;73.3;84.1;64.3;70.4;70.0;81.1;72.2;79.2;83.6;69.7;63.4;76.5;64.2;73.1;68.0;64.5
2006-09-01;72.8;69.8;69.7;69.5;53.5;61.2;66.3;79.3;73.3;55.1;63.7;62.5;60.0;64.4;64.8;75.9;56.1;65.3;60.3;57.3;56.3;73.0;64.9;54.8;58.8;61.5;56.9;64.3;60.9;58.1;68.2;55.7;61.9;69.3;59.1;60.1;61.8;72.4;56.8;67.2;74.1;58.1;56.4;64.8;58.8;61.6;56.4;51.9
2006-10-01;61.9;60.2;60.1;58.8;44.9;51.0;56.2;72.1;62.5;43.0;51.3;51.1;47.9;55.1;54.2;68.0;44.9;55.0;50.0;44.7;42.2;63.4;53.8;40.4;48.0;49.7;45.6;53.6;53.6;46.6;57.7;39.9;50.5;60.7;47.6;49.1;52.0;61.4;44.4;56.1;66.8;47.3;44.4;54.2;47.0;51.0;42.8;40.6
2006-11-01;52.8;52.8;51.5;51.3;36.5;46.3;50.9;63.4;54.2;33.1;44.4;44.1;39.3;44.6;47.3;58.0;38.9;49.1;45.8;38.9;32.0;53.5;46.5;30.3;37.6;40.2;41.0;49.6;45.3;42.4;51.5;28.4;44.2;50.8;38.3;44.0;47.7;54.2;33.7;48.4;57.9;38.2;40.5;48.7;36.1;45.4;36.4;31.6
2006-12-01;49.4;41.8;44.9;43.9;26.8;38.0;43.9;64.2;51.9;25.3;35.3;37.3;31.1;35.9;41.6;52.1;27.8;42.8;37.0;31.5;23.8;49.0;38.2;25.5;30.2;31.1;31.5;41.7;34.5;34.4;47.1;21.4;38.3;41.6;32.8;37.3;39.7;51.0;27.0;43.3;48.2;27.9;30.5;43.1;30.5;39.4;27.2;23.7
2007-01-01;46.7;39.0;39.9;41.5;19.4;31.3;40.1;61.3;49.2;20.7;30.3;32.2;21.6;27.0;38.0;49.6;17.3;38.5;29.9;24.1;14.5;46.2;31.7;21.8;21.6;27.4;21.5;36.7;30.8;25.2;44.2;13.7;33.0;35.1;30.2;31.3;32.8;48.4;20.1;40.2;42.5;22.4;19.5;39.9;28.6;35.5;20.3;16.5
2007-02-01;44.8;46.7;40.9;46.7;27.7;23.3;29.6;58.1;46.7;30.8;21.7;20.2;15.5;30.0;29.8;50.6;11.6;28.3;22.4;15.2;7.7;46.0;29.4;22.0;23.1;36.8;15.0;27.1;39.2;16.2;39.1;7.7;19.4;39.3;36.5;20.1;25.4;45.2;15.2;35.9;49.4;34.3;12.8;31.9;35.6;24.2;11.7;24.8
2007-03-01;60.0;54.5;59.5;54.4;40.5;35.1;45.2;66.3;60.0;38.9;48.0;47.0;41.8;52.3;53.3;63.4;25.8;44.9;34.0;34.8;31.7;61.3;53.0;38.9;45.6;45.9;28.1;40.9;47.6;30.2;53.8;32.6;43.9;58.3;43.5;37.4;36.7;58.5;40.2;56.4;61.9;43.0;25.8;49.2;41.5;46.5;34.6;37.6
2007-04-01;60.0;59.3;57.4;56.3;43.3;44.8;51.0;68.4;60.9;43.0;50.2;49.4;46.7;50.9;53.5;63.9;37.0;51.1;43.3;41.8;41.2;61.0;52.3;40.9;46.4;49.2;39.2;48.6;51.6;41.2;57.3;40.7;48.4;55.5;44.7;44.8;44.8;60.9;42.9;55.2;61.7;48.3;38.7;53.4;44.9;49.6;42.8;40.5
2007-05-01;71.2;68.4;71.0;64.1;53.5;59.6;64.3;74.9;70.5;52.0;67.6;66.2;64.7;65.9;67.8;73.9;51.2;64.6;58.4;57.8;58.7;72.2;68.3;52.1;62.1;58.8;54.3;62.8;60.0;56.2;66.0;55.8;63.9;68.9;53.1;60.1;59.0;69.1;60.0;68.7;71.4;57.7;53.3;64.4;52.9;62.9;59.1;51.1
2007-06-01;78.8;77.3;77.1;70.5;62.8;66.6;72.9;80.0;77.7;59.6;72.7;72.1;70.4;72.3;73.7;80.1;61.1;72.6;65.6;67.1;67.2;79.2;73.4;60.7;69.2;67.6;62.5;70.6;69.8;65.7;74.1;65.3;70.6;74.9;58.6;67.8;66.5;77.2;68.2;75.2;77.9;68.2;62.9;71.9;57.5;69.2;66.9;61.0
2007-07-01;79.2;82.0;77.6;76.9;69.7;70.9;76.1;82.4;78.9;72.0;73.3;71.9;73.7;78.0;74.6;80.2;64.6;75.4;70.1;68.0;70.6;79.1;75.9;73.3;76.1;76.9;65.6;73.7;73.3;66.7;75.8;73.1;70.6;78.7;69.6;68.8;71.6;78.5;76.5;76.2;79.0;76.2;64.6;73.8;68.1;69.7;69.5;70.7
2007-08-01;84.4;80.5;83.7;76.1;68.8;70.3;76.6;83.7;83.2;65.4;78.2;76.9;74.2;81.5;80.9;84.1;63.5;76.3;69.4;68.8;66.5;84.2;81.3;65.8;75.6;72.9;65.6;73.4;73.7;67.8;80.6;66.0;75.0;82.6;64.8;70.6;71.0;84.0;71.4;82.6;81.8;72.8;64.6;77.5;63.3;75.0;68.4;66.4
2007-09-01;76.0;73.8;74.1;67.5;59.7;64.6;70.0;80.5;75.8;54.9;69.8;69.0;64.7;70.5;71.9;78.6;57.2;69.6;63.3;61.8;59.2;76.7;70.5;55.0;64.7;61.4;59.0;68.0;67.0;62.0;72.4;58.1;67.4;74.1;56.6;64.4;65.0;75.7;62.6;73.0;77.1;61.7;58.8;69.4;56.7;67.2;61.1;55.6
2007-10-01;66.5;62.4;64.0;58.6;48.3;57.8;64.1;76.2;67.8;43.1;59.9;60.2;55.9;59.1;62.4;69.1;49.6;63.3;56.0;54.4;49.4;66.5;60.0;44.6;53.6;49.9;51.4;62.1;56.5;54.9;65.4;46.3;59.9;64.1;46.2;57.8;58.0;68.4;50.2;63.2;68.6;48.9;51.1;62.5;45.6;59.4;52.6;44.2
2007-11-01;53.6;55.3;52.5;53.3;38.0;39.9;46.4;64.8;54.0;33.5;42.2;41.9;37.2;44.1;46.0;59.7;31.7;45.6;38.7;35.2;30.4;55.1;45.2;31.6;39.5;42.3;33.5;43.5;46.1;35.9;49.5;29.2;42.0;50.9;39.1;39.5;41.1;53.6;34.9;48.2;57.6;40.6;32.4;46.2;36.4;42.9;32.8;33.1
2007-12-01;51.6;39.9;44.0;41.2;22.4;30.2;39.1;64.4;52.9;23.4;30.2;32.6;20.3;29.3;40.7;55.4;18.0;38.1;28.4;24.1;11.7;51.9;33.2;21.6;22.0;29.2;21.6;35.6;35.0;25.9;47.5;12.7;33.1;38.2;30.5;31.4;31.4;52.1;19.4;44.5;49.2;24.6;21.5;41.5;30.4;37.4;17.1;18.0
2008-01-01;43.0;39.8;39.0;41.1;20.9;29.7;36.7;58.3;45.0;19.9;26.9;27.7;16.6;30.0;33.3;48.4;18.6;35.7;28.2;22.8;8.5;43.5;30.8;18.1;21.3;27.6;22.0;34.3;32.5;25.9;40.1;9.6;29.1;38.4;28.5;29.2;31.7;43.9;16.2;36.4;46.1;22.8;21.5;36.0;27.4;30.8;14.7;16.2
2008-02-01;49.2;45.0;43.6;45.8;27.6;29.8;39.1;63.0;50.8;27.6;26.0;28.2;17.0;32.3;37.5;55.2;18.5;37.2;28.6;18.2;9.4;50.1;31.0;24.2;26.2;34.6;22.2;35.2;39.6;23.5;46.2;10.3;28.4;41.2;35.8;27.7;31.8;50.7;19.1;42.2;53.2;30.5;20.5;40.3;35.4;34.6;13.2;23.4
2008-03-01;55.2;51.8;51.9;50.3;33.9;36.5;45.7;64.7;55.4;30.3;39.0;38.6;32.6;43.2;45.2;60.0;23.1;44.8;34.6;27.0;23.5;56.3;43.2;31.2;37.4;40.2;27.3;41.7;44.9;29.3;51.0;26.5;36.8;50.8;36.5;35.6;37.9;54.7;32.2;48.8;58.4;37.2;25.8;46.8;37.0;42.1;25.4;28.4
2008-04-01;62.8;58.0;58.8;54.4;40.9;49.6;55.4;69.5;62.6;36.3;51.4;52.3;46.0;50.5;55.4;66.5;41.5;55.6;47.9;45.7;39.6;63.0;52.2;37.6;44.6;45.2;44.0;53.0;51.6;48.4;58.7;40.0;52.9;57.8;40.3;51.2;49.3;61.7;42.1;57.2;65.3;43.1;44.8;55.9;40.8;54.4;42.9;35.7
2008-05-01;70.3;63.6;68.1;61.7;51.0;55.1;60.9;76.4;70.3;48.9;59.0;58.1;57.4;63.0;61.8;73.8;50.0;60.4;54.2;51.2;51.5;71.1;62.4;49.6;56.3;54.2;51.4;57.9;60.2;51.7;64.8;51.4;57.0;68.5;51.6;54.0;55.4;69.0;53.0;64.8;74.3;52.8;50.0;61.3;53.1;57.1;52.0;46.8
2008-06-01;78.7;77.3;77.7;71.1;61.6;68.6;75.2;80.9;79.4;56.3;73.2;72.2;69.3;73.8;74.3;81.2;61.2;74.3;67.4;64.8;62.9;79.2;73.5;56.7;67.5;65.4;63.9;73.0;71.9;66.6;77.1;60.8;70.8;78.2;56.6;68.8;69.0;80.1;63.8;75.4;82.9;65.0;63.7;74.0;56.2;69.7;64.4;56.4
2008-07-01;80.0;80.5;80.5;76.5;69.2;73.3;77.4;81.2;79.7;66.5;74.5;73.3;73.1;78.6;75.2;82.9;67.7;76.2;72.4;68.3;68.4;81.2;76.6;66.5;75.0;74.3;68.3;76.0;72.0;69.1;76.6;69.2;72.3;81.7;66.3;71.0;73.9;79.8;72.7;76.8;81.7;74.1;67.0;74.6;64.4;70.6;69.0;67.0
2008-08-01;78.4;79.3;77.7;76.6;65.7;67.8;73.4;81.3;78.9;64.8;71.8;71.2;69.9;75.2;73.9;81.1;63.1;72.6;67.2;66.5;66.8;78.5;73.9;65.6;71.4;73.2;63.8;71.3;71.0;64.8;75.5;68.6;70.4;79.1;65.2;66.8;68.4;79.1;71.2;75.2;80.8;71.6;63.1;72.3;64.0;68.7;66.5;64.4
2008-09-01;74.5;73.6;71.1;71.8;57.3;63.3;69.6;79.7;74.6;55.5;67.1;67.6;63.5;66.4;71.0;75.4;56.2;68.8;62.4;60.6;58.7;74.1;67.2;53.6;62.2;63.9;58.4;67.4;63.7;60.7;70.8;56.7;67.0;70.1;59.4;63.4;63.8;73.8;60.3;71.2;73.3;61.9;58.5;68.2;57.8;66.5;60.5;52.8
2008-10-01;62.2;62.9;60.0;61.8;47.6;50.0;56.2;71.4;62.4;44.5;54.2;53.7;50.7;55.4;56.7;65.9;44.2;55.2;49.2;46.8;46.0;62.6;55.7;43.7;50.2;52.0;45.0;53.4;54.9;46.4;57.8;44.4;52.0;60.1;48.8;48.9;51.2;61.3;47.2;57.9;65.4;50.4;44.1;54.8;46.6;51.8;46.7;42.9
2008-11-01;51.0;53.3;48.9;53.9;38.3;40.5;45.4;61.5;51.4;37.1;41.1;40.5;37.3;44.6;43.2;56.8;35.0;44.4;39.9;35.7;30.8;52.0;43.7;35.8;38.9;44.4;35.5;43.7;44.6;36.4;47.2;29.5;39.9;50.2;42.4;38.9;42.0;50.3;34.2;45.2;56.8;40.9;34.7;44.1;40.2;40.0;33.3;35.3
2008-12-01;49.7;42.4;41.0;42.0;25.3;32.2;40.7;62.0;51.7;22.6;26.8;29.1;17.6;29.9;36.7;52.5;20.2;38.6;31.4;20.8;6.9;48.3;31.0;14.0;21.3;30.0;24.4;36.6;36.8;26.5;46.1;5.0;31.0;38.6;30.2;30.7;34.8;51.0;14.1;40.4;48.2;27.0;22.9;40.2;26.2;35.2;12.7;18.9
2009-01-01;45.3;45.2;38.4;46.9;28.3;21.0;30.7;57.2;46.3;25.0;20.6;21.4;13.2;31.4;30.2;50.5;7.9;29.3;19.8;12.6;2.2;45.1;27.7;21.1;25.5;34.4;12.3;26.9;37.8;15.0;38.7;5.0;20.8;37.5;34.2;20.5;23.4;44.2;16.7;35.3;47.9;29.5;10.9;32.6;30.1;27.2;6.1;23.4
2009-02-01;48.2;46.6;47.3;45.2;32.2;30.2;38.5;57.3;47.7;27.6;32.5;32.2;26.7;39.7;38.9;55.6;18.9;37.2;28.6;22.9;15.0;50.6;38.4;25.1;31.8;35.3;21.7;35.1;41.8;24.7;42.8;11.4;31.4;47.2;35.0;29.6;32.0;46.8;23.4;42.3;55.5;33.1;20.6;38.9;33.1;34.0;20.4;26.8
2009-03-01;57.3;52.5;52.7;49.2;37.1;36.8;43.2;65.3;56.4;31.4;43.6;44.2;37.1;44.4;48.1;60.4;26.2;43.1;35.3;31.6;26.0;57.6;46.5;28.3;37.4;40.0;30.1;40.8;47.2;33.1;49.3;20.0;42.3;52.1;36.4;38.2;37.2;54.1;30.0;50.3;59.5;39.2;29.6;45.1;35.3;44.0;30.1;30.8
2009-04-01;61.4;57.0;59.6;54.3;42.0;49.3;55.0;69.6;61.8;40.7;51.4;51.5;47.0;52.1;55.8;65.5;41.9;54.8;48.3;43.1;41.8;62.8;53.4;39.8;46.1;46.1;44.4;52.5;51.7;45.8;58.7;39.2;51.1;58.3;43.4;49.1;49.4;61.7;42.3;57.2;64.8;45.3;43.3;55.4;44.1;52.2;43.0;38.4
2009-05-01;71.2;70.8;67.5;66.7;54.5;57.8;63.8;76.6;71.3;50.8;62.8;62.0;59.8;63.0;64.8;74.3;51.1;63.4;57.0;53.7;53.4;71.8;63.8;50.5;59.1;60.6;53.3;61.3;63.6;55.1;67.5;51.7;61.1;66.0;53.2;58.3;57.8;70.9;55.8;66.4;73.6;58.7;52.5;64.1;52.3;61.2;55.1;50.0
2009-06-01;79.4;73.0;78.8;67.5;59.8;64.0;70.9;81.9;79.8;56.3;72.7;71.6;68.9;74.4;73.9;81.6;58.7;71.0;62.8;62.5;62.3;80.2;74.6;56.6;66.8;62.4;60.2;67.6;69.0;62.1;75.1;60.7;69.0;79.1;58.4;65.0;63.4;79.1;63.2;75.6;81.7;62.0;60.3;71.6;59.9;68.4;63.6;55.4
2009-07-01;78.1;82.8;77.8;77.6;66.9;68.7;74.5;81.7;78.5;65.8;70.3;69.2;68.0;75.6;71.8;82.6;63.0;73.5;67.6;63.5;64.1;79.4;72.8;64.6;70.2;74.1;64.0;72.0;74.8;65.2;75.2;64.6;68.5;80.8;68.0;66.8;69.1;78.9;67.9;73.7;84.1;73.2;64.0;71.9;67.5;67.8;63.7;63.6
2009-08-01;78.0;79.7;76.6;74.8;64.8;71.7;77.2;82.1;78.8;63.8;70.9;70.7;68.3;74.4;73.6;81.2;66.1;76.2;71.0;65.4;64.2;78.7;72.6;63.4;69.4;70.2;67.0;74.9;72.2;67.9;77.4;64.5;71.0;78.9;65.3;70.0;72.6;80.0;67.4;74.9;83.3;69.7;66.2;75.2;65.4;71.3;64.8;61.8
2009-09-01;75.0;74.1;71.3;73.0;57.6;61.0;66.9;80.5;74.5;60.1;65.9;65.5;63.3;65.3;69.0;77.4;54.9;66.4;59.8;60.8;62.6;75.8;66.6;60.7;61.8;66.7;56.0;64.7;63.9;58.4;69.6;63.3;64.6;70.1;61.4;61.4;61.7;73.8;63.0;70.6;74.1;64.3;55.8;66.6;59.9;64.3;61.4;57.4
2009-10-01;62.8;59.4;57.0;58.1;40.8;49.5;56.6;75.3;64.1;39.5;50.1;50.5;44.9;48.8;53.8;66.7;41.2;55.4;48.4;44.6;39.9;62.6;50.9;36.4;42.3;47.9;43.4;53.4;52.5;45.9;58.9;38.0;50.0;54.8;45.1;48.6;50.7;62.2;39.5;56.2;64.2;45.7;42.9;55.3;44.2;51.3;42.2;35.1
2009-11-01;53.4;52.9;54.0;50.9;37.8;46.0;50.6;66.0;55.6;33.0;47.2;46.3;43.4;47.6;49.2;58.3;38.5;49.6;45.3;41.0;37.8;54.7;49.8;35.2;42.2;40.7;40.0;49.2;45.2;41.8;52.7;36.4;46.1;53.6;38.2;44.8;47.8;55.5;40.0;50.5;57.3;39.0;39.4;49.5;38.0;46.9;40.0;33.9
2009-12-01;44.8;39.0;38.1;41.8;20.4;30.1;37.1;60.4;46.2;19.8;29.1;30.4;19.8;26.5;35.6;48.1;21.9;35.4;29.0;23.6;12.0;44.3;30.6;12.0;18.6;26.0;23.2;34.4;31.6;25.2;40.7;7.4;30.6;34.6;28.5;28.9;32.1;44.9;13.5;37.9;43.1;21.6;21.9;35.7;26.6;32.3;18.2;14.5
2010-01-01;40.0;42.2;36.5;45.2;26.1;27.0;33.3;52.5;41.8;28.2;21.5;23.9;13.6;27.2;29.8;45.6;20.3;32.2;25.9;21.3;8.8;40.6;25.5;20.6;22.1;32.9;21.1;31.2;33.6;21.8;36.6;9.7;25.0;35.2;36.9;25.7;28.4;40.7;14.8;32.8;44.4;27.0;20.1;32.7;36.3;27.7;15.1;22.2
2010-02-01;40.6;44.3;36.5;46.8;24.6;29.8;31.4;52.6;42.1;28.9;25.7;25.7;17.3;29.9;30.6;44.8;24.6;30.8;29.3;23.1;12.8;40.7;28.4;21.1;23.0;35.8;25.3;31.1;35.1;24.1;36.9;9.3;25.7;35.7;37.6;25.8;31.3;41.2;14.6;33.7;44.0;29.9;23.5;31.9;38.5;27.2;20.0;21.5
2010-03-01;51.2;49.2;50.5;49.0;35.2;43.0;48.1;59.0;52.1;35.2;43.8;43.6;38.4;44.2;46.5;55.1;34.6;47.5;41.4;37.6;35.8;52.3;45.0;36.2;39.7;39.9;37.0;46.2;43.1;38.2;49.5;31.6;42.2;49.0;39.5;42.0;43.6;52.2;36.3;47.2;54.8;38.0;35.9;47.4;40.9;43.4;37.4;34.2
2010-04-01;64.2;56.1;63.4;50.9;43.6;52.0;57.5;69.7;64.5;40.0;58.7;57.3;55.2;57.8;59.9;67.6;44.9;57.5;50.6;49.0;50.0;65.1;60.5;41.6;51.7;44.2;46.7;55.5;52.7;49.2;61.3;47.2;55.4;61.5;42.0;52.4;52.0;64.5;49.3;60.9;65.1;44.7;46.2;58.6;44.6;55.6;50.0;39.2
2010-05-01;73.3;63.1;71.3;56.9;50.1;60.9;66.2;78.5;73.6;44.1;64.3;64.3;59.9;62.1;67.3;77.3;54.6;65.7;60.3;58.3;56.0;74.4;64.5;46.3;56.3;49.2;56.7;64.0;59.9;58.6;69.6;52.4;63.4;68.2;46.4;60.5;60.9;73.2;54.2;69.1;73.8;50.2;56.0;66.2;48.7;63.4;57.6;44.0
2010-06-01;80.9;75.9;81.6;69.1;64.0;68.9;77.4;83.1;81.0;55.5;74.9;74.1;70.8;77.0;77.0;83.5;60.8;76.2;67.6;64.9;63.8;82.2;77.3;57.5;69.6;64.8;63.0;73.9;72.6;65.1;78.8;63.1;72.2;81.0;55.6;69.3;68.9;81.8;65.9;78.4;82.7;65.4;61.8;76.0;55.9;71.9;65.1;57.4
2010-07-01;82.6;81.8;82.0;76.1;68.6;75.1;79.9;83.4;82.2;64.2;77.6;76.4;74.6;79.6;78.4;83.4;69.2;79.1;74.1;71.4;70.4;82.7;79.1;64.3;74.5;74.1;70.4;78.3;73.4;71.4;79.4;68.8;75.1;81.9;65.3;73.3;75.0;82.3;72.4;79.8;81.4;73.1;69.4;77.9;64.2;73.8;71.4;65.1
2010-08-01;83.0;79.0;83.9;73.4;66.5;71.0;77.0;83.5;82.2;62.8;76.8;75.6;74.4;79.7;78.3;85.0;65.2;76.4;70.1;70.7;70.2;83.8;79.0;63.8;74.8;69.9;66.0;74.9;72.3;68.2;78.6;69.0;74.2;83.9;63.5;70.8;70.8;81.6;73.6;79.8;84.4;69.3;65.4;76.0;63.5;73.3;70.8;64.1
2010-09-01;76.9;75.4;74.8;70.4;61.2;65.6;71.4;80.9;76.5;56.4;67.2;67.2;63.1;70.8;70.0;79.8;58.3;70.2;64.6;58.1;55.0;77.0;68.8;54.1;63.6;63.9;60.1;69.2;68.3;60.9;73.1;54.6;65.9;75.0;58.5;63.6;65.5;76.6;59.1;71.6;77.7;63.8;59.2;70.0;57.1;65.6;56.9;56.3
2010-10-01;64.3;62.7;62.7;60.5;49.2;52.8;58.6;72.1;64.8;47.5;56.5;56.0;53.9;59.1;58.2;68.3;45.2;57.8;51.5;49.9;49.1;65.0;58.3;47.6;54.0;52.9;46.3;56.0;56.7;48.5;60.9;48.0;54.7;62.3;50.0;51.4;53.5;64.4;51.6;59.2;67.2;51.1;45.2;58.0;48.6;54.2;49.5;47.1
2010-11-01;55.2;48.3;52.0;48.6;33.6;41.9;47.5;64.9;54.8;30.5;43.7;42.8;38.0;43.6;47.1;59.0;34.5;46.1;41.0;37.8;30.7;55.7;46.5;26.6;36.7;37.4;36.2;45.0;42.0;37.9;50.0;27.2;41.9;50.4;36.7;40.8;43.3;54.0;32.1;49.8;56.6;34.8;35.0;46.3;34.8;43.2;34.9;28.5
2010-12-01;40.3;46.7;38.9;45.8;31.1;28.2;31.7;50.1;39.9;26.6;24.0;24.3;19.1;32.3;29.0;48.1;23.4;30.8;27.8;22.8;11.5;42.3;29.6;19.0;26.1;35.6;23.1;30.8;40.4;23.1;33.6;9.6;24.8;39.5;33.4;25.4;30.3;38.3;17.7;32.7;49.2;32.5;20.8;30.1;31.9;25.3;16.9;23.8
2011-01-01;41.1;41.5;37.6;45.2;24.0;23.2;30.3;54.9;41.8;24.0;22.7;23.7;14.8;27.3;30.2;46.9;15.9;29.6;22.4;16.9;5.0;42.2;26.7;19.1;20.4;32.9;16.8;27.2;33.8;18.6;36.2;6.4;23.5;35.0;33.9;22.5;25.2;40.6;13.0;33.9;45.0;25.4;15.7;32.1;32.1;27.1;12.2;20.3
2011-02-01;49.5;41.7;43.9;43.4;24.2;27.1;38.8;61.8;51.1;24.3;30.2;31.2;22.6;30.2;39.1;52.5;16.2;37.6;25.5;21.3;13.2;49.8;33.2;16.4;24.5;32.8;18.7;34.4;35.0;21.8;45.7;10.0;30.5;39.4;32.6;28.6;28.8;50.4;16.3;43.1;48.7;28.6;17.6;40.9;31.1;36.8;18.5;18.0
2011-03-01;57.8;53.3;52.5;48.7;37.7;37.0;43.9;66.5;57.8;33.4;41.6;41.7;35.1;44.1;47.9;62.0;26.8;43.7;35.4;28.8;23.6;57.8;45.1;28.6;37.1;40.6;29.3;41.2;49.2;30.9;50.6;19.2;39.6;52.4;37.9;36.3;38.0;55.8;27.3;50.6;61.8;39.4;27.5;46.0;38.4;42.6;28.0;32.0
2011-04-01;65.7;58.9;63.5;53.4;43.0;48.9;57.2;73.0;65.8;36.4;53.1;53.0;47.6;55.2;58.8;70.4;39.0;56.7;47.7;42.0;41.6;67.0;56.8;37.7;47.5;44.4;42.4;53.9;55.6;45.0;61.4;39.1;52.1;62.1;39.5;49.7;49.1;65.0;43.1;61.0;70.3;43.5;41.7;58.2;40.2;55.0;41.7;37.1
2011-05-01;69.9;63.2;67.3;57.6;49.3;59.7;66.4;76.2;71.3;45.8;62.1;62.1;59.1;62.6;64.2;73.7;51.9;65.8;58.5;55.0;53.6;70.6;62.8;47.1;56.0;50.8;55.8;63.7;59.6;58.0;67.6;50.9;61.7;67.7;46.5;61.0;58.9;71.3;53.0;65.7;74.1;50.8;56.2;64.8;48.6;62.0;54.0;44.2
2011-06-01;81.3;75.7;81.7;66.9;62.9;66.9;74.3;82.1;81.1;54.0;72.9;72.2;69.6;76.8;74.2;83.8;60.2;74.0;65.2;64.2;63.4;82.2;75.8;56.3;68.2;62.4;62.1;71.9;73.1;65.1;77.0;62.4;70.4;83.4;54.9;68.0;66.2;80.8;64.7;76.5;85.2;63.3;62.0;73.4;55.5;69.5;64.3;56.4
2011-07-01;81.7;80.8;84.7;74.2;70.0;74.1;80.6;82.6;81.9;64.3;79.9;78.8;78.0;84.9;79.5;84.1;67.6;79.6;72.8;72.7;72.7;82.9;82.7;66.6;77.7;71.9;69.1;78.4;76.6;71.4;80.0;71.1;77.3;89.2;62.7;74.3;73.8;82.8;75.9;80.0;87.0;71.8;68.5;77.8;61.0;74.9;73.2;67.3
2011-08-01;81.8;82.2;83.1;75.2;69.2;70.8;75.5;83.7;82.2;66.1;74.8;73.1;72.0;80.9;75.8;86.7;64.8;75.1;69.8;68.3;68.2;83.0;77.8;66.8;73.9;72.5;66.2;73.5;76.0;67.6;77.7;68.6;71.9;87.7;66.1;69.4;71.3;81.4;71.6;77.8;88.2;72.5;65.8;74.9;64.9;71.6;68.2;66.4
2011-09-01;72.1;74.6;70.2;72.2;58.5;66.4;70.7;79.7;73.6;59.6;63.6;63.6;60.2;66.2;66.9;76.0;59.0;69.0;64.9;58.7;57.5;72.5;64.8;58.3;60.6;65.6;61.0;68.9;66.3;62.6;71.0;58.3;64.2;71.1;62.6;64.4;66.5;74.1;59.9;68.1;77.9;63.2;60.8;68.2;61.0;65.1;57.3;56.4
2011-10-01;60.6;62.8;60.6;61.4;47.1;53.4;57.2;70.5;61.6;45.4;55.2;53.9;53.4;57.5;55.6;65.5;47.6;55.9;52.6;49.7;49.9;61.3;57.2;45.9;52.7;52.4;48.2;55.8;55.3;49.6;58.2;48.4;52.7;61.8;49.0;50.8;54.9;61.0;51.3;56.8;66.9;50.0;47.7;55.5;47.2;52.2;49.8;44.8
2011-11-01;55.3;49.4;53.4;48.2;34.9;45.9;50.8;66.4;56.2;30.5;45.8;46.9;39.4;43.7;49.9;59.7;38.8;49.5;45.4;39.9;32.9;56.1;47.4;30.0;38.2;37.6;40.2;48.9;43.5;43.1;52.4;30.5;46.9;50.0;37.0;44.9;47.8;55.3;34.4;51.0;56.9;36.0;40.2;49.4;35.3;46.7;36.7;28.8
2011-12-01;49.3;39.9;43.3;42.8;24.4;36.9;43.4;62.8;51.3;24.8;35.9;36.6;29.1;33.1;41.0;51.3;26.0;41.8;35.8;29.9;22.7;48.0;37.4;26.2;28.6;30.9;29.4;40.5;31.4;31.8;46.9;23.0;36.9;39.9;32.6;35.3;39.0;50.7;26.8;42.8;46.1;26.8;27.9;42.5;31.0;38.5;25.7;21.0
2012-01-01;50.1;45.3;44.6;46.5;29.4;31.7;39.3;59.3;50.0;26.8;31.9;32.4;26.5;36.1;38.7;55.2;18.2;37.5;30.5;25.1;18.4;50.8;36.3;25.1;30.4;35.0;22.7;35.6;38.6;26.0;43.9;20.0;32.1;42.7;34.4;30.0;33.5;48.3;25.4;42.4;50.4;31.0;21.4;38.9;30.7;34.9;20.8;25.1
2012-02-01;52.1;45.6;47.2;46.5;27.4;35.0;41.1;64.3;52.8;28.0;35.8;35.4;29.6;37.1;41.2;56.1;21.4;40.5;33.6;28.4;22.4;52.2;39.9;24.9;29.3;34.6;26.9;38.9;38.2;29.9;45.8;21.0;35.1;43.8;34.6;34.3;35.7;50.6;25.7;44.5;51.8;31.7;25.6;41.8;34.5;37.7;26.6;22.7
2012-03-01;64.6;51.6;62.2;48.8;41.9;45.8;52.4;70.3;64.8;36.4;55.5;55.0;51.6;55.5;58.0;67.4;34.3;52.7;44.1;44.7;41.8;65.4;58.1;39.4;50.8;42.4;38.9;49.8;47.8;43.3;58.7;40.6;52.2;59.6;38.3;47.7;45.5;63.2;47.0;59.8;63.2;42.6;38.7;55.2;37.6;52.6;45.6;39.4
2012-04-01;65.0;60.6;64.4;55.8;48.2;49.7;55.0;71.2;65.6;44.4;54.6;52.9;52.4;59.2;57.3;69.4;42.2;54.2;48.7;43.9;45.5;65.8;59.0;44.8;53.5;49.9;44.2;52.6;56.6;43.9;59.2;45.8;50.2;64.3;45.9;47.7;50.0;64.2;50.2;60.0;70.2;49.6;42.7;55.6;46.0;51.7;45.1;44.7
2012-05-01;73.4;69.3;73.2;63.9;55.4;61.6;67.8;77.6;73.5;49.0;68.1;67.7;65.0;69.0;69.4;76.3;53.8;67.7;60.4;59.0;58.3;74.3;69.5;49.5;62.3;58.0;57.0;65.1;63.4;60.5;69.6;55.0;66.4;72.6;50.8;63.7;60.6;72.7;58.3;70.4;75.5;58.0;57.5;67.3;50.9;65.8;59.6;50.0
2012-06-01;76.8;78.7;78.0;69.3;67.9;66.4;72.9;79.3;75.6;56.9;72.6;71.6;71.4;77.5;72.5;80.7;60.2;71.7;65.0;66.5;66.8;78.2;74.8;60.2;73.4;66.2;62.1;70.0;74.2;64.6;72.3;65.5;70.3;79.0;55.5;66.5;65.7;74.8;70.4;73.6;82.4;68.7;62.2;70.2;55.0;67.5;67.1;62.8
2012-07-01;81.6;80.0;84.1;74.7;70.6;74.1;80.9;82.4;82.2;68.5;81.8;80.2;79.6;84.4;80.5;82.3;67.6;79.8;73.0;73.5;74.3;81.9;83.6;70.7;80.0;73.7;68.9;77.8;74.4;71.4;80.4;74.1;77.5;85.9;66.3;74.1;73.6;82.8;78.7;80.5;83.4;73.2;68.0;78.7;65.2;75.3;74.8;70.0
2012-08-01;78.1;80.5;80.2;77.8;67.7;72.0;76.8;81.5;78.1;67.3;73.6;71.9;71.0;76.5;74.6;82.0;67.4;75.8;71.5;67.5;66.7;79.5;76.2;66.7;73.0;74.2;68.2;74.7;73.9;68.4;75.6;67.4;71.4;81.5;67.7;69.8;72.5;78.0;71.0;75.6;83.7;73.0;67.1;74.0;66.2;70.8;67.1;66.6
2012-09-01;73.0;73.7;73.5;73.1;59.5;63.3;68.4;79.5;74.0;58.4;64.9;64.2;62.1;68.2;67.3;77.4;55.9;67.8;61.9;58.4;57.3;74.4;67.0;58.2;64.1;66.2;57.5;67.0;66.2;59.9;69.8;58.2;63.3;74.4;61.8;62.0;63.3;73.6;62.6;69.1;76.6;63.6;57.2;66.9;59.7;63.9;57.7;57.5
2012-10-01;62.2;63.8;59.3;62.2;46.5;54.7;59.3;73.2;64.7;43.7;52.5;52.1;48.8;54.0;55.2;65.8;48.2;57.5;53.5;47.5;43.2;62.1;54.3;41.0;48.2;53.4;49.7;56.8;56.1;50.9;59.5;41.2;52.4;59.6;48.8;52.2;55.4;63.7;45.6;56.7;65.9;50.9;49.3;56.4;47.4;52.9;44.8;41.6
2012-11-01;51.2;53.8;50.2;52.5;39.4;39.4;43.5;62.1;52.6;36.0;41.2;40.0;39.2;46.5;43.2;57.0;32.7;42.6;39.2;36.2;31.0;52.0;45.1;32.4;40.0;43.4;34.3;41.5;46.6;35.7;46.3;27.5;39.6;52.2;40.6;37.8;41.0;50.7;34.9;45.8;59.0;41.2;33.1;42.7;39.0;39.5;34.4;35.0
2012-12-01;50.9;42.4;46.4;43.0;25.9;35.9;44.1;62.0;52.1;25.8;36.8;38.2;27.7;34.6;43.0;55.0;24.4;42.2;34.8;30.4;16.8;51.6;38.8;21.5;27.6;31.3;28.7;40.6;36.0;31.6;47.6;13.3;37.7;42.2;31.5;35.8;37.6;51.5;21.4;45.6;51.1;27.8;27.4;42.9;32.5;39.2;25.1;22.1
2013-01-01;50.0;38.6;42.1;42.1;22.9;28.8;37.4;64.0;52.5;20.2;29.2;29.9;22.0;32.3;36.7;52.5;15.8;36.3;27.5;23.0;11.4;49.1;33.8;21.7;25.5;26.0;20.2;33.9;32.0;24.3;44.1;11.4;30.5;39.7;29.7;29.0;30.4;50.2;19.4;41.0;47.9;19.7;18.6;38.5;29.1;33.9;16.8;19.9
2013-02-01;48.0;42.2;43.3;45.3;25.7;29.2;35.9;61.8;48.8;27.5;29.9;30.2;24.2;33.6;36.8;54.2;20.0;34.5;28.4;20.9;13.0;49.0;34.4;27.4;28.8;33.3;23.1;32.8;36.1;23.3;41.8;16.8;29.2;41.1;35.1;27.4;30.2;46.6;23.8;40.8;51.7;27.6;21.5;36.8;35.5;32.3;17.0;22.6
2013-03-01;49.8;54.8;46.6;53.8;35.0;36.0;40.5;59.1;50.2;35.1;34.3;34.8;29.0;40.3;39.4;55.3;30.3;39.7;34.9;27.8;20.6;50.4;38.3;30.5;34.8;44.7;30.8;38.6;46.6;30.6;44.0;17.6;35.0;47.5;40.9;33.8;37.1;48.4;28.1;42.7;57.2;41.0;29.5;40.1;40.2;36.4;23.9;31.3
2013-04-01;62.2;59.4;58.5;58.2;39.8;47.3;54.6;71.4;62.9;40.1;50.2;50.8;43.8;48.4;55.2;64.6;39.1;54.4;46.3;39.5;34.0;62.1;52.1;36.9;42.5;48.4;42.0;51.5;52.6;43.4;58.7;31.3;50.6;54.7;44.6;48.7;47.7;62.1;36.9;56.8;63.0;45.0;40.8;56.0;44.7;52.9;37.8;34.7
2013-05-01;68.2;67.4;67.2;63.8;52.8;58.2;63.7;74.0;68.4;51.0;63.9;64.4;59.0;63.3;64.9;71.7;52.3;62.8;57.7;56.5;53.2;68.9;63.4;51.9;58.5;56.5;54.9;60.9;61.6;57.2;65.1;53.4;63.2;67.0;52.5;58.9;58.5;67.9;55.9;65.0;72.5;56.0;55.1;62.5;53.5;60.5;55.2;50.4
2013-06-01;78.0;79.5;77.1;72.4;65.6;67.7;73.5;81.1;77.8;59.3;71.5;70.8;68.9;75.2;72.9;80.9;60.8;72.7;67.0;63.8;63.9;78.9;73.0;59.0;68.8;68.6;63.2;71.2;74.1;64.0;74.3;63.3;69.5;78.1;59.4;67.4;68.0;77.4;65.3;74.2;81.8;69.2;62.0;72.2;58.7;69.2;63.9;60.7
2013-07-01;77.7;81.0;78.0;78.0;68.5;75.9;79.2;80.8;78.2;69.6;73.1;72.3;72.3;77.2;74.0;80.7;68.3;77.8;75.0;68.8;69.0;78.8;75.0;67.5;73.2;76.3;70.6;77.8;73.0;71.2;77.0;68.3;72.5;79.6;69.4;72.7;76.4;78.8;71.8;74.8;81.3;74.6;69.7;75.6;67.2;72.4;68.9;67.8
2013-08-01;77.9;78.5;78.4;74.4;67.0;68.7;73.4;82.2;78.0;67.6;72.8;71.5;71.9;76.5;73.7;82.0;63.7;72.4;68.0;66.6;67.8;79.6;74.6;67.3;73.8;71.6;64.8;71.4;72.3;65.8;74.4;68.6;70.2;80.3;66.5;67.6;69.1;77.4;71.6;74.7;83.3;71.0;64.1;71.8;66.2;69.2;67.6;66.7
2013-09-01;75.0;72.4;75.4;69.3;60.7;61.4;66.7;80.0;74.5;57.1;68.6;66.9;67.0;72.1;69.1;79.9;56.7;66.0;60.8;59.5;61.5;77.0;70.7;58.8;68.0;62.5;57.4;64.4;66.0;58.3;69.4;62.0;64.5;75.8;58.3;61.0;62.1;73.5;65.8;70.7;78.2;61.4;56.5;66.3;59.7;63.9;60.8;57.3
2013-10-01;64.9;58.8;61.5;58.5;44.2;53.4;59.5;74.0;65.0;42.1;54.5;54.3;50.5;55.2;57.6;68.6;47.3;58.1;51.8;48.8;44.9;65.4;55.9;40.8;48.8;48.1;48.0;57.1;52.6;50.8;60.7;41.6;54.3;60.4;46.2;53.4;54.0;64.2;44.3;59.5;66.7;46.4;47.8;57.6;46.1;54.7;46.7;39.3
2013-11-01;51.6;51.3;47.5;51.9;35.2;39.8;45.1;67.1;53.2;33.8;38.8;39.2;33.9;41.3;42.8;55.0;32.3;43.3;38.8;34.2;27.6;51.1;41.8;30.4;36.0;41.5;33.2;42.9;42.7;34.4;47.8;26.2;39.0;46.6;39.4;37.4;41.3;51.5;32.1;44.8;52.9;38.0;31.8;43.7;36.7;39.9;30.8;31.3
2013-12-01;47.9;41.5;40.1;44.1;23.7;31.0;40.4;64.7;51.2;21.1;26.2;29.4;17.4;29.2;37.4;49.6;17.0;38.6;29.4;19.3;5.0;46.7;30.3;16.4;22.8;28.4;22.2;36.0;34.5;25.4;45.4;5.0;32.0;35.2;29.7;30.8;33.0;49.9;13.5;40.4;44.8;23.1;21.4;40.3;28.2;36.0;11.9;18.1
