date,Alabama,Arizona,Arkansas,California,Colorado,Connecticut,Delaware,Florida,Georgia,Idaho,Illinois,Indiana,Iowa,Kansas,Kentucky,Louisiana,Maine,Maryland,Massachusetts,Michigan,Minnesota,Mississippi,Missouri,Montana,Nebraska,Nevada,New Hampshire,New Jersey,New Mexico,New York,North Carolina,North Dakota,Ohio,Oklahoma,Oregon,Pennsylvania,Rhode Island,South Carolina,South Dakota,Tennessee,Texas,Utah,Vermont,Virginia,Washington,West Virginia,Wisconsin,Wyoming
1990-01-01,5.96,7.83,7.06,9.68,6.81,9.42,7.36,7.68,6.55,4.77,7.97,6.3,6.88,7.75,5.32,7.06,9.09,5.9,8.79,7.63,6.24,6.35,6.34,5.8,5.68,5.77,10.09,9.44,8.43,10.71,7.32,5.6,6.95,5.61,4.62,8.33,8.72,6.85,6.39,5.68,6.26,7.02,9.31,6.35,4.4,5.51,6.44,5.63
1990-02-01,7.0,7.85,7.72,9.9,6.47,9.96,7.87,7.84,7.07,4.79,8.64,6.69,7.2,7.26,5.66,7.19,9.27,6.41,9.54,7.71,6.44,6.8,6.73,5.82,5.93,6.35,10.25,9.82,8.55,11.12,7.67,5.68,7.65,6.34,4.61,8.55,9.58,7.1,6.55,5.68,6.4,6.96,9.53,6.02,4.39,5.81,6.38,5.7
1990-03-01,6.18,8.18,7.85,9.97,6.75,9.7,7.89,7.79,7.05,4.78,8.88,6.75,7.26,7.59,5.64,7.41,9.15,6.41,9.03,7.73,6.55,6.89,6.98,5.85,6.05,5.94,10.17,9.79,8.77,11.19,7.67,5.76,7.64,6.35,4.71,8.58,9.22,7.21,6.6,5.69,6.84,7.08,9.47,6.83,4.42,5.78,6.57,5.83
1990-04-01,6.93,8.97,7.93,9.68,7.06,9.65,8.17,7.9,7.31,4.85,9.05,6.85,7.49,7.47,5.69,7.48,9.1,6.58,9.16,7.87,6.64,7.08,7.12,5.21,6.07,6.11,10.29,10.03,8.92,11.02,7.76,6.08,7.83,6.56,4.71,8.86,9.49,7.38,6.88,5.71,7.05,7.24,8.56,6.97,4.31,5.87,6.73,5.98
1990-05-01,6.52,9.37,8.43,9.97,7.27,10.04,8.58,7.83,7.57,4.9,9.55,7.35,7.97,8.55,5.85,7.5,9.01,6.95,9.4,7.86,6.86,7.26,8.07,4.73,6.22,5.45,10.31,10.27,9.3,11.31,7.94,6.55,8.37,6.82,4.68,9.41,9.22,7.28,7.24,5.73,7.63,7.3,8.89,7.79,4.31,6.0,6.68,6.14
1990-06-01,6.8,9.84,8.6,9.95,7.36,10.55,9.35,7.71,8.12,5.07,11.34,7.3,8.77,8.59,5.93,7.32,8.95,8.3,9.86,7.9,7.33,7.02,8.55,4.93,7.06,5.63,10.4,11.05,9.1,11.64,7.84,6.99,8.61,7.16,4.64,9.66,10.24,7.28,7.52,5.71,7.2,7.24,8.53,8.03,4.22,6.09,6.75,6.18
1990-07-01,6.43,9.77,8.33,10.43,7.24,9.95,9.03,7.7,8.14,5.0,12.02,6.77,8.38,8.21,5.72,7.46,9.19,8.32,9.97,8.05,7.24,6.84,8.09,4.86,6.61,5.19,10.53,11.07,9.05,11.8,7.98,7.04,8.42,6.79,4.77,10.06,10.54,7.12,7.25,5.67,7.52,7.18,8.86,7.97,4.3,6.07,6.75,6.33
1990-08-01,6.94,9.63,8.44,10.45,7.33,9.96,9.01,7.7,8.07,5.01,11.76,6.89,8.79,8.14,5.75,7.48,9.41,8.27,9.92,8.02,7.27,6.87,8.12,4.84,6.71,5.46,10.54,11.08,9.2,11.89,8.04,7.03,8.55,6.99,4.75,10.05,10.32,7.14,7.44,5.67,7.41,7.11,8.89,7.98,4.24,6.03,6.74,6.3
1990-09-01,6.58,9.51,8.39,10.0,7.07,10.13,9.05,7.69,7.72,5.05,11.72,6.8,8.33,7.29,5.79,7.45,9.39,8.38,10.27,8.08,7.27,6.79,7.32,5.17,6.56,5.72,10.53,11.01,9.06,11.98,8.06,6.93,8.83,6.89,4.94,10.03,10.26,7.08,7.24,5.67,7.67,7.18,9.28,7.77,4.32,5.68,6.77,6.37
1990-10-01,6.66,9.6,8.12,9.69,7.17,10.67,8.53,7.76,7.03,5.06,10.57,7.37,8.03,7.54,5.84,7.5,9.43,7.91,10.76,7.74,6.76,7.15,7.06,5.16,5.91,5.81,10.5,10.02,9.24,11.71,8.45,6.73,8.49,6.48,4.9,9.72,10.04,7.2,7.23,5.74,7.79,7.24,8.76,7.54,4.56,6.32,6.79,6.15
1990-11-01,6.67,8.88,7.9,9.82,7.12,10.49,8.3,7.89,7.09,4.73,8.63,7.06,7.54,7.93,5.73,7.42,9.71,7.08,10.07,7.63,6.62,7.03,7.05,5.69,5.92,5.92,10.43,10.07,8.93,11.62,7.89,6.29,8.09,6.5,4.76,9.34,9.91,7.22,6.96,5.7,7.34,7.04,9.21,7.15,4.52,5.98,6.59,6.01
1990-12-01,6.63,8.43,7.7,10.08,6.9,10.07,7.99,7.96,6.83,4.75,8.38,6.78,7.15,7.57,5.57,7.57,9.86,6.63,9.79,7.76,6.61,6.86,6.75,6.24,5.71,5.69,10.26,10.11,8.94,11.48,7.7,5.9,7.68,6.06,4.79,8.96,10.89,7.16,6.64,5.66,6.76,7.12,11.13,6.93,4.58,5.92,6.53,5.69
1991-01-01,6.41,7.68,7.32,10.42,6.88,9.88,7.84,8.18,6.95,4.73,7.47,6.36,6.83,6.95,5.47,7.12,10.1,6.5,10.31,7.99,6.47,6.68,6.37,6.16,5.15,5.98,9.48,10.1,8.79,11.48,7.54,5.49,7.32,5.65,4.56,8.79,10.65,7.18,6.15,5.63,6.32,6.9,10.76,6.9,4.44,5.64,6.5,5.55
1991-02-01,6.43,8.31,7.62,10.54,7.17,10.21,8.02,8.24,6.89,4.79,7.85,6.42,7.25,7.21,5.55,7.47,10.26,6.76,10.18,8.12,6.43,6.74,6.2,6.25,5.61,6.57,9.48,10.33,9.13,11.44,7.57,5.75,7.64,6.67,4.73,8.72,10.66,7.01,6.55,5.63,6.98,7.09,10.93,7.06,4.18,5.66,6.42,5.78
1991-03-01,6.63,8.63,7.86,10.7,6.99,10.31,8.17,8.23,7.09,4.8,8.69,6.63,7.56,7.67,5.64,7.41,10.2,6.88,9.68,8.04,6.48,6.77,6.78,6.29,5.84,5.95,9.48,10.38,9.3,11.63,7.65,5.81,7.75,6.98,4.83,8.89,10.45,7.11,6.62,5.64,7.2,7.2,9.77,7.14,4.48,5.73,6.79,5.9
1991-04-01,6.78,9.01,8.21,10.71,6.79,10.29,8.41,7.97,7.19,4.81,10.19,7.03,7.86,7.85,5.78,7.48,10.39,7.08,9.99,7.9,6.69,7.13,7.27,5.54,5.95,6.29,9.49,10.53,9.08,11.58,7.9,6.19,8.23,7.26,4.73,9.12,10.51,7.35,6.98,5.69,7.28,7.09,8.04,7.4,4.29,5.89,6.78,6.03
1991-05-01,6.83,9.73,8.37,10.82,7.32,10.62,8.78,7.85,7.55,4.9,10.47,7.39,8.18,8.06,5.94,7.58,10.24,7.77,10.54,7.87,6.98,7.22,8.41,5.09,6.11,6.11,9.75,10.6,9.36,11.82,8.04,6.53,8.34,7.28,4.73,9.89,10.45,7.43,7.27,5.72,8.03,7.31,8.05,5.74,4.32,6.04,6.86,6.17
1991-06-01,6.77,9.77,8.61,10.83,7.53,10.47,9.3,7.8,8.1,5.11,10.59,6.81,8.3,8.81,5.82,7.55,10.22,9.12,10.57,8.28,7.45,6.91,8.55,5.18,6.87,5.87,10.85,11.59,9.16,12.41,7.83,7.05,8.68,7.64,4.8,10.13,11.38,7.26,7.51,5.56,7.78,7.22,7.84,7.81,4.25,5.9,6.86,6.32
1991-07-01,6.89,9.81,8.46,11.1,7.44,10.37,9.15,7.78,8.07,5.02,11.2,6.55,8.31,8.07,5.75,7.56,10.14,9.03,10.75,8.34,7.48,6.77,8.35,5.2,6.63,5.31,11.03,11.47,9.1,12.38,8.3,7.11,8.6,7.44,4.88,10.3,11.68,7.24,7.37,5.65,7.87,7.17,8.22,7.78,4.3,5.89,6.73,6.3
1991-08-01,6.81,9.68,8.61,11.21,6.2,10.54,9.13,7.72,8.1,5.03,11.04,6.77,8.56,8.15,5.82,7.42,10.34,9.11,10.8,8.23,7.54,6.7,8.21,5.37,6.66,5.48,11.08,11.5,9.24,12.63,8.19,7.1,8.77,7.58,4.87,10.38,11.78,7.18,7.42,5.64,8.04,7.11,8.84,7.8,4.28,5.94,6.94,6.24
1991-09-01,6.71,9.71,8.55,10.88,7.11,10.68,9.21,7.72,7.71,5.11,10.98,6.63,8.06,7.35,5.76,7.3,10.59,8.89,10.65,8.28,7.33,6.82,7.38,5.42,6.66,5.87,11.19,11.5,9.09,12.57,8.29,7.02,8.83,7.6,5.06,10.14,11.0,7.15,7.3,5.65,8.1,7.09,8.53,7.94,4.33,6.05,6.82,6.33
1991-10-01,6.74,9.61,8.38,10.83,7.38,11.39,8.65,7.84,7.37,5.08,10.92,7.14,7.65,7.91,5.74,7.35,10.56,8.57,10.65,7.84,7.06,7.16,7.17,5.36,5.98,5.63,11.19,10.33,9.33,12.02,8.41,6.85,8.46,6.93,5.04,10.09,11.01,7.28,7.38,5.71,8.06,7.22,8.44,7.77,4.52,6.24,6.89,6.35
1991-11-01,6.72,8.97,6.9,10.63,6.96,11.13,8.46,7.98,7.19,4.85,9.81,6.93,7.5,7.99,5.63,7.16,11.17,7.49,10.07,7.86,6.78,7.09,7.07,5.77,5.77,6.1,11.1,10.47,8.91,11.84,7.84,5.94,8.06,6.24,4.94,9.72,10.36,7.36,6.61,5.67,7.41,7.13,10.37,7.44,4.49,6.17,6.79,5.99
1991-12-01,6.48,8.44,7.67,10.78,7.16,10.64,8.15,7.95,6.88,4.76,9.25,6.58,7.2,7.73,5.37,7.26,11.25,7.23,10.73,7.89,6.53,6.83,6.54,6.44,5.59,6.18,11.16,10.2,8.75,11.77,7.85,5.62,7.55,6.44,4.86,9.41,11.92,7.22,6.52,5.62,7.19,7.06,12.09,7.21,4.45,6.02,6.53,5.76
1992-01-01,6.35,8.33,7.46,10.93,7.1,10.77,7.83,7.98,6.88,4.78,9.35,6.35,7.28,7.22,5.36,7.17,11.71,7.15,10.21,8.0,6.65,6.59,6.55,6.5,5.35,6.21,11.09,10.16,8.86,11.43,7.73,5.72,7.36,6.35,4.87,9.27,10.79,7.02,6.53,5.65,6.65,6.97,10.99,7.12,4.5,5.89,6.63,5.66
1992-02-01,6.4,8.83,7.74,10.76,6.87,10.92,7.89,7.87,7.1,4.81,8.84,6.44,7.48,7.13,5.46,7.35,11.69,7.06,9.98,8.08,6.67,6.65,6.68,6.55,5.53,6.61,11.12,10.27,8.94,11.42,7.8,5.78,7.62,6.72,4.95,9.21,10.93,6.98,6.61,5.63,7.05,7.37,11.07,7.22,4.29,5.94,6.57,5.83
1992-03-01,6.74,9.02,8.01,10.91,6.81,10.48,8.12,7.94,7.4,4.83,9.92,6.82,7.78,7.59,5.6,7.57,11.48,7.29,10.03,7.97,6.82,6.85,7.04,6.68,5.72,6.56,11.1,10.35,9.24,11.49,7.98,5.95,7.86,7.13,5.0,9.35,10.93,7.31,6.79,5.64,7.39,6.96,9.76,7.46,4.41,6.11,6.68,5.97
1992-04-01,6.78,9.52,8.08,10.91,6.83,10.71,8.29,7.8,7.42,4.86,9.94,6.78,7.9,7.82,5.59,7.33,11.24,7.33,9.95,8.04,6.82,7.14,7.04,5.86,5.76,6.57,11.14,10.5,9.17,11.6,7.97,6.13,7.99,7.2,4.84,9.36,10.99,7.22,6.96,5.65,7.51,6.89,7.94,7.53,4.36,6.07,6.83,6.08
1992-05-01,7.04,9.67,8.48,11.07,7.38,11.81,8.75,7.79,7.89,4.98,10.43,7.35,8.27,8.47,5.92,7.54,11.11,8.22,10.41,7.99,7.14,7.41,7.93,5.42,6.2,6.06,11.27,10.76,9.36,12.21,8.25,6.61,8.67,7.18,4.89,9.63,10.95,7.42,7.42,5.79,8.16,7.01,8.4,8.09,4.34,6.37,7.06,6.29
1992-06-01,6.86,10.19,9.07,11.1,7.52,11.32,9.52,7.65,8.36,5.2,11.36,7.32,8.9,8.91,6.21,7.42,11.03,9.36,10.5,8.25,7.13,7.19,8.78,5.5,7.5,6.16,11.39,11.62,9.06,13.09,8.23,7.23,9.19,7.67,4.88,10.13,11.22,7.42,7.76,5.77,8.23,6.97,8.54,8.32,4.27,6.38,7.18,6.37
1992-07-01,6.78,10.12,8.6,11.47,7.63,11.22,9.44,7.59,8.55,5.15,11.51,6.99,8.84,8.44,5.92,7.48,11.07,9.22,11.14,8.26,7.58,6.83,8.51,5.47,7.19,5.74,11.6,11.6,9.07,13.31,8.47,7.39,8.79,7.56,4.95,10.44,11.7,7.25,7.74,5.7,8.19,6.95,8.44,7.61,4.39,6.25,7.13,6.37
1992-08-01,6.78,10.13,8.56,11.59,7.51,11.27,9.42,7.58,8.55,5.04,11.29,6.9,8.84,8.12,5.87,7.6,11.1,9.19,10.95,8.25,7.55,6.94,8.23,5.44,7.21,5.84,11.63,11.65,9.12,13.46,8.31,7.4,8.88,7.73,4.89,10.25,11.52,7.09,7.72,5.7,7.99,6.87,8.5,8.26,4.26,6.27,7.12,6.28
1992-09-01,6.72,10.25,8.72,11.21,7.34,11.42,9.48,7.6,8.03,5.19,11.48,7.07,8.75,8.21,5.92,7.55,11.15,8.85,11.07,8.35,7.32,6.97,7.73,5.46,7.33,6.2,11.6,11.63,9.18,13.46,8.46,7.2,9.14,7.82,5.06,10.12,11.28,7.16,7.72,5.73,8.15,6.91,7.93,7.97,4.4,6.35,7.1,6.37
1992-10-01,7.03,10.18,8.55,10.8,7.3,11.51,8.87,7.7,7.56,5.09,11.0,7.34,8.14,7.88,5.73,7.8,11.26,8.39,11.14,8.01,6.98,7.27,7.24,5.37,6.33,6.25,11.59,10.44,9.32,12.95,8.53,6.49,8.57,7.02,5.08,9.89,11.47,7.13,7.56,5.8,8.24,6.99,8.08,7.86,4.61,6.39,7.21,6.53
1992-11-01,6.77,9.45,8.24,10.81,7.24,11.23,8.62,7.94,7.36,4.94,9.91,6.96,7.79,7.6,5.64,7.68,11.55,7.27,10.8,8.02,6.97,7.21,7.01,5.51,5.91,6.5,11.42,10.59,8.96,12.71,8.02,6.11,8.1,6.7,4.97,9.43,10.91,7.35,6.8,5.78,7.47,6.98,10.4,7.53,4.7,6.26,6.98,6.13
1992-12-01,6.17,8.64,7.63,11.17,7.16,10.71,8.22,7.78,6.94,4.67,9.2,6.5,7.0,7.3,5.34,7.68,11.66,7.05,11.56,8.12,6.77,7.33,6.55,5.72,5.59,6.19,11.65,10.55,8.71,12.55,7.81,5.75,7.58,6.45,4.86,9.47,11.57,7.1,6.57,5.67,7.16,6.81,11.95,7.2,4.79,6.06,6.65,5.78
1993-01-01,6.13,8.57,7.67,11.1,7.22,11.2,8.1,7.84,6.72,5.01,8.82,6.25,7.12,7.11,5.41,7.53,11.59,7.02,10.39,8.12,6.61,6.54,6.06,5.91,5.35,6.34,11.83,10.6,9.09,12.17,7.84,5.49,7.52,5.94,4.87,8.97,10.78,7.07,6.43,5.64,6.91,6.77,12.27,7.42,4.66,6.05,6.76,5.6
1993-02-01,6.59,8.85,7.74,10.91,6.94,10.68,8.07,7.85,7.1,4.96,8.69,6.32,7.51,7.32,5.51,7.44,11.51,7.08,10.6,8.1,6.94,6.66,6.37,5.9,5.55,6.8,11.91,10.53,8.71,12.14,7.93,5.78,7.64,6.61,4.91,8.89,11.06,7.07,6.7,5.64,7.01,6.81,11.63,6.91,4.61,6.09,6.95,5.71
1993-03-01,6.36,9.08,7.68,11.11,6.88,11.22,8.02,7.82,7.13,4.96,9.09,6.29,7.29,7.35,5.39,7.38,11.28,7.02,10.27,8.06,6.86,6.72,6.1,5.6,5.43,6.61,11.65,10.78,8.81,12.35,7.88,5.88,7.52,6.48,4.91,8.9,10.71,7.22,6.54,5.63,7.17,6.87,9.65,6.87,4.55,6.09,7.03,5.76
1993-04-01,6.88,9.36,8.07,11.15,7.06,11.58,8.42,8.21,7.49,4.85,9.7,6.86,7.68,7.62,5.73,7.48,11.28,7.32,10.73,8.01,6.82,7.04,6.57,5.47,5.69,7.02,11.82,11.06,9.09,12.71,8.13,6.2,8.11,6.92,4.82,9.1,11.0,7.28,6.72,5.7,7.57,6.86,8.3,7.29,4.35,6.31,7.03,5.97
1993-05-01,6.89,9.9,8.33,11.39,7.43,11.88,8.99,8.23,7.9,5.03,10.15,7.36,8.2,8.15,6.06,7.74,11.18,8.98,11.15,8.01,7.37,7.63,7.9,5.63,6.17,6.2,12.15,11.25,9.39,13.35,8.31,7.03,8.83,7.73,4.84,9.66,11.28,7.44,7.39,5.81,8.51,6.93,8.82,8.12,4.34,6.58,7.2,6.12
1993-06-01,6.93,10.26,8.81,11.5,7.63,12.09,9.99,8.05,8.48,5.07,11.08,7.22,8.88,8.06,6.09,7.71,11.04,9.69,11.56,8.22,7.64,7.39,8.88,5.72,7.65,5.81,12.65,11.99,9.3,13.93,8.23,7.24,9.1,7.9,4.9,10.25,11.72,7.52,7.68,5.9,8.41,6.91,8.81,8.32,4.34,6.53,7.11,6.31
1993-07-01,6.95,10.2,8.49,11.66,7.54,11.72,9.81,7.99,8.72,5.01,10.7,6.62,8.8,8.2,5.76,7.87,11.22,9.64,10.99,8.5,7.66,7.05,8.49,5.64,7.36,5.88,12.61,12.23,9.26,13.94,8.54,7.45,8.88,7.75,4.94,10.5,12.08,7.52,7.64,5.77,8.38,6.87,8.76,8.27,4.43,6.3,7.02,6.24
1993-08-01,7.05,10.2,8.55,11.76,7.22,11.56,9.84,7.98,8.69,5.08,10.81,6.52,8.73,8.42,5.95,7.8,11.46,9.65,11.26,8.47,7.28,7.19,8.53,5.68,7.27,6.33,12.75,12.23,9.41,13.92,8.43,7.25,8.98,7.53,4.9,10.4,11.96,7.44,7.57,5.77,8.49,6.89,8.62,8.28,4.43,6.39,7.06,6.27
1993-09-01,7.06,10.31,8.82,11.32,7.29,11.45,10.02,8.01,8.13,5.03,10.98,6.66,8.84,8.26,5.81,7.98,11.42,9.18,11.4,8.33,7.4,7.37,7.53,5.73,7.27,6.88,12.69,12.22,9.47,13.9,8.37,7.13,9.45,7.94,5.07,10.11,11.87,7.37,7.53,5.8,8.82,6.88,8.81,8.05,4.51,6.45,7.04,6.28
1993-10-01,7.22,10.25,8.63,11.18,7.26,11.51,9.46,7.92,7.69,5.11,16.13,7.4,8.27,8.21,6.0,8.15,11.47,8.13,11.25,7.87,6.97,7.5,7.06,5.75,6.11,7.39,12.56,11.16,9.54,13.28,8.61,6.67,8.81,6.92,5.36,9.83,11.18,7.13,7.47,5.96,8.81,6.92,8.71,7.64,4.53,6.68,7.22,6.33
1993-11-01,7.02,9.13,8.19,11.21,7.2,11.37,8.88,8.0,6.92,4.99,9.8,6.77,7.72,7.8,5.61,8.01,11.65,7.65,10.9,7.96,6.92,7.45,6.51,5.87,5.75,7.3,12.46,11.16,9.12,13.35,8.04,6.12,8.22,6.68,5.38,9.41,10.8,7.47,6.99,5.86,7.99,6.76,10.19,7.15,5.06,6.38,7.12,5.98
1993-12-01,6.7,8.65,7.91,11.29,7.36,10.96,8.66,7.97,6.86,4.93,9.08,6.54,7.42,7.36,5.35,7.54,11.94,7.38,12.0,8.09,6.81,6.85,6.14,6.06,5.4,6.56,13.12,10.96,9.07,13.1,7.91,5.75,7.86,6.54,5.28,9.09,12.32,7.36,6.67,5.72,6.51,6.79,11.27,6.89,5.03,6.14,6.97,5.67
1994-01-01,6.32,8.13,7.48,11.12,7.11,10.79,8.08,7.93,6.77,4.98,8.62,6.06,7.08,7.29,5.3,7.46,12.46,7.22,10.58,8.04,6.67,6.44,6.03,6.18,5.2,6.88,12.56,10.78,8.88,12.92,7.73,5.5,7.3,5.94,5.32,8.78,10.65,7.11,6.5,5.73,7.46,6.86,11.25,6.85,5.02,6.0,6.99,5.71
1994-02-01,6.44,8.34,7.58,11.13,7.19,10.64,7.88,7.91,6.95,5.0,8.81,6.22,7.01,7.44,5.32,7.55,12.37,7.24,10.51,8.03,6.67,6.77,6.02,6.16,5.36,7.53,12.37,10.83,9.04,12.74,7.9,5.63,7.59,6.16,5.38,8.6,10.84,7.12,6.51,5.72,7.25,6.91,11.59,6.96,5.04,6.01,7.09,5.8
1994-03-01,6.86,8.92,7.66,11.27,7.24,11.14,8.13,7.95,7.31,4.98,9.38,6.76,7.58,7.61,5.64,7.54,12.3,7.48,10.34,7.2,6.84,7.12,6.45,5.91,5.54,7.72,12.39,10.93,8.93,13.01,7.99,6.08,8.06,6.69,5.37,8.77,11.01,7.49,6.77,5.86,7.46,6.93,9.66,7.57,4.95,6.27,6.95,5.89
1994-04-01,6.71,9.15,7.95,11.46,7.34,11.72,8.64,7.85,7.33,4.93,9.75,7.16,8.17,7.92,5.9,7.66,12.32,7.74,10.7,8.04,7.13,7.45,6.91,5.69,5.81,7.48,12.4,11.14,9.02,13.19,8.26,6.39,8.5,6.66,5.17,9.24,10.57,7.58,6.99,5.94,7.79,6.95,8.42,7.91,4.74,6.41,7.12,6.03
1994-05-01,6.9,9.8,8.26,11.34,7.44,11.8,9.14,7.72,7.8,5.11,10.32,7.54,8.39,8.17,6.22,8.11,12.14,9.15,10.75,8.31,6.86,7.47,7.83,5.77,6.13,7.2,12.67,11.32,9.57,13.61,8.44,7.03,9.14,6.78,5.23,9.71,11.1,7.55,7.14,6.04,8.05,6.98,8.67,8.37,4.75,6.68,7.21,6.26
1994-06-01,6.91,10.04,8.55,11.59,7.49,12.0,9.87,7.71,8.58,5.21,10.83,7.08,8.71,7.98,6.01,7.97,12.04,9.95,11.73,8.58,7.85,7.15,8.69,5.8,7.56,7.32,13.36,11.98,9.19,14.11,8.23,7.45,9.38,8.0,5.24,10.37,11.27,7.72,7.75,5.96,8.44,6.94,9.13,8.8,4.7,6.47,7.05,6.29
1994-07-01,6.76,9.95,8.32,11.84,7.41,11.53,9.67,7.64,8.56,5.15,10.76,6.55,9.01,8.16,5.74,7.75,11.99,9.76,11.26,8.76,8.23,7.21,8.42,5.87,7.36,6.6,13.37,12.26,9.26,14.19,8.42,7.32,9.22,7.73,5.26,10.69,12.46,7.53,7.54,5.84,8.4,6.9,9.04,8.21,4.84,6.3,7.16,6.29
1994-08-01,6.78,9.78,8.39,11.83,7.42,11.89,9.68,7.65,8.46,5.16,11.16,6.76,9.01,8.36,6.09,7.48,12.17,9.7,11.13,8.62,7.7,7.24,8.57,5.81,7.43,6.69,13.42,12.33,9.44,14.3,8.42,7.33,9.32,7.67,5.21,10.27,11.4,7.56,7.65,5.87,8.45,6.89,9.03,8.42,4.85,6.46,7.05,6.27
1994-09-01,6.62,9.77,8.47,11.53,7.39,12.42,9.81,7.66,8.21,5.26,11.07,7.26,8.71,8.14,6.13,7.73,12.21,9.16,11.45,8.48,7.4,7.07,7.95,5.89,7.33,6.84,13.18,12.22,9.26,14.37,8.41,7.11,9.46,7.43,5.53,10.16,11.28,7.57,7.49,5.9,9.02,6.91,9.03,8.09,4.92,6.62,7.23,6.26
1994-10-01,6.93,9.79,8.12,11.14,7.5,11.25,9.12,7.79,7.46,5.26,10.77,7.44,8.05,8.15,6.05,7.58,12.23,8.25,12.01,8.22,6.98,7.24,6.9,5.89,5.89,8.18,13.32,11.41,9.36,13.43,8.6,6.89,9.03,7.16,5.49,10.05,11.35,7.65,7.35,6.05,8.37,6.96,9.04,7.94,4.98,6.71,7.08,6.43
1994-11-01,6.77,9.05,8.28,11.2,7.53,11.87,8.98,7.86,7.12,5.14,9.75,7.13,7.88,7.63,5.85,7.24,12.63,7.84,11.4,8.22,6.86,7.09,6.76,5.97,5.97,7.54,13.13,11.44,8.81,13.5,8.09,6.32,8.67,6.53,5.38,9.62,10.98,7.8,7.11,6.04,7.62,6.91,10.65,7.61,5.22,6.49,7.15,6.04
1994-12-01,6.45,7.96,7.68,11.52,7.33,11.46,8.52,7.85,7.16,5.07,9.06,6.38,7.58,7.35,5.61,7.02,12.78,7.7,11.75,8.29,6.73,6.57,6.25,6.27,5.62,7.16,13.23,11.37,8.95,13.15,7.96,5.71,8.08,6.28,5.31,9.23,12.12,7.59,6.55,5.88,7.4,6.86,11.9,7.27,5.34,6.49,6.92,5.76
1995-01-01,6.19,8.07,7.45,11.31,7.47,11.28,8.24,7.8,6.88,4.99,8.71,6.11,7.12,7.23,5.33,6.9,12.76,7.47,10.67,8.23,6.66,6.39,6.0,6.28,5.28,7.21,13.01,11.3,9.14,13.16,7.81,5.67,7.64,5.77,5.29,8.97,10.54,7.31,6.58,5.82,7.22,6.88,11.61,7.23,5.11,6.2,6.7,6.32
1995-02-01,6.26,8.52,7.45,11.28,7.28,11.29,8.26,7.79,7.2,5.11,9.32,6.24,7.33,7.52,5.29,7.11,12.75,7.43,10.99,8.17,6.73,6.45,6.15,6.25,5.62,7.45,13.14,11.25,8.74,13.11,7.78,5.73,7.78,5.98,5.38,9.11,11.73,7.25,6.65,5.81,7.38,6.92,11.59,7.29,4.97,6.27,9.41,5.79
1995-03-01,6.42,8.8,7.66,11.56,7.31,11.41,8.43,7.86,7.34,5.3,10.06,6.59,7.38,7.63,5.63,6.87,12.54,7.55,10.82,8.11,6.82,6.75,6.38,6.0,5.63,7.54,13.0,11.41,9.1,13.34,7.95,5.93,8.24,6.14,5.34,9.11,10.61,7.43,6.78,5.87,7.42,6.95,10.38,7.57,5.04,6.53,6.75,5.86
1995-04-01,7.1,8.82,8.02,11.39,7.41,11.64,8.86,7.88,7.48,5.29,10.43,7.16,7.78,8.01,5.81,7.05,12.38,7.87,11.12,8.04,6.95,7.26,6.94,5.77,5.91,7.51,12.99,11.54,9.06,13.54,8.24,6.18,8.78,6.93,5.28,9.49,11.6,7.64,6.95,6.04,8.08,6.95,9.09,8.04,4.81,6.78,6.8,5.95
1995-05-01,6.94,9.38,8.11,11.64,7.43,12.04,9.22,7.76,7.83,5.37,10.55,7.41,8.13,8.08,6.0,7.11,12.28,9.0,11.93,8.11,7.53,7.47,7.6,5.93,6.22,7.41,12.91,11.72,9.02,14.06,8.28,6.77,9.05,7.36,5.37,9.7,12.11,7.81,7.31,6.07,7.82,6.99,9.48,8.41,4.76,6.85,6.86,6.08
1995-06-01,6.88,9.66,8.29,11.73,7.48,11.68,10.01,7.71,8.53,5.43,11.29,7.26,8.79,8.13,6.03,7.21,12.24,9.97,11.49,8.4,7.79,7.16,8.8,6.04,7.76,6.95,14.02,12.48,8.83,14.63,8.14,6.08,9.49,7.75,5.51,10.25,11.38,7.65,7.56,6.06,8.29,6.98,9.68,8.58,4.54,6.77,6.78,6.17
1995-07-01,6.82,9.55,8.31,11.99,7.51,12.27,9.87,7.71,8.71,5.54,11.06,6.67,9.19,8.32,5.86,7.4,12.38,9.76,11.58,8.71,7.71,7.01,8.58,6.06,7.45,6.75,14.41,12.62,8.87,14.69,8.56,7.35,9.2,7.23,5.5,10.62,13.77,7.64,7.52,5.89,8.18,6.94,9.87,8.56,4.83,6.49,6.71,6.34
1995-08-01,6.92,9.48,8.27,12.05,7.46,12.57,9.76,7.71,8.95,5.44,11.01,6.43,8.68,8.32,5.55,7.63,12.48,9.72,11.04,8.81,7.58,6.9,8.34,6.06,7.23,6.73,13.76,12.86,8.98,14.58,8.32,7.21,9.1,7.26,5.51,10.45,11.46,7.62,7.4,5.85,8.13,6.92,9.82,8.51,4.83,6.39,6.68,6.85
1995-09-01,7.02,9.44,8.32,11.77,7.42,12.55,9.85,7.72,8.26,4.69,11.12,6.74,8.68,8.14,5.58,7.25,12.46,9.32,11.75,8.58,7.43,7.02,7.6,6.07,7.24,6.85,13.62,12.78,8.77,14.51,8.36,7.07,9.43,7.14,5.77,10.31,9.67,7.45,7.3,5.87,7.09,6.93,9.93,8.3,4.85,6.64,6.71,6.2
1995-10-01,7.1,9.47,8.08,11.42,7.52,12.99,9.25,7.96,7.49,6.44,11.71,7.74,10.19,8.15,6.06,7.34,12.44,8.27,11.35,8.14,7.05,7.45,6.91,6.05,5.98,7.3,14.08,11.79,8.95,13.76,8.59,6.61,9.05,7.16,5.74,10.16,10.81,7.47,7.5,6.09,8.08,7.0,9.94,8.08,4.96,6.89,6.92,6.31
1995-11-01,6.59,8.57,7.96,11.37,7.47,12.27,8.96,8.07,7.12,5.37,10.02,7.06,8.32,7.5,5.57,7.26,12.58,7.62,10.47,8.15,6.92,7.38,6.49,6.11,5.79,7.52,13.82,11.73,8.9,13.81,7.89,5.98,8.33,6.56,5.64,9.7,10.7,7.55,6.97,5.98,7.38,6.96,11.1,7.34,5.21,6.65,6.79,5.84
1995-12-01,6.19,8.34,7.53,11.65,7.32,11.83,8.38,8.06,6.85,5.32,9.31,6.46,7.24,7.36,5.2,7.23,12.61,7.26,12.06,8.25,6.71,6.8,5.99,6.28,5.55,7.2,13.52,11.56,8.78,13.5,7.72,5.57,7.76,6.02,5.68,9.15,13.01,7.62,6.75,5.84,7.15,6.92,12.16,6.94,5.3,6.17,6.73,5.76
1996-01-01,6.21,7.98,7.22,11.43,7.21,11.9,8.08,7.87,6.61,5.27,9.16,6.14,7.23,7.18,5.26,6.98,12.62,7.2,10.16,8.26,6.64,6.33,5.79,6.26,5.2,7.01,12.93,11.34,8.66,13.39,7.59,5.54,7.54,5.35,5.64,8.84,10.22,7.11,6.58,5.76,6.94,6.9,11.78,6.86,5.23,6.13,6.68,5.72
1996-02-01,6.26,8.45,6.7,11.16,7.23,11.98,8.02,7.92,6.96,5.05,9.28,6.17,7.36,7.37,5.38,7.31,12.68,7.25,10.94,8.37,6.85,6.45,5.86,6.2,5.27,7.27,13.15,11.41,8.83,13.46,7.67,5.6,7.78,5.7,5.7,8.92,11.37,7.27,6.52,5.76,6.5,6.93,11.99,6.98,5.12,6.21,6.82,5.78
1996-03-01,6.13,8.46,7.45,11.25,7.28,12.01,8.28,8.01,7.35,5.55,9.57,6.58,7.6,7.58,5.4,7.56,12.61,7.46,11.47,8.43,6.92,6.79,6.31,6.03,5.58,7.27,13.06,11.49,8.98,13.71,7.92,5.86,8.08,5.94,5.69,9.17,13.0,7.58,6.78,5.84,7.25,6.96,10.8,7.22,4.92,6.4,6.85,5.88
1996-04-01,6.46,8.96,7.46,11.27,7.44,11.85,8.58,7.98,7.2,5.18,10.0,6.83,8.19,7.75,5.47,7.87,12.6,7.7,10.91,8.38,6.97,7.14,6.31,5.9,5.69,7.36,13.13,11.68,8.91,13.8,7.96,6.03,8.47,6.28,5.55,9.41,11.53,7.6,6.89,5.9,7.46,6.96,9.72,7.52,4.92,6.52,7.08,6.05
1996-05-01,6.88,9.23,8.01,11.53,7.61,12.14,9.15,7.94,7.81,5.42,10.55,7.31,8.64,8.0,5.82,7.57,12.5,8.89,10.84,8.47,7.35,7.4,7.52,6.04,6.22,6.86,13.43,11.89,9.05,14.0,8.19,6.57,9.02,6.66,5.53,10.12,12.1,7.98,7.22,6.05,7.73,7.0,10.15,8.25,4.97,6.79,6.97,6.22
1996-06-01,6.74,9.4,8.4,10.42,7.75,12.01,9.99,7.85,8.46,5.39,10.99,7.14,9.03,8.08,5.83,7.55,12.44,9.65,12.54,8.2,7.65,7.17,8.55,6.11,7.77,6.66,13.68,12.43,8.95,14.54,7.98,7.1,9.46,7.7,5.48,10.52,12.72,7.66,7.58,6.02,8.3,6.96,10.25,8.35,4.9,6.68,6.89,6.21
1996-07-01,6.83,9.31,8.15,11.56,7.67,11.91,9.88,7.93,8.68,5.35,11.4,6.57,9.34,8.21,5.64,7.59,12.5,9.65,11.41,8.84,7.49,7.16,8.38,6.27,7.39,6.54,13.94,12.68,8.9,14.67,8.46,7.12,9.26,7.34,5.6,10.71,13.57,7.62,7.39,5.82,8.28,6.94,10.39,8.31,4.92,6.45,6.8,6.35
1996-08-01,6.9,9.28,8.26,11.88,7.61,12.54,9.89,7.94,8.66,5.25,11.27,6.82,8.89,8.61,5.98,7.75,12.58,9.93,11.71,8.78,7.66,7.21,8.56,6.35,7.54,6.56,13.74,12.67,8.99,14.78,8.4,7.18,9.4,7.69,6.07,10.87,13.09,7.53,7.48,5.87,8.3,6.92,10.33,8.37,4.95,6.42,6.86,6.6
1996-09-01,6.88,9.28,8.26,11.36,7.7,12.63,9.89,7.97,8.05,5.38,11.29,6.8,8.6,8.16,5.69,8.09,12.56,9.29,11.59,8.74,7.41,7.38,7.94,6.29,7.4,6.73,13.26,12.7,8.84,14.59,8.45,6.95,9.42,7.11,6.17,10.55,10.35,7.45,7.26,5.9,8.23,6.99,10.33,8.08,4.94,6.51,6.85,6.47
1996-10-01,7.05,9.34,8.04,11.36,7.77,12.27,9.2,8.15,7.37,5.27,11.71,7.65,8.04,7.94,5.9,7.83,12.57,8.16,10.96,8.2,7.12,7.42,6.82,6.27,5.97,7.12,13.46,11.97,9.32,13.97,8.75,6.54,9.23,7.4,5.76,10.02,10.89,7.57,7.42,6.08,8.23,6.73,10.33,7.88,4.95,6.71,7.03,6.68
1996-11-01,6.91,8.73,7.75,11.0,7.54,12.01,8.9,8.25,7.02,5.22,10.03,7.48,7.59,7.56,5.36,7.13,12.59,7.62,10.56,8.37,6.85,7.22,6.39,6.35,5.86,7.34,13.29,11.74,8.69,13.83,7.94,5.88,8.42,6.57,5.71,9.48,10.53,7.57,6.93,5.99,7.58,7.34,11.43,7.38,5.07,6.3,6.96,6.15
1996-12-01,6.37,8.09,7.34,11.52,7.3,11.58,8.39,8.22,6.4,5.19,9.33,6.64,7.5,7.27,5.13,6.97,12.67,7.21,12.14,8.52,6.8,6.91,5.76,6.52,5.44,7.1,14.5,11.59,9.08,13.75,7.75,5.78,7.83,5.74,5.61,9.12,12.74,7.38,6.59,5.84,7.25,6.92,13.08,6.92,5.25,5.91,6.82,6.02
1997-01-01,6.19,7.83,7.29,11.23,7.22,11.75,8.22,8.16,6.82,5.05,9.1,6.32,7.19,7.25,5.16,7.18,12.79,7.35,11.21,8.54,6.69,6.72,5.71,6.43,5.06,7.1,13.31,11.53,8.84,13.75,7.65,5.41,7.7,5.5,5.31,9.05,11.51,7.3,6.47,5.82,7.06,6.91,12.71,7.04,5.2,5.97,6.66,5.78
1997-02-01,6.57,7.92,7.29,11.01,7.28,11.8,8.37,8.22,7.08,5.05,9.28,6.35,7.43,7.25,5.39,7.56,12.73,7.51,11.19,8.5,7.21,6.74,5.88,6.39,5.48,6.92,12.9,11.61,8.67,13.67,7.69,5.77,7.93,5.92,5.43,9.19,11.1,7.17,6.61,5.85,7.17,6.84,12.61,7.21,5.19,6.04,6.82,5.87
1997-03-01,6.77,8.25,7.38,11.26,7.3,11.97,8.67,8.27,7.29,4.99,10.15,6.82,7.44,7.45,5.53,7.69,12.7,7.66,11.52,8.47,6.99,6.73,6.32,6.32,5.79,7.3,13.33,11.67,8.72,13.83,8.03,5.9,8.34,6.45,5.48,9.37,13.98,7.52,6.8,5.93,7.34,6.6,11.55,7.59,5.06,6.29,6.79,6.02
1997-04-01,6.98,8.64,8.02,11.3,7.41,12.17,8.89,8.28,7.45,5.06,10.62,7.5,8.05,7.59,5.57,7.23,12.73,7.81,10.66,8.4,7.0,7.14,6.56,6.16,5.84,7.2,13.31,11.81,9.22,13.69,8.07,6.16,8.51,6.41,5.54,9.66,11.14,7.62,6.94,6.05,7.67,7.4,10.57,7.71,4.72,6.59,6.85,6.24
1997-05-01,7.14,9.22,8.16,11.55,7.8,12.39,9.3,8.24,7.86,5.24,11.18,7.51,8.62,8.05,5.88,6.9,12.63,8.86,11.54,8.4,7.35,7.56,7.4,6.37,6.28,6.65,13.53,12.08,9.22,13.84,8.14,6.7,8.95,7.15,5.7,10.07,11.71,7.67,7.31,6.12,8.03,6.84,10.74,8.13,4.48,6.47,7.0,6.48
1997-06-01,6.86,9.37,8.26,11.61,7.59,12.5,10.25,8.14,8.35,5.4,11.57,7.52,8.28,8.04,6.3,7.21,12.63,9.69,12.54,8.75,7.91,7.22,8.72,6.48,7.89,6.47,14.18,12.48,8.91,14.7,8.11,7.13,9.5,7.37,5.77,10.59,13.27,7.76,7.78,5.96,8.49,6.93,11.04,8.45,4.7,6.52,7.39,6.59
1997-07-01,6.7,9.27,8.15,11.84,7.41,12.24,10.02,7.92,8.58,5.43,11.09,6.91,9.01,7.8,5.64,7.4,12.73,9.59,11.42,8.83,7.77,7.04,8.48,6.45,7.55,6.44,14.01,12.76,8.94,14.8,8.38,7.21,9.16,7.07,5.74,10.93,13.31,7.63,7.52,5.93,7.87,6.88,11.03,8.36,4.8,6.27,6.72,6.63
1997-08-01,6.85,9.25,8.0,11.92,7.41,12.47,10.01,8.04,8.73,5.36,11.44,6.81,8.99,8.61,5.71,7.56,12.78,9.63,11.86,9.0,7.63,7.03,8.41,6.45,7.44,6.45,14.06,12.75,8.76,14.68,8.26,7.32,9.35,7.31,5.93,10.73,11.92,7.54,7.44,5.89,8.05,6.84,10.76,8.41,4.83,6.23,6.77,6.49
1997-09-01,6.9,9.16,8.3,11.62,7.44,12.56,10.09,8.06,8.3,5.27,11.55,7.15,8.57,7.82,6.13,7.53,12.72,9.09,11.36,8.56,7.43,7.07,7.86,6.44,7.39,6.5,13.96,12.58,9.1,14.56,8.31,7.12,9.49,6.71,5.71,10.58,11.86,7.52,7.43,5.97,8.35,6.87,10.78,8.14,4.88,6.45,6.86,6.56
1997-10-01,7.03,9.3,7.78,11.59,7.58,12.49,9.43,7.88,7.38,5.28,10.71,7.56,8.29,7.72,5.71,7.5,12.72,8.11,11.92,8.48,7.15,7.31,6.55,6.42,5.93,6.97,14.11,11.95,9.18,14.01,8.54,6.76,9.02,6.94,5.68,10.11,12.62,7.61,7.39,6.45,8.32,6.93,10.73,8.19,4.93,6.57,6.93,6.74
1997-11-01,6.75,8.57,7.58,11.28,7.48,12.01,9.06,7.98,7.08,5.17,9.73,7.14,8.72,7.23,5.3,7.41,12.8,7.5,11.71,8.37,6.95,7.01,6.27,6.39,5.99,7.31,13.84,11.75,8.79,13.93,7.85,6.01,8.37,6.23,5.52,9.52,11.02,7.62,7.01,6.36,7.54,6.89,10.81,7.31,5.07,6.19,6.89,6.18
1997-12-01,6.43,8.0,7.29,11.64,7.27,11.7,8.63,7.93,6.82,4.9,9.34,6.55,7.8,7.01,5.11,7.31,12.94,7.32,12.19,8.42,6.77,6.75,5.92,6.53,5.61,6.9,13.46,11.53,8.87,13.84,7.61,5.67,7.97,5.85,5.41,9.47,12.18,7.35,6.85,6.2,7.16,6.82,12.87,7.0,5.08,5.96,6.91,5.92
1998-01-01,6.22,7.56,7.09,10.96,7.25,11.75,8.49,7.89,6.74,4.93,9.64,6.57,7.71,7.03,5.32,7.25,12.92,7.34,10.71,8.36,6.78,6.63,5.79,6.46,5.3,6.86,13.0,11.12,8.66,13.87,7.63,5.62,7.97,5.35,5.46,9.14,12.12,7.21,6.63,6.19,6.87,6.8,13.18,7.15,5.14,6.03,6.92,5.93
1998-02-01,6.29,7.74,7.23,10.23,7.37,11.95,8.46,7.94,6.89,5.02,10.24,6.84,8.18,7.28,5.59,7.09,13.05,7.49,11.1,8.74,6.98,6.8,6.08,6.48,5.67,7.25,12.47,10.92,8.63,13.73,7.74,5.86,8.27,5.95,5.83,8.54,10.99,7.17,6.85,6.25,7.07,6.91,12.16,7.31,5.14,6.12,6.97,6.05
1998-03-01,6.62,7.88,7.07,9.92,7.4,11.93,8.54,7.94,6.99,5.0,10.05,6.82,7.99,7.08,5.49,6.79,13.02,7.61,10.59,8.39,7.12,6.99,6.19,6.43,5.64,7.3,13.95,10.69,8.67,13.77,7.86,6.06,8.34,6.05,5.84,9.4,12.37,7.49,6.76,6.31,7.16,6.86,11.01,7.3,5.08,6.43,7.12,6.07
1998-04-01,6.82,8.52,7.6,10.35,7.53,12.09,8.83,7.98,7.08,5.13,10.72,7.39,8.35,7.47,5.73,6.35,13.03,7.88,10.59,8.48,7.27,7.24,6.53,6.29,5.81,7.34,14.0,10.86,8.93,13.84,7.95,6.44,8.8,6.55,5.9,9.76,11.06,7.43,7.39,6.4,7.27,6.87,10.77,7.6,4.94,6.13,7.29,6.3
1998-05-01,7.25,9.42,7.69,10.7,7.64,12.32,9.13,7.91,7.8,5.2,11.05,7.4,8.93,7.75,6.1,7.03,12.94,8.97,10.62,8.5,7.79,7.63,6.96,6.53,6.22,7.28,14.16,11.26,9.0,14.05,8.2,7.08,8.9,7.05,6.01,10.35,11.12,7.74,7.71,6.48,7.45,6.95,11.15,8.03,4.86,6.59,7.36,6.52
1998-06-01,7.18,9.38,7.92,10.56,7.67,12.37,9.9,7.81,8.46,5.5,11.2,7.14,8.89,7.68,5.8,6.9,12.89,9.74,10.68,8.8,7.79,7.21,8.76,6.52,8.03,6.97,14.22,11.68,8.8,13.78,7.85,7.43,9.25,7.01,6.04,11.1,11.11,7.65,7.85,6.43,7.97,6.94,11.13,7.51,4.87,6.47,7.35,6.57
1998-07-01,7.02,9.1,7.66,10.75,7.43,11.86,9.78,7.81,8.72,5.56,11.73,6.75,8.86,7.93,5.6,7.23,12.97,9.71,10.63,8.97,7.63,7.16,8.23,6.48,7.46,6.59,14.01,11.96,8.89,13.78,8.28,7.14,9.12,7.03,6.11,11.09,11.31,7.6,7.51,6.22,8.13,6.84,10.95,7.97,4.89,6.28,7.05,8.16
1998-08-01,7.25,9.24,7.75,10.92,7.42,12.05,9.74,7.83,8.48,5.62,9.12,6.79,8.85,8.41,5.76,7.2,13.05,9.72,10.8,8.94,7.74,7.08,8.4,6.44,7.44,6.66,14.37,12.12,9.45,13.65,8.22,7.21,9.13,6.85,6.04,10.65,10.91,7.64,7.52,6.24,8.11,6.83,10.95,8.04,4.91,6.22,7.13,5.8
1998-09-01,7.2,9.13,7.76,10.86,7.43,11.85,9.76,7.85,7.97,5.52,9.06,7.0,8.61,8.07,5.66,7.47,13.04,9.13,10.25,8.86,7.64,7.26,7.27,6.49,7.35,6.79,14.03,11.94,9.03,13.66,8.23,7.26,9.24,6.76,6.08,10.55,9.74,7.52,7.4,6.26,7.83,6.88,10.77,7.55,4.98,6.45,7.11,6.53
1998-10-01,6.94,9.14,7.22,10.49,7.53,12.03,9.0,7.88,7.15,5.38,8.69,7.55,8.31,7.44,5.57,7.18,13.05,8.08,10.4,8.84,7.08,6.78,6.28,6.48,5.66,7.33,14.37,11.2,8.94,13.29,8.4,6.6,8.61,6.87,5.9,10.25,9.92,7.44,7.43,6.35,8.13,6.94,11.02,7.31,5.02,6.55,7.4,5.98
1998-11-01,7.53,8.27,7.44,10.51,7.57,11.88,8.94,8.0,7.03,5.37,8.18,7.48,8.16,7.23,5.52,7.08,13.07,7.55,10.18,8.5,7.05,6.67,6.46,6.58,6.13,7.53,14.31,11.08,8.56,13.04,7.9,6.28,8.6,6.45,5.7,8.14,10.26,7.55,7.29,6.48,7.16,6.86,12.14,7.19,5.12,6.38,7.34,6.26
1998-12-01,6.8,7.84,7.23,10.56,7.31,11.55,8.65,7.98,6.64,5.39,8.31,6.94,7.53,7.25,5.33,6.62,13.16,7.54,10.53,8.51,6.98,6.62,6.08,6.72,5.75,7.16,14.18,10.96,8.58,12.92,7.8,6.23,8.23,5.95,5.56,8.96,10.53,7.56,7.21,6.37,7.11,6.55,13.03,7.13,5.15,6.17,7.12,6.07
1999-01-01,6.19,7.11,6.6,10.47,7.2,11.21,8.3,7.9,6.6,5.21,7.59,6.49,7.6,6.81,5.11,6.5,13.2,7.3,9.61,8.61,6.8,6.21,5.6,6.49,5.29,7.1,13.6,11.0,8.48,12.85,7.49,5.79,7.6,5.39,5.5,8.74,9.63,7.0,6.69,6.2,6.7,6.9,13.31,6.81,5.2,5.99,7.2,5.89
1999-02-01,6.69,7.21,6.9,10.47,7.3,11.41,8.5,8.1,7.1,5.21,8.19,6.69,7.6,7.31,5.51,6.2,13.1,7.5,10.51,8.51,7.0,6.62,6.11,6.59,5.69,7.3,13.7,11.0,8.68,12.75,7.89,5.99,8.2,5.99,5.6,8.64,9.83,7.6,7.09,6.4,7.2,6.8,12.81,7.21,5.2,6.19,7.2,6.09
1999-03-01,6.29,7.71,6.9,10.47,7.4,11.11,8.4,8.1,7.1,5.21,8.29,6.79,8.0,7.21,5.41,6.6,13.1,7.5,9.71,8.51,7.0,6.72,6.21,6.49,5.79,7.5,13.7,11.4,8.88,12.95,7.69,6.09,8.0,6.39,5.6,8.64,13.75,7.4,7.19,6.3,7.2,6.1,12.51,7.01,5.1,6.09,7.2,6.29
1999-04-01,7.19,7.81,7.3,10.57,7.4,11.81,8.8,7.8,7.1,5.31,8.89,7.19,8.5,7.61,5.61,6.6,13.1,7.8,10.61,8.51,7.5,7.02,6.51,6.29,5.99,7.5,13.7,10.9,9.08,13.34,7.89,6.09,8.7,6.59,5.7,8.64,10.43,7.6,7.39,6.4,7.3,6.2,10.41,7.41,5.0,6.39,7.5,6.29
1999-05-01,6.99,8.81,7.6,10.67,7.5,11.91,9.1,7.7,7.59,5.21,9.29,7.69,8.9,7.91,5.91,7.0,13.0,9.0,10.41,8.51,7.8,7.22,7.61,6.39,6.39,7.3,13.9,11.5,8.98,12.85,8.09,6.99,9.1,7.19,5.8,9.53,9.93,7.8,7.89,6.5,7.5,6.2,11.41,8.01,4.9,6.69,7.5,6.39
1999-06-01,7.09,8.71,7.9,10.87,7.5,11.81,9.9,7.6,8.29,5.41,9.39,6.99,8.4,7.61,6.01,7.1,13.0,9.6,10.91,9.01,7.9,6.92,8.51,6.49,7.88,6.9,13.9,12.7,8.98,13.44,7.89,7.39,9.5,7.19,5.9,9.93,11.24,7.7,7.99,6.4,7.4,6.3,12.01,8.01,4.9,6.49,7.4,6.59
1999-07-01,7.29,8.31,7.7,10.87,7.4,11.51,9.7,7.6,8.09,5.31,9.49,6.69,8.1,7.81,5.71,7.2,13.1,9.6,10.21,9.11,8.0,6.72,8.41,6.39,7.58,6.8,13.8,12.8,8.88,13.44,8.39,7.29,9.2,6.99,5.9,9.73,10.33,7.8,7.89,6.3,8.0,6.1,11.41,8.01,5.0,6.19,7.2,6.69
1999-08-01,7.69,8.41,7.8,10.97,7.3,11.71,9.7,7.6,8.49,5.31,9.49,6.59,9.0,8.51,5.71,7.0,13.0,9.7,10.31,9.11,7.6,6.72,8.21,6.39,7.38,6.9,13.6,11.5,8.78,13.54,8.19,7.29,9.2,6.69,5.9,9.53,9.63,7.7,7.59,6.2,8.0,6.1,11.31,8.01,5.0,6.19,7.2,6.49
1999-09-01,7.39,8.41,7.9,10.67,7.4,11.21,9.8,7.6,7.69,5.41,9.59,7.49,8.5,8.21,5.71,7.9,13.1,9.2,10.31,8.91,7.6,6.72,7.51,6.39,7.38,6.9,13.7,11.0,8.28,13.74,8.19,7.29,9.3,7.19,5.9,9.53,9.33,7.5,7.59,6.3,7.8,6.2,11.21,7.81,5.0,6.49,7.3,6.59
1999-10-01,6.79,8.51,7.3,10.87,7.6,11.81,11.0,7.6,7.69,5.31,8.79,7.79,8.8,7.61,5.91,7.9,13.0,8.1,10.31,8.51,7.3,7.02,6.81,13.87,5.99,7.2,13.9,10.0,8.18,13.64,8.59,6.69,8.8,6.69,5.9,9.24,10.13,7.6,7.59,6.5,8.1,6.2,11.61,7.61,5.1,6.59,7.5,6.89
1999-11-01,6.79,7.51,7.5,10.57,7.5,11.61,8.7,7.8,7.1,5.21,8.59,7.49,8.6,7.21,5.51,7.6,13.1,7.7,10.01,8.61,7.2,6.92,6.51,6.59,6.19,7.7,13.3,10.7,6.99,13.44,7.89,6.29,8.6,6.69,5.9,8.94,10.84,7.6,7.39,6.5,7.3,6.2,12.71,7.21,5.2,6.39,7.4,6.39
1999-12-01,7.29,13.52,7.2,10.67,7.2,10.81,8.3,7.7,6.6,5.11,8.09,6.69,8.5,7.01,5.11,7.0,13.0,7.4,8.61,8.51,7.1,6.41,6.01,6.79,5.89,7.3,14.1,10.9,9.38,13.24,7.79,6.09,8.3,5.79,5.7,8.54,7.12,7.5,7.09,6.3,7.1,6.1,14.31,6.91,5.3,6.09,7.3,5.99
2000-01-01,6.47,7.43,6.66,10.5,7.04,10.47,8.04,7.55,6.98,5.1,7.81,6.28,7.77,6.86,5.11,6.7,16.57,7.41,9.91,8.56,7.01,6.24,6.05,6.49,5.56,7.22,12.81,9.83,8.01,12.9,7.57,5.72,7.7,5.74,5.66,9.03,10.33,7.38,6.85,6.11,6.95,6.04,13.6,6.79,5.22,5.95,7.18,5.95
2000-02-01,6.45,8.0,6.69,10.5,7.18,10.39,7.86,7.56,6.89,5.15,8.17,6.48,8.09,7.01,5.2,6.51,16.37,7.33,9.51,8.57,7.25,6.34,6.1,6.36,5.73,7.45,12.86,9.54,8.1,13.18,7.5,5.88,7.92,6.14,5.7,8.95,9.07,7.23,6.96,6.15,7.05,5.72,12.96,6.98,5.26,5.94,7.31,6.04
2000-03-01,7.07,7.9,7.12,10.68,7.24,10.84,8.17,7.71,7.37,5.13,8.79,7.07,8.37,7.3,5.51,6.84,12.92,7.67,9.94,8.67,7.24,6.86,6.54,6.18,6.01,7.38,12.97,9.92,8.31,13.33,7.95,6.23,8.53,6.35,5.69,9.29,9.85,7.66,7.21,6.38,7.43,6.66,12.55,7.52,5.23,6.4,7.43,6.19
2000-04-01,7.21,8.17,7.43,10.16,7.33,11.01,8.44,7.7,7.36,5.2,8.94,7.38,8.44,7.5,5.62,6.95,11.46,7.91,10.65,8.55,7.39,7.03,6.77,6.01,6.19,7.37,13.44,9.63,8.23,13.52,8.01,6.46,8.82,6.6,5.86,9.53,14.29,7.81,7.37,6.48,7.56,6.19,11.02,7.63,5.16,6.42,7.51,6.28
2000-05-01,7.33,9.04,7.58,10.84,7.46,11.04,8.55,7.65,7.63,5.44,9.23,7.38,8.63,7.63,5.65,7.36,11.42,8.7,10.81,8.54,7.75,7.33,7.79,6.77,6.58,7.13,13.32,10.22,8.51,13.54,8.03,7.0,8.86,6.89,5.93,9.58,11.45,7.79,7.8,6.51,7.69,6.21,11.72,7.82,5.08,6.52,7.65,6.7
2000-06-01,7.15,9.09,7.83,11.12,7.46,11.15,9.12,7.57,8.12,5.75,9.51,7.17,8.79,7.75,5.84,7.4,12.31,9.47,10.99,8.57,7.8,7.06,8.22,6.65,7.79,6.85,13.21,11.25,8.51,14.22,7.87,7.27,9.54,7.43,6.0,10.32,11.89,7.69,7.95,6.46,8.11,6.45,12.55,8.03,5.14,6.44,8.13,7.03
2000-07-01,7.49,8.9,7.73,11.12,7.33,11.1,9.08,7.89,8.35,5.7,9.56,6.86,8.92,8.01,5.68,7.61,12.54,9.29,10.81,8.59,8.0,7.12,8.08,6.56,7.53,6.86,13.7,11.23,8.47,15.4,8.33,7.1,9.13,7.38,6.05,9.96,11.22,7.75,7.8,6.37,8.28,6.62,11.7,8.04,5.17,6.27,7.56,7.11
2000-08-01,7.49,8.84,7.81,11.36,8.2,11.11,8.91,7.91,8.33,5.59,9.48,6.97,8.96,8.25,5.7,8.19,12.13,8.49,10.61,8.63,8.03,7.16,8.14,6.55,7.49,7.04,13.18,10.72,8.49,14.77,8.28,7.07,9.21,7.56,6.08,9.98,10.43,7.77,7.73,6.38,8.33,6.19,11.3,8.12,5.15,6.36,7.55,7.02
2000-09-01,7.08,8.85,7.81,10.82,6.94,10.4,8.91,7.9,7.89,5.62,9.34,6.94,8.24,8.19,5.61,8.4,11.97,8.47,11.15,8.65,7.62,7.08,7.25,6.85,7.07,7.45,13.51,10.33,8.4,14.52,8.25,7.2,9.17,7.59,6.08,9.84,11.55,7.75,7.76,6.33,8.49,6.41,11.78,7.79,5.1,6.37,7.58,6.97
2000-10-01,7.09,9.03,7.63,10.99,7.52,11.08,8.62,7.95,7.6,5.55,9.05,7.41,9.05,8.11,5.68,8.79,11.51,7.12,10.95,8.1,7.4,7.28,6.74,6.57,6.1,7.66,13.18,9.71,8.52,14.12,8.39,6.75,8.76,7.82,6.11,9.37,11.63,7.61,7.79,6.46,8.67,6.46,11.74,7.63,5.21,6.46,7.73,7.13
2000-11-01,6.98,7.31,7.28,10.94,7.33,10.94,8.49,8.0,7.23,5.5,8.47,7.16,8.16,7.0,5.51,8.1,11.71,7.01,10.82,8.23,7.3,6.78,6.48,6.47,6.15,8.02,12.65,10.0,8.52,13.94,8.13,6.19,8.58,6.53,6.01,9.31,12.12,7.59,7.38,6.41,7.74,6.18,12.49,7.43,5.13,6.46,7.63,6.43
2000-12-01,6.62,7.24,7.3,11.37,6.62,10.95,8.38,7.79,6.68,5.32,7.75,6.11,7.21,7.09,4.92,8.03,11.56,6.72,10.69,8.53,7.3,6.57,5.84,6.54,5.69,7.93,13.22,10.17,8.24,13.98,7.6,5.72,7.69,6.89,5.81,9.36,12.52,7.1,6.9,6.1,7.86,6.25,13.18,6.95,4.76,6.04,7.34,5.99
2001-01-01,6.33,6.99,6.88,10.89,6.71,10.7,7.61,8.14,6.75,5.21,7.53,6.08,7.65,6.81,5.14,7.97,12.96,6.74,11.86,8.08,7.03,6.45,5.87,6.44,5.26,7.55,13.52,9.62,7.98,13.89,7.53,5.6,7.59,6.53,5.68,8.74,11.96,7.36,6.52,6.11,7.68,6.17,12.47,6.84,4.95,5.9,7.46,6.01
2001-02-01,6.66,7.13,7.11,11.14,7.15,10.23,7.8,8.29,7.28,5.36,8.25,6.67,7.94,7.09,5.54,8.52,12.84,6.88,12.03,8.12,7.26,6.69,6.11,6.46,5.6,7.93,13.02,9.34,8.01,13.93,7.77,5.75,7.87,6.76,5.81,9.01,12.02,7.49,6.76,6.23,8.02,6.83,12.53,7.24,5.51,6.03,7.67,6.25
2001-03-01,7.38,7.4,7.42,11.29,7.03,10.6,7.93,8.51,7.48,5.41,8.33,6.73,8.06,7.44,5.5,9.17,12.64,6.99,12.08,8.08,7.31,7.14,6.42,6.35,5.7,8.94,13.08,9.79,8.24,13.58,8.02,5.86,7.99,7.45,5.91,9.29,12.04,7.76,6.89,6.32,8.39,6.57,12.4,7.49,5.71,6.21,7.78,6.2
2001-04-01,7.34,8.09,8.0,11.14,7.46,10.87,8.25,8.84,7.4,5.51,8.81,7.1,8.66,7.58,5.64,8.64,12.32,7.17,12.49,8.08,7.36,7.42,6.55,6.31,6.01,9.34,13.93,9.9,8.75,13.44,8.0,6.28,8.38,7.71,6.05,9.38,13.17,7.69,7.23,6.36,8.52,6.9,12.04,7.62,5.72,6.22,8.02,6.61
2001-05-01,7.23,9.41,8.0,11.97,7.84,11.2,8.69,8.93,7.82,6.48,9.2,7.3,9.13,7.86,5.75,8.33,14.24,8.46,12.47,8.16,7.87,7.76,7.42,6.94,6.44,9.21,11.58,9.92,9.24,14.01,8.22,6.81,8.93,7.73,6.18,9.98,12.38,7.79,7.76,6.46,8.91,7.13,12.59,8.17,5.74,6.53,8.09,6.85
2001-06-01,7.14,9.04,8.3,12.87,8.18,11.06,9.44,8.2,8.37,6.58,9.43,7.21,8.95,7.79,5.75,8.8,13.31,8.56,12.57,8.52,8.2,7.81,8.15,7.2,7.44,9.23,12.08,10.86,9.13,14.41,8.19,7.46,9.28,8.03,6.35,10.63,12.57,7.8,8.25,6.37,9.63,7.05,13.01,8.46,5.67,6.55,8.12,7.19
2001-07-01,7.05,8.84,8.06,13.05,7.31,11.0,9.32,8.76,8.4,6.35,9.42,6.88,8.78,8.16,5.69,7.83,13.01,8.65,13.24,8.63,8.26,7.82,8.04,7.32,7.44,9.25,12.66,11.03,8.94,14.99,8.31,7.24,9.01,7.96,6.26,10.32,12.97,7.7,8.06,6.28,9.55,6.9,13.06,8.34,5.64,6.38,7.93,7.23
2001-08-01,7.08,8.84,8.11,12.8,7.45,11.15,9.32,8.77,8.48,6.4,9.35,6.72,8.86,8.34,5.59,7.56,13.04,8.76,12.62,8.69,8.31,7.89,7.92,7.35,7.4,9.68,11.97,10.91,9.07,14.61,8.35,7.46,8.86,8.01,6.37,10.25,11.64,7.75,7.9,6.24,9.53,6.98,12.89,8.41,5.87,6.3,7.93,7.28
2001-09-01,7.01,8.81,8.07,12.87,8.13,11.14,9.34,8.82,7.94,6.32,9.21,7.65,8.78,8.15,5.72,7.55,14.3,8.46,12.97,8.37,7.69,7.77,7.22,7.28,7.37,9.28,11.26,10.98,9.19,14.23,8.35,7.47,8.78,7.0,6.29,9.97,12.37,7.68,7.97,6.27,9.27,6.82,12.79,8.07,5.79,6.28,8.03,8.19
2001-10-01,7.29,8.95,7.49,12.49,7.74,11.34,8.74,8.7,7.79,6.29,8.78,7.43,8.52,7.65,5.79,7.82,13.97,7.41,12.85,8.04,7.32,7.13,6.86,7.27,6.57,9.16,12.68,9.76,9.29,14.22,8.67,6.91,8.35,6.66,6.69,9.95,11.68,7.97,7.77,6.46,9.11,6.44,13.07,8.03,5.82,6.56,8.0,7.08
2001-11-01,7.16,7.17,7.5,12.12,7.11,11.04,8.58,8.7,7.36,6.52,8.05,7.32,7.84,7.09,5.67,6.59,12.68,7.13,12.74,8.1,7.27,7.13,6.63,7.1,6.31,9.45,11.73,9.79,8.61,13.53,8.23,6.31,7.95,6.15,7.08,9.63,11.56,7.78,7.38,6.51,8.4,6.5,12.67,7.74,6.14,6.41,7.9,6.94
2001-12-01,6.97,7.26,7.4,12.26,7.63,10.75,8.44,8.58,7.05,6.51,7.93,6.79,7.78,6.99,5.54,6.38,12.85,7.01,11.96,7.88,7.02,6.99,6.37,6.95,6.04,9.24,12.01,9.68,8.46,13.25,8.06,5.87,7.69,6.02,7.15,9.43,11.4,7.73,7.0,6.55,8.23,6.33,12.61,7.5,6.23,6.25,7.95,6.55
2002-01-01,6.54,7.01,6.8,13.03,6.84,10.65,7.89,8.38,7.04,6.56,7.53,6.48,7.65,6.91,5.26,6.27,10.66,6.92,11.65,8.09,7.05,6.5,6.16,6.83,5.7,9.41,11.91,9.66,8.16,12.95,7.8,5.64,7.59,5.65,7.1,9.21,10.34,7.38,6.72,6.26,8.11,6.66,12.67,7.15,6.34,6.0,7.86,6.33
2002-02-01,6.96,7.17,7.03,12.58,6.93,10.86,8.09,8.57,7.38,6.44,8.02,6.82,7.91,7.07,5.51,6.42,11.65,7.03,10.9,8.04,7.21,6.75,6.37,6.93,5.94,9.47,11.32,9.74,7.41,13.0,8.04,5.83,7.84,6.04,7.08,9.47,10.28,7.65,6.94,6.34,7.98,6.34,12.35,7.48,6.31,6.06,8.06,6.53
2002-03-01,7.03,7.46,7.0,12.58,6.95,10.94,8.17,8.53,7.35,6.13,8.03,6.92,7.89,7.11,5.48,6.33,16.06,7.0,11.1,8.04,7.11,6.78,6.46,6.74,5.98,9.34,11.58,9.7,7.76,12.81,8.08,5.83,7.78,5.96,7.21,9.37,9.29,7.66,6.89,6.37,7.79,6.35,12.78,7.51,6.31,6.14,8.02,6.51
2002-04-01,7.38,7.69,7.14,12.05,7.2,11.07,8.43,8.44,7.53,6.09,8.31,7.19,8.16,7.44,5.71,6.54,12.63,7.23,11.4,8.03,7.22,7.38,6.63,6.88,6.17,9.5,12.43,10.25,8.37,12.69,8.25,6.1,8.18,6.18,7.2,9.54,10.41,7.95,7.21,6.51,7.98,6.61,12.81,7.77,6.3,6.26,8.08,6.77
2002-05-01,7.22,9.37,7.41,12.82,7.83,11.24,8.71,8.1,7.72,6.57,8.78,7.54,8.51,7.79,5.94,7.1,12.97,8.12,10.66,8.1,7.51,7.54,7.72,7.08,6.71,9.82,12.17,10.62,9.25,13.3,8.26,6.63,9.04,6.69,7.1,9.93,10.01,7.9,7.57,6.58,8.15,6.8,12.57,8.17,6.39,6.43,8.32,7.15
2002-06-01,7.32,8.97,7.8,12.87,7.74,11.16,9.47,7.61,8.09,7.03,8.93,7.08,8.97,7.8,5.85,7.69,13.07,8.72,10.92,8.56,8.37,7.76,8.22,7.35,7.4,9.9,11.68,11.01,8.86,14.01,8.14,7.25,8.65,7.51,7.16,10.34,10.65,7.89,8.06,6.52,8.5,6.98,12.92,8.36,6.39,6.53,8.44,7.2
2002-07-01,7.39,8.65,7.72,13.28,7.38,11.14,9.36,8.07,8.16,6.96,8.95,6.75,8.79,8.4,5.77,7.67,12.91,8.69,10.75,8.67,7.98,7.73,8.05,7.68,7.76,9.52,12.25,11.14,8.84,14.19,8.36,7.23,8.84,7.41,7.14,10.27,9.56,7.84,7.9,6.35,8.49,7.2,13.05,8.34,6.31,6.25,8.13,7.54
2002-08-01,7.34,8.78,7.5,12.92,7.54,11.02,9.33,8.09,8.24,7.08,8.89,6.86,8.85,8.14,5.78,7.46,12.46,8.52,10.56,8.63,7.96,7.52,7.92,7.88,7.66,8.38,11.42,11.02,8.86,14.16,8.35,7.23,8.73,7.1,7.23,10.21,10.42,7.79,7.88,6.34,8.07,7.15,12.89,8.31,6.33,6.24,8.16,7.39
2002-09-01,7.28,8.79,7.59,11.61,7.73,10.91,9.4,8.09,8.02,6.81,8.92,7.02,8.83,8.13,5.8,7.45,13.75,8.35,10.68,8.48,7.63,7.48,7.23,7.86,7.58,9.74,11.6,10.77,8.78,14.42,8.46,7.22,8.6,7.37,7.16,10.04,10.2,7.76,7.93,6.36,8.04,7.16,12.95,8.03,6.22,6.25,8.22,7.69
2002-10-01,7.14,8.99,6.87,11.98,7.91,11.2,8.65,8.14,7.55,6.77,8.61,7.41,8.4,7.67,5.84,7.22,13.59,7.67,10.87,8.02,7.21,7.25,6.62,7.63,6.72,9.66,12.77,9.86,8.94,13.87,8.63,6.61,8.36,7.1,6.98,9.87,10.5,7.78,7.7,6.52,7.51,6.85,12.93,7.8,6.24,6.48,8.23,7.81
2002-11-01,7.27,7.37,7.08,12.55,7.38,10.94,8.47,8.21,7.46,6.55,7.83,6.79,7.98,7.28,5.68,7.11,12.34,7.38,11.04,8.05,7.14,7.33,6.45,7.25,6.3,9.51,11.92,9.96,8.47,13.37,8.36,6.03,7.93,6.53,7.08,9.48,10.62,7.93,7.17,6.58,7.44,6.61,12.76,7.59,6.18,6.43,8.27,6.9
2002-12-01,6.64,7.46,6.69,13.31,7.14,10.55,8.0,7.92,6.42,6.46,7.46,6.55,7.85,7.06,5.34,7.08,12.29,6.82,10.78,8.28,7.11,6.94,6.11,7.09,5.97,9.53,11.82,9.86,8.26,13.19,7.73,5.99,7.41,6.14,7.0,9.17,10.37,7.31,6.96,6.36,8.07,6.51,12.7,7.05,6.19,6.06,8.37,6.73
2003-01-01,6.89,7.06,6.44,12.81,7.53,10.54,7.77,8.09,7.16,6.53,7.4,6.48,7.74,6.96,5.41,6.68,11.97,6.89,10.5,8.21,7.14,6.8,5.99,6.93,5.75,9.37,11.43,9.59,8.15,12.77,7.9,5.8,7.4,6.08,7.0,8.91,9.8,7.61,6.86,6.31,7.71,6.59,12.32,7.08,6.21,5.99,8.11,6.54
2003-02-01,6.86,7.57,6.54,12.41,7.78,10.5,7.61,7.99,7.07,6.53,7.6,6.57,7.86,7.14,5.43,6.59,12.33,6.84,10.83,8.16,7.2,6.88,6.02,7.04,5.93,9.66,11.76,9.84,8.34,13.3,7.84,5.79,7.57,6.55,6.92,8.93,11.32,7.5,6.84,6.3,8.11,6.71,12.33,7.12,6.23,5.92,8.27,6.69
2003-03-01,7.18,7.59,7.0,11.42,7.75,10.68,7.82,8.21,7.45,6.6,7.88,6.84,8.15,7.38,5.7,7.67,12.29,6.99,11.05,8.2,7.33,7.45,6.25,7.07,6.07,9.63,11.89,9.88,8.46,13.91,8.14,5.93,7.76,7.5,7.01,9.11,10.24,7.86,6.99,6.44,9.02,6.66,12.51,7.42,6.24,6.15,8.37,6.71
2003-04-01,7.81,7.82,7.28,12.51,8.0,10.93,8.31,8.87,7.72,6.49,8.54,7.59,8.72,7.68,5.95,8.0,12.7,7.27,10.75,8.19,7.43,7.83,6.85,7.31,6.45,9.75,11.99,10.0,8.71,14.55,8.58,6.46,8.45,7.69,6.99,9.43,10.18,8.37,7.4,6.66,9.03,6.91,12.81,7.81,6.3,6.48,8.79,6.9
2003-05-01,7.18,9.52,7.51,12.74,8.61,11.8,8.64,8.56,7.8,6.43,8.83,7.53,8.96,7.8,5.97,8.23,13.44,7.91,11.56,8.23,7.76,7.94,7.76,7.5,6.81,9.34,12.19,10.31,8.65,14.77,8.45,7.05,8.83,7.88,7.07,9.82,11.46,8.19,7.72,6.64,9.35,6.91,12.92,8.26,6.34,6.61,8.88,7.33
2003-06-01,7.72,9.09,8.12,13.12,8.5,11.87,9.56,8.51,8.18,6.31,9.23,7.37,9.37,8.14,6.2,8.3,13.81,8.79,12.05,8.59,8.45,8.26,8.05,7.79,7.99,8.68,12.33,10.67,9.05,14.98,8.33,7.51,8.96,8.54,7.18,10.19,11.22,8.2,8.31,6.53,10.07,7.39,13.17,8.44,6.36,6.51,9.1,7.47
2003-07-01,7.64,8.78,7.84,13.5,8.34,11.57,9.36,8.49,8.25,6.15,9.06,6.9,9.12,8.14,5.92,8.38,11.83,8.77,11.89,8.71,8.26,8.04,7.92,8.03,7.94,8.61,12.04,11.02,8.96,15.14,8.41,7.41,9.02,8.4,7.17,10.28,12.7,8.03,8.05,6.44,9.97,7.11,13.09,8.39,6.37,6.35,8.9,7.63
2003-08-01,7.67,8.74,7.84,12.9,8.17,11.61,9.37,8.72,8.4,6.15,8.97,7.03,9.06,8.23,5.91,8.44,12.64,8.74,12.11,8.7,8.37,7.97,7.85,8.3,7.9,8.67,12.08,12.08,9.12,14.94,8.57,7.35,8.68,8.36,7.13,10.22,12.59,8.19,7.98,6.42,9.89,7.16,13.09,8.34,6.36,6.28,8.87,7.36
2003-09-01,7.51,8.7,7.46,10.08,8.3,12.01,9.39,8.74,8.0,6.18,8.85,7.19,8.98,8.35,5.83,8.41,12.0,8.74,12.64,8.54,7.71,7.74,6.97,8.25,7.85,8.73,12.26,12.02,9.07,14.92,8.68,7.34,8.72,7.95,7.1,10.08,12.54,8.13,7.93,6.41,9.52,7.15,13.16,8.08,6.37,6.34,8.94,7.62
2003-10-01,7.46,8.83,7.02,10.47,8.6,12.41,8.76,8.88,7.9,6.15,8.67,7.65,8.65,7.67,6.16,8.12,11.63,7.71,12.0,8.08,7.45,7.48,6.92,8.01,6.83,8.97,12.31,10.41,8.96,14.75,8.97,7.02,8.48,7.43,7.09,9.79,11.92,8.31,7.85,7.03,8.93,6.9,13.06,7.95,6.34,6.54,8.79,7.91
2003-11-01,7.67,7.21,6.98,12.54,8.18,11.42,8.68,8.98,7.53,5.82,8.12,7.52,8.21,7.26,6.1,7.31,12.61,7.36,12.01,8.24,7.22,7.43,6.67,7.6,6.46,9.33,12.08,10.63,8.45,14.23,8.68,6.13,8.23,6.63,7.09,9.6,12.21,8.59,7.3,7.07,8.59,6.53,12.96,7.67,6.26,6.4,8.71,7.0
2003-12-01,7.26,7.55,6.55,12.45,8.02,11.02,8.14,8.65,6.72,5.69,7.56,6.69,7.96,6.85,5.68,7.12,12.0,7.0,11.98,8.22,7.31,7.03,6.17,7.31,5.94,9.07,11.74,10.59,8.17,13.63,7.87,5.7,7.7,5.75,7.07,9.17,12.79,7.75,6.93,6.79,8.38,6.62,12.72,7.23,6.41,5.96,8.51,6.16
2004-01-01,6.97,7.27,6.51,12.59,7.98,11.48,7.83,8.8,7.05,5.75,7.37,6.51,8.06,6.96,5.58,7.29,11.64,6.84,11.2,8.14,7.34,7.2,6.01,7.15,5.76,8.94,11.61,10.52,8.13,13.32,7.92,5.89,7.59,6.37,7.15,8.8,11.9,7.66,6.83,6.7,8.61,6.57,12.48,7.39,6.34,5.97,8.59,6.51
2004-02-01,7.2,7.49,6.5,12.39,8.08,11.81,7.65,8.84,7.31,5.77,7.58,6.62,8.05,6.92,5.65,7.28,12.15,6.88,11.69,8.21,7.35,7.23,6.08,7.14,5.97,9.09,12.39,10.68,8.35,14.02,8.04,5.85,7.69,6.62,7.28,8.91,12.25,7.66,6.87,6.74,8.55,6.64,12.47,7.3,6.62,5.96,8.73,6.75
2004-03-01,7.66,7.61,6.86,12.14,8.23,12.03,8.11,8.94,7.61,5.77,8.18,7.21,8.42,7.33,5.93,7.65,12.33,7.07,11.36,8.08,7.47,7.64,6.57,7.66,6.21,9.17,12.33,10.85,8.3,13.98,8.32,6.23,8.27,7.32,7.1,9.2,12.17,7.43,7.2,6.9,8.93,6.58,12.75,7.67,6.31,6.19,8.77,6.72
2004-04-01,8.14,8.05,7.43,11.43,8.4,12.09,8.41,9.91,7.8,5.75,8.46,7.61,8.7,7.81,6.16,7.83,12.11,7.23,11.56,8.11,7.55,8.28,6.86,7.79,6.78,9.95,12.37,10.82,8.55,14.03,8.54,6.64,8.56,7.93,7.15,9.44,11.59,8.65,7.65,7.05,9.39,6.99,12.88,7.95,6.27,6.32,9.07,7.32
2004-05-01,7.78,9.26,7.64,11.97,8.65,12.34,8.78,8.95,7.97,6.17,8.76,7.63,8.95,7.82,6.25,8.06,12.67,7.96,11.43,8.19,7.94,8.44,7.66,8.06,6.93,9.99,12.79,10.95,8.95,14.2,8.44,7.15,8.78,7.49,7.19,9.83,11.8,8.26,7.94,7.1,9.76,7.55,13.07,8.41,6.28,6.51,9.27,7.46
2004-06-01,7.76,9.1,8.0,12.4,8.67,12.35,9.65,8.86,8.14,6.69,8.98,7.44,9.56,8.02,6.28,8.23,12.37,8.78,11.55,8.81,8.54,8.67,7.91,8.34,7.9,9.65,12.74,12.07,8.92,14.99,8.22,7.83,9.09,8.75,7.09,10.22,11.96,8.22,8.41,6.89,10.44,7.78,13.33,8.49,6.34,6.36,9.48,7.75
2004-07-01,7.91,8.88,7.87,12.19,8.56,12.56,9.61,8.93,8.4,6.61,9.13,7.37,9.79,8.31,6.23,8.34,12.78,8.86,11.73,8.63,8.79,8.75,7.94,8.38,8.23,9.67,12.75,12.39,9.04,15.36,8.56,7.9,8.97,8.59,7.18,10.21,12.26,8.22,8.4,6.82,10.48,7.77,13.16,8.59,6.34,6.3,9.4,7.82
2004-08-01,7.87,8.87,7.96,12.5,8.61,12.43,9.63,8.93,8.52,6.61,9.05,7.55,9.98,8.52,6.2,8.86,12.12,9.03,11.96,8.56,8.57,8.85,7.88,8.33,8.21,9.65,12.73,12.47,9.07,15.32,8.75,7.94,9.13,8.36,7.21,10.2,12.3,8.34,8.28,6.85,10.71,7.76,13.21,8.54,6.37,6.27,9.34,7.71
2004-09-01,7.82,8.96,7.79,12.18,8.74,10.95,9.62,8.99,8.4,6.46,8.99,7.53,9.53,8.29,6.29,8.52,11.87,8.53,12.22,8.54,8.28,8.66,7.29,8.44,7.99,9.76,13.24,12.47,9.1,15.1,8.96,7.86,8.83,8.27,7.17,10.17,11.57,8.51,8.23,6.89,10.32,7.58,13.23,8.4,6.35,6.39,9.32,7.72
2004-10-01,7.75,8.79,7.09,11.43,8.85,10.76,8.93,9.0,7.9,6.34,8.52,7.97,9.13,7.62,6.53,8.28,12.28,7.65,12.05,8.14,7.8,8.23,6.66,8.09,6.87,10.09,13.1,10.14,9.01,14.93,9.11,7.23,8.64,8.14,7.26,9.69,12.73,8.43,8.02,7.06,9.57,7.29,13.29,8.17,6.51,6.53,9.11,7.84
2004-11-01,7.63,8.05,7.46,12.5,8.59,10.65,8.84,9.12,7.78,6.05,8.03,7.86,8.71,7.64,6.53,7.46,12.0,7.59,12.17,8.26,7.65,8.11,6.57,7.94,6.74,10.38,12.45,10.03,8.35,14.88,8.87,6.72,8.5,7.09,7.22,9.59,12.27,8.71,7.54,7.14,9.37,6.84,13.33,7.94,6.32,6.46,9.08,7.28
2004-12-01,7.16,7.86,6.98,12.4,7.74,10.23,8.43,8.87,7.07,5.86,7.58,7.01,8.67,7.07,6.17,7.98,11.98,7.38,12.16,8.25,7.76,7.94,6.14,7.72,6.12,10.1,11.93,10.02,8.17,14.29,8.14,6.28,7.92,6.82,7.2,9.14,13.36,7.85,7.2,6.88,9.24,6.98,12.56,7.45,6.4,6.01,8.86,6.76
2005-01-01,7.0,7.75,6.65,12.19,8.64,12.67,8.05,9.21,7.73,5.91,7.27,6.78,8.34,6.84,6.19,7.45,13.7,7.61,12.8,8.14,7.49,7.34,5.97,7.37,5.75,9.99,11.98,10.53,8.48,14.05,8.1,5.79,7.71,6.28,7.21,9.11,12.11,7.96,6.8,6.71,9.15,6.93,12.67,7.51,6.46,5.92,8.99,6.81
2005-02-01,7.23,7.99,6.86,12.33,8.73,13.1,7.89,9.38,7.84,5.89,7.83,7.15,8.69,7.2,6.2,7.73,14.35,7.65,13.35,8.24,7.61,7.64,6.3,7.54,6.19,10.24,13.5,10.58,8.81,14.53,8.3,6.07,7.85,6.86,7.2,9.26,10.64,8.27,7.1,6.78,9.5,7.01,12.8,7.57,6.43,6.03,9.2,7.16
2005-03-01,7.58,8.19,7.23,11.28,8.8,12.95,8.03,9.55,8.13,5.9,7.96,7.16,8.89,7.5,6.24,7.81,12.81,7.75,13.1,8.14,7.75,8.15,6.45,7.74,6.47,10.26,13.29,10.69,8.57,14.4,8.35,6.26,8.05,7.24,7.19,9.31,12.54,8.39,7.32,6.85,10.05,7.14,12.78,7.72,6.42,6.19,9.27,7.19
2005-04-01,7.87,8.67,7.79,12.12,8.81,13.58,8.56,9.66,8.0,5.93,8.46,7.89,9.25,7.88,6.73,7.74,13.2,7.86,13.03,8.27,8.08,8.44,6.81,7.98,6.64,10.46,13.89,10.45,8.78,14.64,8.72,6.86,8.47,7.59,7.22,9.72,12.6,8.81,7.68,7.05,10.15,7.38,13.11,8.41,6.53,6.32,9.56,7.36
2005-05-01,8.19,9.6,8.01,12.57,9.14,13.7,9.0,9.64,8.47,6.13,8.74,8.11,9.58,7.71,6.9,8.12,13.14,8.94,13.31,8.2,8.32,8.69,7.73,8.4,7.17,10.33,13.58,10.99,9.05,15.36,8.85,7.42,8.97,7.57,7.18,10.06,12.67,8.96,8.24,7.15,10.72,7.65,13.09,8.37,6.55,6.63,9.78,7.63
2005-06-01,8.31,9.41,8.34,13.4,9.11,13.91,9.91,9.56,8.93,6.9,8.88,7.69,9.94,7.92,6.61,8.86,14.39,9.35,13.16,8.73,9.1,8.76,8.16,8.5,8.0,9.89,12.86,12.5,9.21,15.58,8.57,8.05,9.15,8.28,7.25,10.5,12.85,8.68,8.58,6.96,11.21,7.93,13.0,8.68,6.6,6.41,9.93,7.88
2005-07-01,8.25,9.3,8.31,13.16,9.01,13.9,9.84,9.58,9.08,6.89,8.97,7.3,9.71,8.29,6.63,9.08,13.62,9.23,13.08,8.84,8.74,8.78,8.04,8.54,8.27,9.84,12.75,12.95,9.39,15.63,8.67,7.91,8.98,8.15,7.25,10.41,13.17,8.79,8.3,6.82,11.29,8.01,12.92,8.76,6.58,6.18,9.89,8.09
2005-08-01,8.18,9.28,8.48,13.43,8.97,13.98,9.81,9.66,9.31,6.87,8.87,7.38,9.96,8.55,6.71,9.26,13.55,9.34,13.19,8.75,8.63,8.96,7.93,8.52,8.32,9.9,13.7,13.27,9.47,16.16,8.76,7.98,9.08,8.36,7.29,10.36,13.08,8.84,8.07,6.82,11.47,8.12,13.02,8.71,6.61,6.15,9.92,7.95
2005-09-01,8.47,9.3,8.84,12.14,9.08,14.63,9.9,9.69,9.45,6.61,8.91,7.63,9.71,8.74,6.57,9.28,14.47,9.15,13.66,8.58,8.76,9.25,7.22,8.63,8.24,9.97,15.05,12.74,9.35,16.69,8.94,8.23,8.94,9.31,7.24,10.36,13.62,8.91,8.35,6.9,11.66,7.95,13.06,8.97,6.59,6.33,9.97,8.11
2005-10-01,8.14,9.23,8.37,11.3,9.11,14.24,9.14,9.8,8.66,6.6,8.54,8.23,9.22,8.27,6.97,9.99,12.54,8.24,13.28,8.11,8.47,9.23,6.85,8.33,7.06,10.73,14.16,11.42,9.68,17.36,9.38,7.73,8.7,9.12,7.24,10.02,13.44,8.9,8.3,7.33,11.6,7.33,13.19,8.1,6.58,6.55,9.91,7.95
2005-11-01,8.61,8.12,8.37,12.8,9.76,13.93,9.23,9.91,8.65,6.27,8.04,8.21,9.03,7.77,6.85,10.65,13.73,8.24,14.45,8.21,8.13,9.79,6.72,8.4,6.79,11.27,13.75,11.09,9.42,17.57,9.18,7.11,8.55,8.25,7.35,10.05,14.48,8.95,7.86,7.42,11.5,7.1,13.16,7.92,6.59,6.38,9.83,7.54
2005-12-01,8.03,7.88,8.12,12.91,9.62,13.42,8.68,9.81,8.64,6.08,7.38,7.25,8.7,7.24,6.52,9.74,10.84,7.88,14.9,8.15,8.05,9.27,6.24,7.92,6.2,10.8,14.18,11.13,9.2,16.53,8.43,6.33,7.81,7.46,7.41,9.36,15.0,8.79,7.22,7.3,11.42,7.16,12.92,7.44,6.68,5.92,9.69,6.92
2006-01-01,7.73,8.05,8.15,13.14,9.05,14.91,8.66,11.04,8.09,6.14,7.43,7.44,8.93,7.66,6.45,8.89,13.69,8.36,17.05,9.13,8.12,9.61,6.32,7.7,5.97,10.77,14.2,11.21,9.25,16.61,8.57,6.37,8.28,8.76,7.03,9.51,14.94,8.56,6.98,7.19,11.91,7.23,12.92,7.68,5.74,5.92,10.03,6.87
2006-02-01,8.14,8.21,8.08,13.45,9.23,16.3,8.87,11.15,8.41,6.3,7.93,7.74,9.32,7.59,6.52,9.59,13.7,8.25,17.64,9.21,8.33,9.97,6.47,8.34,6.73,10.88,14.84,11.34,9.04,16.66,8.77,6.5,8.87,8.59,7.38,9.93,14.74,8.65,7.39,7.29,12.12,7.25,13.1,7.92,6.73,6.18,10.08,7.22
2006-03-01,8.27,8.38,8.07,13.72,9.47,15.77,8.91,11.2,8.4,6.31,7.91,8.01,9.45,7.75,6.71,8.67,13.89,8.31,17.17,9.16,7.98,10.15,6.65,7.93,6.65,11.04,14.9,11.36,8.95,15.89,8.74,6.41,8.78,8.2,7.37,9.82,15.83,8.59,7.41,7.37,12.42,7.25,13.07,7.99,6.75,6.16,10.28,7.38
2006-04-01,8.96,8.92,8.55,13.99,9.2,17.64,9.41,11.3,8.65,6.41,8.46,8.96,9.59,8.39,7.22,8.76,13.7,8.62,16.48,10.0,8.38,10.15,7.23,7.99,7.02,11.08,15.27,11.31,8.84,16.36,9.16,6.88,9.33,8.85,7.4,10.28,15.46,9.05,7.65,8.0,12.72,7.32,13.39,8.43,6.77,6.43,10.72,7.75
2006-05-01,8.69,10.19,8.69,14.04,8.98,17.03,12.1,11.31,8.76,6.62,8.92,9.16,9.95,8.38,7.43,8.82,13.72,9.42,16.47,9.8,8.81,10.2,8.17,8.25,7.62,11.3,15.88,11.46,8.97,16.56,9.23,7.53,9.94,8.27,7.54,10.78,15.47,9.08,8.35,8.2,12.98,7.68,13.69,8.96,6.86,6.79,10.96,8.04
2006-06-01,9.35,10.05,8.91,15.17,8.76,16.77,13.94,11.39,9.3,6.46,8.88,8.46,9.79,8.55,7.32,9.09,13.84,10.74,16.22,9.96,9.26,10.23,8.45,8.46,8.16,10.97,15.14,14.01,9.04,17.33,9.03,7.89,10.16,8.64,7.56,10.99,15.7,9.18,8.32,8.03,13.41,8.05,13.61,9.05,6.91,6.44,10.25,8.18
2006-07-01,9.18,9.9,9.14,16.65,9.14,16.41,13.72,11.4,9.65,6.33,9.15,8.21,10.03,8.87,7.21,9.07,13.53,10.6,16.05,10.25,9.45,9.59,8.46,8.45,8.51,10.94,14.49,14.57,9.16,17.56,9.2,8.07,10.03,8.58,7.64,11.0,15.06,9.09,8.43,7.95,13.31,8.08,13.47,9.0,6.98,6.34,10.67,8.25
2006-08-01,9.56,9.88,9.77,14.89,9.29,17.48,13.52,11.47,9.93,6.34,8.92,8.29,10.2,8.84,7.23,9.14,13.67,10.6,16.85,10.47,9.16,9.65,8.34,8.41,8.47,10.95,13.79,14.75,9.3,17.74,9.31,8.01,9.93,9.1,7.62,10.78,15.23,9.26,8.0,7.88,13.35,8.14,13.5,9.01,7.07,6.34,10.74,8.17
2006-09-01,9.13,9.89,9.51,14.57,9.07,18.64,13.62,11.47,9.21,6.22,9.21,8.49,10.53,9.07,7.24,9.7,13.74,11.06,16.59,9.94,8.7,9.56,7.81,8.83,8.51,11.04,14.39,13.85,9.27,17.92,9.68,8.25,9.89,9.85,7.68,10.55,15.33,9.29,8.31,7.91,13.25,7.77,13.73,8.87,7.11,6.77,10.81,8.43
2006-10-01,8.64,9.88,9.06,12.2,8.93,17.34,13.71,11.45,8.89,6.13,8.73,8.73,9.87,8.15,7.25,10.16,14.13,10.69,16.18,9.65,8.9,9.19,7.33,8.83,7.36,11.58,14.95,12.54,9.37,17.22,9.76,7.75,9.57,8.79,7.66,10.6,15.08,9.29,8.42,7.98,13.18,7.38,13.74,8.73,7.13,6.81,10.79,8.31
2006-11-01,8.45,8.74,8.94,14.47,8.68,16.92,13.4,11.41,8.33,5.94,7.78,8.14,9.13,7.53,6.98,8.9,14.06,9.91,15.74,9.63,8.67,9.12,6.75,8.45,7.11,11.79,14.22,12.17,8.74,16.33,9.23,6.95,9.05,8.02,7.63,10.1,14.34,9.34,7.88,7.85,12.52,7.1,13.57,8.47,7.21,6.43,10.52,7.83
2006-12-01,8.09,8.56,8.59,14.47,8.45,17.97,12.9,11.19,8.04,5.67,7.55,7.74,8.69,7.22,6.94,8.42,14.03,9.94,16.63,9.65,8.18,8.55,6.48,8.23,6.63,11.23,14.6,12.44,8.64,15.88,8.85,6.42,8.53,6.46,7.51,10.06,14.28,8.86,7.41,7.61,11.91,7.31,13.2,7.85,7.18,6.23,10.35,7.49
2007-01-01,8.62,8.33,8.24,14.98,8.98,18.74,12.44,11.06,8.16,5.7,9.63,7.51,8.83,7.37,6.9,8.86,15.16,9.67,17.87,9.92,8.63,8.69,6.61,8.19,6.47,11.21,14.93,12.48,8.46,16.09,8.85,6.35,8.82,7.0,7.69,10.28,13.91,8.86,7.32,7.63,12.08,7.56,13.67,8.17,7.02,6.31,10.5,7.29
2007-02-01,8.73,8.46,8.12,14.18,9.22,19.23,12.01,10.99,8.39,5.77,9.62,7.36,8.57,7.46,6.88,9.04,15.17,9.5,16.82,10.31,8.56,8.58,6.4,8.21,6.4,11.37,14.69,12.56,8.77,15.89,8.88,6.22,8.55,7.64,7.6,10.25,13.25,8.89,7.17,7.46,11.97,7.9,13.95,8.02,6.93,6.2,10.58,7.28
2007-03-01,9.06,8.8,8.86,13.82,9.43,19.2,12.24,11.16,8.77,5.89,9.81,7.97,9.01,7.92,7.06,9.13,17.0,9.89,16.95,10.07,8.85,9.12,6.83,8.56,6.78,11.52,14.87,12.52,8.86,16.83,9.21,6.94,8.76,8.62,7.65,10.25,13.44,8.98,7.6,7.69,12.46,7.69,13.81,8.28,6.92,6.35,10.51,7.5
2007-04-01,9.58,9.19,8.63,13.74,9.46,19.98,12.95,11.23,9.12,6.0,10.42,8.8,9.61,8.35,7.67,9.7,16.85,9.98,16.62,10.0,9.29,9.7,7.41,8.77,7.34,11.5,14.92,12.51,9.03,17.14,9.61,6.84,9.6,8.89,7.75,10.75,14.05,9.35,8.01,7.97,12.56,7.77,14.29,8.69,7.0,6.75,10.85,7.8
2007-05-01,9.39,10.2,8.52,14.15,9.62,19.65,13.54,11.18,8.93,6.09,10.17,8.87,9.87,8.41,7.55,9.91,16.87,10.61,15.66,10.12,9.23,9.84,7.99,8.92,7.6,11.26,15.19,13.05,9.22,17.5,9.48,7.82,9.95,8.63,7.8,11.32,13.52,9.29,8.41,8.06,12.62,8.13,14.37,8.93,7.03,6.96,11.2,8.03
2007-06-01,9.66,9.96,8.74,14.72,9.72,19.93,13.79,11.23,9.56,6.97,10.58,8.37,9.86,8.96,7.46,9.5,16.73,13.77,16.68,10.69,9.72,9.75,8.96,9.44,8.71,11.55,14.96,15.52,9.38,18.17,9.32,8.4,10.34,8.76,8.29,11.64,14.31,9.29,8.7,7.89,12.73,8.62,14.49,9.34,7.29,6.73,11.15,8.22
2007-07-01,9.46,10.37,9.19,15.13,9.09,18.82,13.7,11.29,9.78,6.98,9.89,8.31,9.91,8.92,7.35,9.64,16.7,13.56,15.58,10.46,9.75,9.54,8.86,9.4,8.82,12.13,14.96,16.03,9.37,17.27,9.67,8.3,10.4,8.98,8.78,11.46,14.33,9.31,8.58,7.74,12.51,8.83,14.16,9.32,7.65,6.9,11.02,8.11
2007-08-01,9.94,10.33,9.09,15.11,8.97,19.09,13.65,11.28,9.99,6.98,10.29,8.41,10.04,8.63,7.38,9.54,16.79,13.55,15.78,10.69,9.46,9.63,8.93,9.12,8.77,11.94,14.7,16.3,9.29,17.96,9.51,8.02,10.46,8.86,8.74,11.57,13.16,9.33,8.45,7.76,12.4,8.75,14.16,9.33,7.41,7.09,11.01,7.9
2007-09-01,9.33,10.17,9.02,15.1,9.17,18.9,13.68,11.3,9.61,6.78,10.31,8.55,9.79,8.56,7.31,9.24,16.93,13.4,16.15,10.1,9.03,9.3,7.89,9.2,8.84,11.88,14.67,15.28,9.29,17.15,9.64,8.26,10.01,9.72,8.84,11.3,15.51,9.2,8.81,7.61,12.44,8.42,14.29,9.15,7.62,6.98,10.98,8.28
2007-10-01,9.44,10.16,8.72,12.53,9.34,19.21,13.77,11.31,8.77,6.78,10.74,8.93,9.66,8.1,7.63,9.71,16.94,13.32,15.91,9.82,9.27,9.49,7.29,9.13,7.62,12.59,15.19,13.67,9.47,17.48,10.01,7.91,9.55,9.27,8.71,11.36,14.16,9.38,8.66,8.24,12.42,7.89,14.61,8.97,7.6,7.28,11.07,8.24
2007-11-01,9.41,9.08,9.04,14.37,9.35,18.78,13.68,11.34,8.62,6.54,10.58,8.83,9.25,7.67,7.76,8.88,16.86,12.67,15.57,10.0,9.09,9.49,7.37,8.42,7.27,12.6,14.81,13.51,9.25,16.94,9.58,7.38,9.6,8.84,8.57,11.08,14.65,9.32,8.2,8.37,12.03,7.7,14.37,8.64,7.52,7.06,10.95,7.8
2007-12-01,9.03,8.89,8.4,14.46,9.01,18.31,12.94,11.19,8.45,6.31,9.71,7.89,8.83,7.29,7.55,9.19,16.74,12.88,15.24,10.03,9.14,9.23,6.88,8.61,6.6,12.29,14.79,13.63,9.07,16.66,9.19,6.98,8.96,7.87,8.44,10.53,14.62,9.06,7.78,8.13,11.75,7.78,13.9,8.21,7.55,6.74,10.66,7.39
2008-01-01,9.2,8.85,7.94,13.73,8.95,18.35,12.57,11.05,8.55,6.32,9.56,7.79,8.37,7.49,7.04,8.49,15.62,12.92,16.81,10.25,9.14,9.11,6.58,8.53,6.48,12.0,14.78,13.92,8.93,16.87,8.75,6.61,8.87,7.21,8.45,10.47,15.35,9.05,7.47,7.85,11.65,7.72,13.9,8.19,7.43,6.58,10.68,7.34
2008-02-01,9.16,9.02,8.1,13.36,9.25,18.68,12.61,10.96,8.66,6.43,9.88,8.01,8.35,7.6,7.23,8.62,15.55,12.83,16.49,10.11,9.08,9.01,6.68,8.51,6.75,12.09,14.84,14.01,9.04,17.32,8.85,6.97,9.15,7.94,8.45,10.69,15.0,8.98,7.56,7.81,11.35,7.78,13.98,8.35,7.51,6.67,11.03,7.55
2008-03-01,9.3,9.38,8.52,13.15,9.37,18.63,12.96,11.16,9.14,6.67,10.43,7.91,8.88,8.48,7.34,9.44,16.38,12.88,16.79,10.26,9.17,9.54,6.94,8.8,7.15,12.54,14.85,13.83,9.09,16.93,9.17,6.96,9.22,8.18,8.52,10.72,16.87,9.34,7.73,7.95,11.97,7.83,14.39,8.56,7.48,6.73,11.09,7.76
2008-04-01,9.89,10.02,9.43,12.93,10.13,19.66,13.89,11.31,9.44,6.65,11.02,9.2,9.45,8.86,7.81,9.85,16.58,13.37,16.39,10.2,9.2,10.07,7.7,8.9,7.45,12.52,15.22,13.77,9.47,18.05,9.54,7.4,10.01,8.89,8.56,11.13,14.96,9.8,8.0,8.9,12.53,7.89,14.65,8.92,7.46,7.1,11.41,7.98
2008-05-01,10.01,11.03,9.71,13.55,10.4,19.85,14.43,11.4,9.72,6.82,11.6,9.68,9.95,9.15,8.18,10.36,16.44,13.88,17.75,10.23,9.78,10.53,8.85,9.37,7.96,12.35,15.75,14.27,10.08,18.74,9.78,7.73,10.79,9.2,8.34,11.76,22.01,10.2,8.57,9.12,12.94,8.31,14.84,9.5,7.11,7.29,11.76,8.53
2008-06-01,10.96,11.06,10.11,14.5,10.54,19.4,14.59,11.58,10.92,7.65,11.57,9.03,10.27,9.75,8.19,10.38,16.28,14.27,17.33,11.06,10.43,10.5,9.29,9.72,9.38,12.06,15.85,16.83,10.86,19.41,9.52,8.62,10.85,9.91,8.63,12.11,16.08,10.31,9.07,8.89,13.43,8.62,14.66,9.64,7.65,7.07,12.05,8.86
2008-07-01,11.08,10.95,10.06,14.4,10.95,19.16,14.46,11.75,11.09,7.48,11.41,9.16,10.34,10.25,8.28,11.27,16.42,14.6,17.62,11.57,10.75,11.41,9.3,9.96,8.92,11.76,15.99,17.65,11.04,19.75,9.85,8.5,10.88,10.26,8.64,12.22,17.89,10.17,9.0,8.96,14.06,8.79,14.52,10.77,7.7,7.22,11.94,8.94
2008-08-01,11.06,10.86,9.79,14.56,11.09,21.08,14.49,12.11,11.05,7.55,11.24,9.21,10.7,9.73,8.16,11.8,16.3,14.58,18.08,11.74,10.45,11.32,9.17,9.89,9.16,11.23,16.02,17.75,11.21,20.93,9.84,8.4,10.8,10.43,8.57,11.93,18.12,10.31,8.83,8.87,13.84,8.86,14.54,10.82,7.71,7.52,12.02,8.77
2008-09-01,11.07,10.63,10.01,14.02,11.07,20.37,14.7,12.08,10.6,7.3,11.63,9.39,10.34,9.25,7.96,11.27,16.43,14.47,17.95,10.93,10.22,10.95,8.45,9.78,9.36,11.29,16.26,16.84,10.66,19.5,10.02,8.58,10.63,10.21,8.71,11.76,18.0,10.29,9.18,8.93,13.51,8.63,14.98,10.53,7.77,7.44,12.15,8.95
2008-10-01,11.57,10.46,9.74,13.09,10.32,20.74,14.88,12.09,10.22,7.4,12.05,10.08,10.0,8.85,8.78,10.95,16.49,14.65,19.7,10.94,10.02,10.83,8.4,9.36,8.07,12.07,16.63,15.61,10.36,17.58,10.27,8.34,10.64,9.84,8.63,11.81,17.45,10.44,9.09,10.32,13.53,8.25,14.78,10.38,7.73,7.61,11.87,9.02
2008-11-01,11.01,9.55,9.42,14.22,9.97,19.97,14.61,11.97,9.49,7.25,12.24,9.57,8.98,8.51,8.4,10.38,16.37,14.01,17.87,10.61,9.77,10.63,7.9,8.98,7.71,12.7,16.25,15.27,9.79,16.97,9.63,7.57,10.21,8.93,8.44,11.35,19.35,10.08,8.29,10.28,13.28,7.91,14.7,10.01,7.71,7.3,11.58,8.44
2008-12-01,10.19,9.61,8.64,13.7,9.46,19.52,13.76,11.98,9.09,7.05,10.82,8.63,8.99,7.98,8.46,9.28,16.27,13.89,18.37,10.67,9.25,10.18,7.2,8.69,6.98,12.23,16.16,15.27,9.26,16.63,9.29,6.83,9.48,7.38,8.21,10.81,18.63,9.63,7.77,9.95,13.08,7.99,14.2,9.83,7.52,6.93,11.07,7.92
2009-01-01,10.57,9.51,8.68,14.7,9.21,19.65,13.21,12.58,9.48,7.06,10.79,8.78,8.58,8.07,8.17,8.73,16.21,14.38,18.19,10.83,9.29,9.93,7.17,8.51,6.98,12.22,16.26,15.71,9.49,16.86,9.39,6.57,9.4,7.51,8.32,10.8,17.46,10.05,7.63,9.59,12.6,7.94,14.25,9.99,7.54,7.42,12.02,7.82
2009-02-01,10.64,9.82,9.04,14.14,9.44,20.04,13.15,12.74,9.79,7.23,11.47,9.16,8.96,9.22,8.26,8.85,16.19,14.76,18.0,10.64,9.53,10.1,7.48,8.6,7.66,12.52,16.41,15.93,9.95,16.75,9.8,6.92,9.66,9.41,8.53,11.0,17.9,10.34,7.82,9.58,12.84,8.03,14.73,10.16,7.55,7.65,11.6,8.09
2009-03-01,10.61,9.93,9.25,14.14,9.37,20.34,13.62,12.6,9.76,7.33,11.74,9.8,9.43,9.45,8.43,8.65,15.34,14.72,17.32,10.66,9.72,10.31,8.04,8.71,7.73,12.74,16.64,15.85,10.01,16.39,9.79,6.87,10.32,8.25,8.4,11.16,14.81,10.4,7.9,9.81,12.93,8.05,14.63,10.24,7.53,7.74,11.49,8.24
2009-04-01,11.09,10.65,9.07,13.96,9.54,20.59,14.16,12.38,9.82,7.29,11.97,10.04,9.94,9.54,8.57,8.49,15.44,14.8,17.53,10.67,9.76,10.6,8.31,8.73,8.07,12.97,16.85,15.78,9.6,16.5,10.17,7.36,11.0,8.57,8.56,11.57,15.75,10.7,8.22,9.61,12.88,8.11,15.09,10.65,7.6,7.99,11.67,8.41
2009-05-01,10.59,11.33,9.23,15.01,9.68,21.03,14.69,12.26,10.06,7.39,12.16,10.27,10.27,9.86,8.56,8.54,15.45,14.97,17.69,11.73,10.11,10.72,9.44,9.04,8.73,12.46,16.56,16.05,9.55,16.87,10.22,8.26,11.27,8.69,8.76,12.03,15.14,10.67,8.86,9.7,12.84,8.56,15.08,11.12,7.68,8.08,11.97,8.93
2009-06-01,11.24,11.27,9.22,14.77,9.93,20.93,14.8,12.23,10.82,8.35,11.4,9.78,10.91,10.04,8.46,7.64,15.54,15.87,17.62,12.42,10.7,10.56,9.91,9.49,9.89,12.02,16.6,16.77,10.32,18.21,9.98,8.87,11.36,8.26,8.95,12.44,16.44,10.6,9.28,9.47,12.66,9.04,15.11,11.16,7.82,7.97,12.65,9.28
2009-07-01,10.81,11.3,9.38,15.66,10.38,20.48,14.42,12.36,10.8,8.49,10.97,9.62,11.41,9.88,8.57,7.99,15.49,15.9,16.48,12.14,10.93,10.16,9.76,9.58,9.98,12.88,16.39,17.71,10.67,18.65,10.2,8.91,11.49,8.52,8.97,12.42,14.77,10.53,9.33,9.07,12.38,9.05,14.87,10.99,7.79,7.9,12.18,9.17
2009-08-01,10.91,11.29,9.43,15.93,10.4,20.22,14.31,12.25,10.77,8.42,11.15,9.74,11.31,10.19,8.6,7.85,15.49,15.66,15.92,12.46,10.95,10.14,9.86,9.28,10.04,13.19,16.1,17.38,10.95,18.19,10.06,8.93,11.52,8.31,8.95,12.4,14.06,10.38,9.25,9.2,12.15,9.2,15.07,10.91,7.86,7.94,12.28,9.26
2009-09-01,10.85,11.17,9.32,15.53,10.67,20.32,14.4,12.34,10.6,7.78,11.48,9.93,11.21,10.13,8.44,7.92,15.64,15.49,17.28,12.71,10.11,10.19,9.24,9.38,9.93,13.27,16.11,16.7,10.22,18.78,10.39,8.72,11.15,9.94,8.98,11.94,16.38,10.43,9.31,9.16,12.05,8.85,15.2,11.11,7.83,7.98,12.39,9.22
2009-10-01,10.4,10.97,9.29,13.85,10.51,20.57,14.7,12.34,10.11,8.17,11.42,9.75,9.92,9.78,8.48,7.95,15.57,14.86,16.11,12.32,10.17,10.33,8.54,9.15,8.64,13.52,16.46,15.62,10.36,18.17,10.64,7.85,10.83,10.01,8.85,11.89,15.13,10.95,9.01,9.25,11.97,8.35,15.37,10.84,7.73,8.3,12.0,8.98
2009-11-01,10.2,9.86,9.1,13.56,10.39,20.48,14.5,12.49,9.68,7.87,11.11,9.31,9.63,9.5,8.05,7.39,15.53,14.16,15.85,11.47,9.97,10.37,7.71,8.87,8.07,13.73,16.32,15.5,9.54,16.82,10.22,7.56,10.65,8.16,8.77,11.57,15.34,10.91,8.49,8.87,12.08,7.99,14.91,10.51,7.73,8.39,11.79,8.56
2009-12-01,9.82,9.7,8.64,14.73,10.2,19.92,13.81,12.22,9.14,8.48,10.3,8.74,9.36,8.77,8.03,7.6,15.52,14.25,14.67,11.44,9.76,9.54,7.42,8.67,7.63,13.0,16.17,15.63,9.31,17.51,9.5,6.99,10.31,7.31,8.59,11.29,14.79,9.81,8.11,8.6,11.52,8.08,14.85,10.13,7.71,8.02,11.41,8.24
2010-01-01,9.82,9.57,8.46,15.18,10.29,19.13,12.65,9.34,8.94,7.79,9.94,8.46,8.75,8.66,7.73,8.14,15.43,14.07,15.05,11.42,9.68,8.87,7.13,8.45,7.24,12.05,15.79,15.87,9.63,17.3,9.36,6.83,10.28,7.54,8.39,11.49,15.49,9.95,7.8,8.11,11.21,8.06,14.78,9.96,7.69,8.21,11.97,8.04
2010-02-01,9.77,9.84,8.56,14.21,10.56,19.06,12.93,11.49,9.3,7.72,10.56,8.75,9.06,9.32,8.02,8.57,15.58,14.12,14.41,11.57,9.92,9.01,7.34,8.62,7.92,13.0,15.47,15.81,9.9,18.05,9.99,7.06,10.55,8.07,8.66,12.12,16.1,10.3,8.07,8.1,11.34,8.22,15.34,10.22,7.72,8.35,12.28,8.28
2010-03-01,10.25,9.98,8.74,14.78,10.57,19.33,13.07,11.54,9.56,7.77,10.98,9.08,9.75,9.71,7.55,9.23,15.63,14.37,15.12,11.82,10.04,9.31,7.72,8.83,7.93,12.79,16.03,15.89,9.98,17.55,9.91,7.3,10.67,8.42,8.77,12.34,17.12,9.11,8.28,8.43,11.51,8.36,15.22,10.14,7.75,8.43,12.46,8.43
2010-04-01,11.19,10.24,9.34,13.91,11.19,19.68,14.22,11.63,9.89,7.86,11.61,10.12,10.72,10.18,8.71,9.22,15.7,14.59,15.2,12.74,10.33,10.4,8.7,8.88,8.64,13.0,16.3,15.91,10.17,18.92,10.55,7.92,11.45,9.73,8.86,12.93,15.88,10.96,8.8,9.18,12.12,8.4,15.86,10.8,7.91,8.94,12.61,8.55
2010-05-01,10.99,11.75,9.41,14.9,11.48,20.04,14.72,11.55,10.22,8.02,12.05,10.23,11.11,10.38,8.77,9.05,15.72,14.47,14.48,12.81,10.59,10.55,9.98,9.16,9.2,12.93,16.4,16.14,10.43,19.21,10.37,8.51,11.82,10.11,8.99,13.36,15.26,10.75,9.43,9.47,11.94,8.81,15.75,10.79,8.12,8.96,12.81,8.86
2010-06-01,10.81,11.74,9.46,15.0,11.89,19.4,14.43,11.65,10.83,8.2,12.7,9.47,10.87,10.32,8.51,8.86,15.75,15.1,14.08,12.91,11.1,10.21,10.33,9.42,10.03,12.42,16.25,16.88,11.26,19.41,10.14,9.4,12.16,9.33,9.07,13.3,16.6,10.8,9.86,9.46,11.85,9.11,15.8,10.8,8.22,8.65,13.16,9.14
2010-07-01,10.79,11.78,8.9,15.02,11.7,19.01,13.95,11.71,10.87,8.55,12.13,9.63,11.69,10.69,8.87,9.14,15.73,14.93,14.22,12.93,11.41,10.25,10.81,9.74,10.38,12.08,16.17,17.39,11.54,20.11,10.43,9.46,11.95,9.58,9.14,13.33,15.21,10.78,9.94,9.59,11.71,9.45,15.41,10.83,8.23,8.94,12.85,9.44
2010-08-01,11.18,11.59,8.89,15.19,11.7,18.95,13.95,11.77,11.03,8.48,11.96,9.69,11.67,10.7,9.15,9.29,15.78,14.86,14.88,13.55,11.3,10.29,10.57,9.9,10.3,12.19,16.57,17.36,11.79,19.35,10.52,9.36,11.89,9.53,9.06,13.23,17.1,10.86,9.68,9.58,11.7,9.54,15.64,10.85,8.25,9.2,12.95,9.52
2010-09-01,11.1,11.52,8.91,14.85,11.66,19.11,14.14,11.73,10.61,8.07,11.75,10.17,11.23,10.48,8.94,9.53,15.88,14.93,14.64,12.67,11.08,10.07,9.73,9.79,10.22,12.43,16.76,17.37,10.79,20.09,10.54,9.53,11.78,10.3,9.09,12.95,15.76,10.69,9.81,9.72,11.58,8.97,15.99,10.61,8.35,9.29,13.12,9.45
2010-10-01,11.44,10.96,8.79,14.11,10.53,19.76,14.67,11.7,10.0,8.05,12.22,10.8,10.76,10.13,9.68,9.58,15.85,13.62,14.55,12.62,10.87,10.0,9.42,9.69,9.1,12.18,17.06,16.34,10.63,18.36,10.64,8.99,11.49,10.02,9.12,13.03,15.85,11.09,9.84,10.45,11.62,8.5,16.12,10.57,8.31,9.49,12.88,9.5
2010-11-01,10.89,10.14,8.93,14.67,10.39,19.49,14.48,11.7,9.59,7.87,11.98,10.3,10.34,10.03,9.2,8.86,15.84,13.23,14.17,12.08,10.63,10.25,9.06,9.39,8.87,12.6,16.89,16.28,9.9,18.25,10.08,8.13,11.48,9.32,8.98,12.68,15.97,11.14,9.19,10.19,11.32,8.15,15.85,10.27,8.23,9.19,12.7,8.92
2010-12-01,10.34,10.0,8.28,14.96,10.26,18.64,13.65,11.68,9.29,7.76,10.64,9.34,9.71,9.43,8.51,8.19,15.76,13.21,14.42,12.05,10.32,9.64,8.07,8.95,7.98,11.61,16.45,16.14,9.69,17.72,9.44,7.71,10.67,8.16,8.75,12.22,14.95,10.13,8.49,9.5,11.24,8.22,15.58,9.92,8.13,8.77,12.25,8.4
2011-01-01,10.28,9.84,7.82,15.24,10.37,18.01,12.9,11.33,9.69,7.82,10.31,9.17,9.23,9.45,8.57,7.9,15.72,13.12,14.48,12.26,10.28,9.64,7.92,9.08,7.79,11.6,16.31,15.64,9.6,17.25,9.33,6.97,10.04,8.01,9.18,12.39,16.21,10.09,8.34,9.41,10.7,8.16,15.71,9.57,8.03,8.77,12.32,8.3
2011-02-01,10.56,9.93,7.89,14.38,10.47,17.52,13.0,11.28,9.82,7.78,11.19,9.45,9.61,9.73,8.79,8.24,15.8,13.39,14.36,12.64,10.33,9.74,8.2,9.33,8.07,11.85,16.32,16.73,10.07,17.45,10.09,7.36,10.46,8.29,9.39,12.59,16.36,10.77,8.4,9.43,10.65,8.33,15.95,9.7,8.06,8.81,12.6,8.47
2011-03-01,10.92,10.25,8.44,14.27,10.58,17.93,13.72,11.46,10.9,7.78,11.9,9.93,9.93,10.33,9.22,8.83,15.28,13.56,14.55,12.51,10.5,10.59,8.85,9.35,8.39,12.02,16.43,16.4,10.26,17.58,10.13,7.55,10.96,9.53,9.27,12.98,15.76,11.19,8.63,9.98,11.13,8.35,16.02,10.18,8.06,9.11,12.7,8.65
2011-04-01,10.87,10.97,9.06,14.12,11.1,18.13,13.89,11.41,10.71,7.82,11.88,10.46,10.39,10.72,9.4,8.9,15.33,13.77,14.09,12.69,10.9,10.68,9.36,9.5,8.97,12.07,16.52,16.28,10.45,17.63,10.33,8.34,11.22,10.08,9.4,13.21,14.22,11.21,9.0,9.98,11.16,8.44,16.37,10.43,8.14,9.43,12.91,8.89
2011-05-01,11.25,11.77,9.34,14.62,11.15,18.58,14.68,11.52,11.31,8.07,12.37,10.52,10.6,11.04,9.44,9.14,15.37,13.95,15.0,13.37,11.23,10.7,10.47,9.77,9.11,12.06,16.9,16.33,10.39,18.3,10.45,9.08,11.58,9.67,9.46,13.48,13.48,11.38,9.59,10.13,11.27,8.92,16.47,10.84,8.27,9.81,13.11,9.12
2011-06-01,11.29,11.77,9.49,14.81,11.95,18.36,14.12,11.6,11.99,8.45,12.06,10.15,11.07,11.15,9.24,9.47,15.28,13.72,15.12,13.95,11.43,10.37,10.88,10.15,10.45,11.55,16.81,16.03,11.48,19.07,10.13,10.3,12.03,9.71,9.67,13.62,14.06,10.72,10.29,9.98,11.25,9.27,16.28,11.04,8.47,9.42,13.67,9.43
2011-07-01,11.34,11.85,9.56,15.7,12.16,18.07,13.77,11.61,11.96,8.5,11.91,10.0,11.54,11.32,9.24,9.36,15.11,13.11,14.13,13.93,11.6,10.05,11.2,10.39,10.8,11.46,16.29,16.35,11.79,19.22,10.37,9.95,12.33,9.62,9.8,13.56,13.06,10.99,10.21,10.22,11.16,9.44,16.19,11.28,8.48,9.53,13.27,9.69
2011-08-01,11.41,11.67,9.61,15.15,12.16,17.77,13.69,11.62,12.12,8.62,11.55,10.04,11.22,11.29,9.19,9.41,15.27,13.32,15.09,14.13,11.61,10.06,11.36,10.34,10.67,11.52,16.44,16.68,12.32,19.25,10.43,10.14,12.14,9.85,9.78,13.63,14.28,11.16,9.91,10.13,11.15,9.55,16.35,11.4,8.4,9.69,13.13,9.44
2011-09-01,11.56,11.53,9.64,14.8,11.98,18.05,13.94,11.59,11.57,6.73,12.76,10.76,11.4,11.02,9.66,9.49,15.4,13.38,15.58,13.5,11.77,9.98,10.31,10.44,11.0,11.52,16.49,16.18,11.36,18.84,10.95,10.12,12.07,11.05,9.79,13.91,14.53,11.77,10.27,10.22,11.16,9.43,16.32,11.23,8.52,9.89,13.7,9.61
2011-10-01,11.73,11.08,9.41,14.16,11.04,18.57,14.1,11.51,10.85,7.87,12.85,11.08,11.05,10.55,9.69,9.45,15.4,13.19,13.98,13.75,11.28,10.33,10.02,10.26,9.62,11.38,16.66,15.95,12.84,18.78,11.17,9.33,11.97,10.44,9.78,13.65,12.43,11.49,10.15,10.38,11.23,9.35,17.14,11.12,8.45,10.04,13.29,10.08
2011-11-01,11.15,10.31,9.29,14.87,11.01,18.5,13.92,11.56,10.45,7.86,12.38,10.29,10.3,10.45,9.41,8.62,15.35,12.72,14.49,12.95,10.62,10.56,9.22,9.8,9.04,11.75,16.65,16.15,10.29,17.93,10.35,8.66,11.7,9.51,9.7,13.46,13.19,11.39,9.61,10.15,11.19,8.98,16.59,10.85,8.44,9.65,13.08,9.54
2011-12-01,10.87,9.98,8.64,14.78,10.77,18.16,13.52,11.47,10.21,7.43,11.14,9.85,9.66,9.98,9.22,8.18,15.26,12.76,15.2,13.32,10.32,10.08,8.68,9.58,8.43,11.07,16.67,15.97,10.58,17.26,10.08,8.41,10.95,8.34,9.57,13.17,14.33,11.28,9.18,10.19,10.89,8.95,16.2,10.48,8.38,9.47,12.78,9.18
2012-01-01,10.91,10.01,8.41,15.29,10.61,17.32,13.03,11.55,10.23,8.15,11.21,10.0,9.74,10.23,8.98,8.15,15.02,12.48,15.1,13.48,10.76,10.03,8.66,9.57,8.61,11.38,16.17,16.07,10.79,16.79,10.09,7.65,11.08,8.7,9.58,12.82,14.75,11.15,9.22,9.8,10.77,9.23,16.52,10.45,8.37,9.49,12.66,9.12
2012-02-01,11.21,10.26,8.68,14.56,10.76,17.09,13.17,11.33,10.61,8.09,11.45,10.18,9.77,10.71,9.07,8.4,15.07,12.55,15.41,13.48,10.71,10.43,8.9,9.59,8.86,12.55,16.12,16.22,10.62,16.51,10.76,8.12,11.04,9.48,9.63,12.79,14.94,11.64,9.26,9.64,11.05,9.33,17.07,10.89,8.28,9.68,12.88,9.16
2012-03-01,11.48,10.44,8.99,14.7,10.84,17.16,13.52,11.09,10.58,8.18,11.97,10.85,10.26,10.81,9.47,8.4,14.28,12.86,15.72,13.63,10.94,10.62,9.33,9.7,9.16,12.16,16.33,15.86,10.71,16.64,11.0,8.43,11.35,9.87,9.66,12.77,14.82,12.04,9.49,9.83,11.01,9.36,16.76,11.09,8.35,9.85,13.1,9.4
2012-04-01,11.56,11.17,9.35,14.66,11.04,17.64,13.93,11.42,10.77,8.16,12.45,11.56,11.23,11.15,9.63,8.38,14.46,12.9,14.8,13.69,11.14,10.66,10.06,9.86,9.95,12.4,16.45,15.91,10.77,16.7,11.42,9.22,11.93,10.31,9.73,12.97,13.15,11.94,10.22,10.11,11.02,9.47,16.87,11.38,8.46,9.84,13.36,9.74
2012-05-01,11.14,11.88,9.14,15.02,11.27,17.71,14.37,11.0,11.08,8.39,12.73,10.85,10.98,11.28,9.72,8.48,14.41,12.95,15.39,14.39,11.3,10.37,10.9,10.13,9.68,12.1,16.53,15.93,11.04,17.33,10.8,9.6,11.85,9.53,9.86,12.99,14.41,11.4,10.61,10.24,10.84,9.87,16.41,11.5,8.52,10.48,13.35,10.08
2012-06-01,11.56,11.9,9.58,15.92,12.01,17.3,13.98,11.49,11.88,9.04,11.24,10.54,11.32,11.69,9.48,8.01,14.21,13.14,15.48,14.13,11.79,10.26,11.53,10.43,10.71,11.8,16.51,15.67,12.08,18.31,11.0,10.57,12.24,9.5,9.92,12.89,15.32,12.32,10.47,10.24,10.97,10.35,16.93,11.84,8.7,9.92,13.36,10.22
2012-07-01,11.58,11.86,9.62,15.22,12.32,17.08,13.32,11.31,12.13,9.75,10.81,9.94,11.54,11.74,9.27,8.38,14.63,12.88,14.58,15.06,11.84,10.14,11.31,10.6,11.38,11.52,15.81,16.12,12.19,18.38,11.03,10.0,12.16,9.12,10.01,12.62,13.9,11.48,10.59,10.14,10.87,10.68,16.77,11.42,8.7,9.88,13.28,10.38
2012-08-01,11.71,11.83,9.69,16.46,12.15,17.12,13.57,11.49,12.18,9.77,10.78,10.44,12.03,11.72,9.45,8.29,14.66,13.09,14.16,14.53,12.18,9.95,11.49,10.52,11.24,11.46,15.59,15.81,12.49,18.12,11.23,10.27,12.14,9.7,10.01,12.68,14.0,12.14,10.6,10.0,10.96,10.66,16.38,11.25,8.72,9.85,13.5,10.27
2012-09-01,11.76,11.66,9.8,16.82,12.11,17.24,13.74,11.6,11.87,8.31,11.36,10.92,11.38,11.52,9.83,8.56,14.81,13.17,15.2,14.37,12.09,9.98,10.46,10.74,11.5,11.58,15.88,15.57,11.98,18.52,11.52,10.47,12.27,10.13,10.0,12.57,15.09,11.85,10.85,10.18,11.11,10.23,16.38,11.1,8.79,10.04,13.83,10.38
2012-10-01,11.71,11.36,9.39,14.22,11.33,18.08,14.53,11.53,10.89,9.11,11.91,11.09,10.99,11.29,9.72,8.68,14.76,13.03,14.38,14.22,11.54,10.31,9.89,10.54,10.43,12.04,16.03,15.17,11.51,18.44,11.41,9.42,12.06,10.09,10.0,12.8,13.66,11.8,10.66,10.41,11.16,9.59,17.51,11.03,8.68,10.18,13.43,10.36
2012-11-01,11.04,10.73,9.46,14.88,11.38,17.82,13.63,11.82,10.28,8.67,11.35,10.45,10.34,10.96,9.41,8.39,14.83,12.4,13.77,13.98,11.03,10.65,9.2,10.04,9.43,12.45,15.9,15.24,10.69,17.44,10.53,8.61,11.67,9.57,9.82,12.6,13.06,11.67,10.01,10.33,11.11,9.7,19.26,10.71,8.61,9.85,13.16,10.01
2012-12-01,10.96,10.41,9.07,15.49,11.07,17.06,13.03,11.38,10.29,8.54,10.62,10.49,10.16,10.9,9.46,8.47,14.7,12.67,15.19,14.08,10.95,10.29,9.03,9.89,9.13,11.82,15.83,15.49,10.71,17.47,10.41,8.61,11.39,8.71,9.74,12.62,15.7,11.87,9.59,10.48,10.99,9.73,17.2,10.51,8.53,9.63,12.61,9.89
2013-01-01,10.81,10.25,8.8,16.16,11.11,17.01,12.8,11.2,10.43,8.65,10.42,10.13,10.02,10.7,9.33,8.88,14.46,12.5,14.35,13.65,11.01,9.93,9.02,9.77,8.73,11.24,16.02,15.3,10.88,17.93,10.24,7.72,11.11,8.05,9.62,12.32,14.48,11.72,9.29,9.98,10.84,9.64,16.49,9.92,8.5,9.38,12.96,9.5
2013-02-01,10.91,10.69,9.08,15.31,11.32,16.93,12.64,11.28,10.6,8.61,10.85,10.34,10.07,11.31,9.5,9.17,14.6,12.51,14.93,13.84,11.16,10.34,9.45,9.82,9.28,11.59,16.32,15.26,11.2,19.1,10.51,8.26,11.12,9.19,9.7,12.25,16.15,11.6,9.48,9.61,11.05,9.68,16.34,10.24,8.53,9.44,13.11,9.55
2013-03-01,10.96,10.87,9.14,15.25,11.42,17.2,12.96,11.09,10.84,8.53,10.46,10.63,10.38,11.25,9.41,9.19,14.2,12.56,14.84,14.08,11.2,10.49,9.64,10.0,9.43,11.9,16.58,15.33,11.31,18.16,10.35,8.41,11.39,9.41,9.65,12.24,15.91,11.11,9.6,9.73,11.03,9.74,16.55,10.42,8.51,9.48,13.18,9.81
2013-04-01,11.39,11.73,9.45,15.28,11.64,17.38,13.32,11.05,11.02,8.73,10.92,11.53,10.68,11.64,9.96,9.17,14.21,12.78,15.06,14.37,11.45,11.27,9.85,10.11,9.67,12.28,16.6,15.45,11.34,17.67,11.1,8.63,11.79,10.36,9.69,12.56,14.09,12.04,9.76,9.82,11.43,9.83,17.6,10.54,8.59,9.67,13.44,9.92
2013-05-01,11.42,12.16,9.95,15.92,11.65,18.07,14.21,11.22,11.74,8.88,11.89,11.66,10.99,12.12,10.24,9.7,14.37,12.89,15.82,15.11,12.02,11.45,11.75,10.4,10.13,11.96,16.9,15.56,11.4,18.35,11.27,9.64,12.49,10.48,9.91,12.89,14.55,12.71,10.65,10.32,11.57,10.44,17.76,11.21,8.69,10.04,13.73,10.2
2013-06-01,11.65,12.15,10.14,17.13,12.49,17.73,13.12,11.2,12.39,10.15,10.57,11.32,11.93,12.19,10.13,9.7,14.17,13.98,15.92,15.47,12.71,11.1,12.41,11.0,11.69,11.56,16.68,16.04,12.47,19.32,11.11,10.89,13.06,10.25,10.11,13.06,13.68,12.21,11.28,10.4,11.44,10.77,17.76,11.42,8.85,9.74,14.09,10.75
2013-07-01,11.56,12.47,10.03,16.83,12.87,17.28,12.23,11.27,12.55,10.47,10.44,11.23,12.11,12.16,10.14,9.78,14.27,13.73,15.2,15.06,12.67,10.84,12.55,10.98,12.0,11.6,16.06,16.43,12.76,20.03,11.24,10.28,12.98,9.85,10.18,13.11,13.05,12.3,11.19,10.35,11.41,11.33,17.21,11.49,8.9,9.61,14.0,10.83
2013-08-01,11.6,12.28,10.06,16.32,12.63,17.54,12.61,11.26,12.59,10.23,10.73,11.23,12.3,12.15,9.96,9.76,14.39,13.92,16.03,14.98,12.63,10.77,12.37,10.88,11.93,11.76,15.88,16.24,12.63,19.14,11.41,10.88,12.83,9.96,10.15,13.25,15.42,12.21,11.35,10.17,11.45,11.17,17.07,11.49,8.96,9.73,14.27,10.68
2013-09-01,11.73,12.17,10.08,16.99,12.65,17.89,12.78,11.58,12.2,9.47,10.09,11.28,11.75,11.84,10.04,9.72,14.46,13.94,15.94,14.98,12.47,10.79,10.94,11.02,11.85,11.95,16.08,16.07,12.02,19.56,11.56,10.66,12.33,10.63,10.09,13.31,15.52,12.11,11.16,9.83,11.36,10.92,17.27,11.5,9.0,9.64,14.07,10.72
2013-10-01,11.79,12.01,9.63,16.19,11.84,18.57,13.98,11.25,11.24,9.89,11.22,11.69,11.58,11.72,9.92,9.68,14.45,13.69,15.74,14.99,12.07,10.93,10.23,10.65,10.48,12.99,16.75,15.56,11.65,18.88,11.86,9.72,12.09,10.64,10.1,13.11,14.26,12.44,10.89,9.87,11.68,10.09,17.64,11.12,8.84,9.6,13.76,10.56
2013-11-01,10.74,11.02,9.75,16.53,11.66,18.18,13.36,11.47,10.66,9.51,10.61,11.18,10.77,11.49,9.68,9.19,14.39,13.16,16.14,14.59,11.52,11.28,9.88,10.23,9.93,13.06,16.38,15.34,11.04,18.49,10.99,8.9,11.97,9.66,9.97,12.95,15.65,12.01,10.07,9.95,11.67,10.04,17.52,10.92,8.73,9.36,13.47,10.23
2013-12-01,10.5,10.97,8.98,16.22,11.46,17.59,12.64,11.31,10.41,9.26,9.84,10.49,10.33,10.92,9.52,8.76,14.31,13.43,20.0,14.2,11.2,10.54,9.18,9.94,9.18,12.3,16.13,15.28,10.84,18.18,10.56,8.56,11.3,8.2,9.92,12.75,20.17,11.68,9.66,9.79,11.27,9.98,17.03,10.36,8.66,9.08,12.79,10.11
2014-01-01,10.69,10.83,8.27,16.57,11.46,18.49,12.4,11.74,10.9,9.14,10.34,10.34,9.8,10.98,9.5,8.57,14.39,13.16,16.77,13.77,11.17,10.39,8.92,9.8,8.89,12.46,16.52,15.22,11.24,19.57,10.26,7.7,11.08,8.38,10.07,12.69,16.26,11.81,9.38,9.73,11.22,9.93,16.92,10.01,8.52,9.01,12.86,9.74
2014-02-01,11.21,11.13,8.45,16.11,11.69,19.45,12.31,11.81,10.97,9.06,10.94,10.73,10.06,11.17,9.63,8.85,14.54,13.51,17.47,13.94,11.37,10.57,9.08,9.74,9.12,13.05,17.17,15.63,11.34,21.69,11.01,8.28,11.18,9.37,10.23,13.37,18.57,12.04,9.62,9.77,11.25,9.98,17.11,10.08,8.61,9.14,13.24,9.83
2014-03-01,11.58,11.22,9.03,15.86,11.71,19.58,12.12,11.75,11.3,9.13,11.27,11.19,10.77,11.79,10.12,9.26,15.17,13.6,17.27,14.05,11.71,11.22,9.85,9.82,9.43,13.38,17.32,15.88,11.52,20.9,10.92,8.53,11.66,9.73,10.17,12.97,16.86,12.39,9.75,10.57,11.75,10.08,17.34,10.52,8.64,9.25,13.09,10.03
2014-04-01,11.75,11.88,9.73,10.12,12.11,19.96,13.26,11.67,11.57,9.51,12.31,12.14,11.48,12.67,10.87,10.21,15.33,14.1,18.15,14.59,11.82,11.82,10.63,9.89,10.09,13.56,17.54,15.69,11.82,19.54,11.81,9.06,12.53,11.13,10.37,13.06,18.26,12.72,10.2,10.84,12.06,10.12,18.05,11.0,8.69,9.57,13.52,10.2
2014-05-01,11.79,12.52,10.06,16.46,12.14,20.28,13.91,11.76,11.9,9.61,12.48,11.98,11.32,12.75,10.67,10.33,15.36,14.22,17.57,14.85,12.12,11.92,11.95,10.2,10.5,13.2,17.99,15.45,11.97,20.59,11.36,9.87,13.01,10.51,10.57,13.2,18.07,12.78,10.95,10.9,11.93,10.7,18.16,11.32,8.89,9.72,14.03,10.57
2014-06-01,11.82,12.36,10.18,16.9,13.06,20.27,14.02,12.0,12.62,10.41,12.15,11.71,12.12,12.6,10.56,10.11,15.39,13.75,16.56,14.96,12.73,11.65,12.48,10.6,11.46,12.82,18.0,15.87,13.05,20.88,11.38,11.16,13.64,10.49,10.75,13.9,16.47,12.64,11.5,10.85,12.17,11.12,18.06,11.65,8.75,9.57,14.38,11.17
2014-07-01,11.84,12.46,10.2,17.63,13.14,19.62,13.55,11.87,12.63,10.6,12.09,11.91,12.53,12.78,10.49,10.18,15.26,13.78,16.27,15.09,12.95,11.57,12.38,10.74,12.22,12.65,17.23,16.51,13.59,20.48,11.28,10.85,13.56,10.58,10.83,13.96,15.84,12.74,11.55,10.76,12.05,11.52,17.9,11.89,8.93,9.39,14.32,11.23
2014-08-01,11.75,12.36,10.04,18.07,12.89,19.88,14.04,11.89,12.6,10.51,12.41,11.77,13.25,12.78,10.21,9.85,15.3,13.72,17.75,14.87,12.74,11.56,12.2,10.82,12.03,12.63,17.17,16.0,13.54,19.51,11.42,10.83,13.61,10.2,10.75,13.92,18.36,12.68,11.38,10.47,12.05,11.45,17.84,11.9,8.9,9.53,14.07,11.09
2014-09-01,11.84,12.3,10.21,17.97,12.78,19.82,13.68,12.22,12.21,9.98,12.05,11.85,12.07,12.4,10.19,9.82,15.77,13.56,16.75,14.8,12.66,11.36,11.0,10.91,12.06,12.87,17.36,15.84,12.69,19.41,11.57,10.84,12.39,11.21,10.72,13.49,17.21,12.68,11.48,10.06,12.03,11.02,17.76,11.97,8.92,9.52,14.4,11.08
2014-10-01,11.74,11.9,9.87,13.35,11.81,20.38,14.63,11.91,11.42,10.2,13.52,12.21,11.21,12.78,10.51,9.7,15.82,13.97,16.9,14.7,12.35,11.49,10.64,10.72,10.73,13.21,18.07,15.58,12.67,19.43,11.89,9.77,13.12,10.83,10.78,13.42,17.19,12.83,11.22,10.36,12.07,10.16,17.39,11.57,8.8,9.71,13.91,11.14
2014-11-01,11.09,11.08,9.72,17.0,11.64,20.02,13.97,12.11,10.72,9.79,12.62,11.63,10.34,12.25,10.17,8.91,15.75,13.19,17.61,14.38,11.72,11.66,10.09,10.25,10.09,13.61,18.18,15.59,11.55,19.45,10.63,8.65,12.89,9.7,10.56,13.2,16.68,12.53,10.42,10.18,11.98,10.63,17.09,11.46,8.61,9.33,13.59,10.63
2014-12-01,11.04,10.85,9.09,17.03,11.47,20.04,13.03,11.82,10.47,9.38,11.78,11.26,9.96,11.38,9.91,9.25,15.68,13.48,19.89,13.93,11.43,11.25,9.43,9.67,9.29,12.95,18.51,15.54,11.54,19.26,10.46,8.22,12.43,8.98,10.3,13.01,17.03,11.98,9.99,10.06,11.81,10.27,16.67,10.89,8.19,9.09,13.2,10.47
2015-01-01,10.99,11.05,8.73,17.42,11.4,21.06,12.07,11.93,10.43,9.66,11.51,10.64,10.22,11.34,9.5,8.8,15.62,13.07,20.78,13.59,11.51,11.06,9.23,10.74,9.18,12.7,19.15,15.49,12.19,19.31,10.54,8.34,12.07,8.56,10.3,12.96,17.73,11.77,10.02,9.96,11.55,10.33,16.48,10.8,8.13,9.06,13.74,10.28
2015-02-01,11.23,11.58,9.09,17.15,11.7,21.88,13.5,12.09,10.74,9.41,11.9,10.63,10.69,11.72,9.57,8.81,16.66,13.14,21.7,13.77,11.58,11.06,9.37,10.33,9.69,13.47,19.49,15.49,12.53,19.78,10.68,8.7,12.04,9.46,10.43,13.04,20.16,12.03,10.24,9.85,11.7,10.47,16.54,11.01,8.65,9.15,13.85,10.43
2015-03-01,11.78,11.51,9.02,17.04,11.73,22.02,12.72,11.63,10.58,9.59,11.96,10.76,10.87,12.05,9.7,8.81,15.5,13.16,22.1,13.81,11.53,11.11,9.46,10.63,9.76,13.62,19.55,15.57,12.11,19.02,11.24,8.78,12.16,9.51,10.49,13.16,20.0,12.22,10.17,9.79,11.63,10.49,16.66,10.94,8.67,9.62,13.96,10.61
2015-04-01,12.3,12.26,10.1,12.48,12.0,22.3,13.74,11.7,11.25,9.79,13.4,11.88,11.93,13.04,10.54,9.22,15.52,13.76,21.67,14.06,12.22,12.12,10.76,10.92,10.63,13.49,19.7,15.88,12.38,17.75,12.11,10.14,12.6,11.17,10.64,13.57,21.06,13.1,10.92,10.6,12.17,10.58,17.24,11.41,8.82,10.13,14.5,10.88
2015-05-01,12.19,12.69,10.27,17.35,12.0,23.08,14.44,11.59,11.68,11.58,13.39,11.57,12.32,12.95,10.24,9.68,15.66,13.65,20.7,14.23,12.66,12.2,11.84,11.25,10.98,13.53,19.49,15.65,12.41,18.09,11.42,10.48,12.95,11.03,10.81,14.07,18.64,12.69,11.28,10.58,12.11,11.09,17.49,11.63,8.89,10.05,14.82,11.25
2015-06-01,12.01,12.74,10.36,17.21,12.46,22.58,14.02,11.71,12.28,10.04,12.59,11.43,13.46,12.72,10.05,9.27,15.73,14.68,19.52,14.7,13.08,11.78,12.68,11.58,12.06,13.13,18.7,16.44,13.13,18.79,11.11,11.62,13.05,10.29,10.95,14.42,18.31,12.52,11.63,10.43,11.85,11.34,17.38,11.81,9.39,10.47,15.22,11.4
2015-07-01,11.9,12.83,10.38,18.01,12.6,20.44,13.24,11.94,13.28,10.67,12.58,11.14,13.57,12.33,9.95,9.24,15.42,13.95,18.04,15.3,13.07,11.16,12.58,11.42,12.2,12.01,17.74,16.76,13.32,18.74,11.47,11.16,13.29,9.98,11.06,14.22,17.59,12.49,11.76,10.31,11.58,11.94,17.06,11.66,9.34,10.71,14.62,11.62
2015-08-01,12.05,12.64,10.39,18.24,12.47,19.23,13.55,11.77,12.2,10.29,12.42,11.16,13.92,12.44,10.27,9.6,15.49,13.95,17.99,15.43,12.97,10.96,12.37,11.31,12.19,12.36,17.13,16.66,13.35,18.41,11.63,11.16,13.09,10.27,10.68,14.24,18.86,12.59,11.72,10.28,11.51,11.45,17.11,11.69,9.36,10.63,14.64,11.5
2015-09-01,12.31,12.74,10.52,18.38,12.43,19.25,13.66,11.81,12.1,10.08,12.69,11.38,12.26,12.26,10.34,9.61,15.6,14.12,18.84,14.56,12.87,11.07,11.45,11.44,12.29,12.39,17.23,16.0,12.78,18.41,11.91,11.21,12.56,10.57,10.88,14.33,21.6,12.76,11.82,10.31,11.58,11.42,17.26,11.85,9.37,10.79,14.82,11.49
2015-10-01,12.0,12.22,10.0,14.98,11.74,20.08,14.4,11.61,11.09,10.31,13.47,11.75,11.68,12.34,10.72,9.55,15.6,15.34,18.39,14.59,12.74,11.16,11.05,11.27,10.72,12.99,17.73,15.55,12.71,18.33,12.11,10.59,12.88,11.12,10.92,14.49,19.68,12.65,11.68,10.61,11.41,10.58,17.43,11.52,9.4,10.98,14.86,11.55
2015-11-01,11.46,11.29,10.15,17.36,11.58,20.01,14.51,11.69,10.44,9.39,13.19,11.64,11.42,12.79,10.67,9.05,15.55,14.98,18.32,14.68,12.05,11.55,11.03,10.85,10.53,12.71,18.14,15.66,11.83,18.26,11.41,9.31,13.0,10.26,10.68,14.4,18.63,12.65,10.97,10.77,11.48,10.71,17.65,11.48,9.37,10.73,14.19,10.99
2015-12-01,11.23,10.75,9.51,17.3,11.44,19.43,13.45,11.49,10.22,9.64,11.81,11.11,10.61,12.29,10.34,8.7,15.52,14.67,19.6,14.58,11.77,11.16,10.39,10.42,9.68,12.41,18.0,15.54,11.36,17.53,10.96,8.84,12.61,9.0,10.39,14.12,19.88,12.05,10.27,10.4,11.33,10.56,17.17,10.98,9.19,10.43,13.83,10.57
2016-01-01,11.08,10.9,8.93,17.76,10.97,19.86,13.16,11.6,10.45,9.55,11.42,10.47,10.45,11.91,9.8,8.54,15.27,14.04,19.34,14.52,11.99,10.49,9.14,10.2,9.43,11.42,18.0,15.45,11.45,16.54,10.44,8.57,12.05,8.33,10.2,13.87,18.41,11.72,10.12,9.9,10.95,10.54,16.62,10.66,9.07,10.68,13.77,10.44
2016-02-01,11.5,11.46,9.13,17.69,11.26,20.68,12.99,11.34,10.52,9.66,11.94,10.53,10.94,12.57,9.71,8.47,15.61,13.98,19.78,14.88,12.14,10.32,9.23,10.52,9.83,12.2,18.37,15.48,11.26,16.76,10.77,9.41,12.03,9.63,10.37,14.02,18.78,11.9,10.34,9.61,11.06,10.61,16.89,10.89,9.21,10.68,14.09,10.59
2016-03-01,12.11,11.75,9.62,17.66,11.35,20.84,13.39,11.24,11.14,9.8,12.56,11.21,11.5,13.17,10.05,9.14,16.05,14.36,19.84,14.83,12.23,10.91,10.06,10.92,10.31,12.28,18.46,15.58,11.44,16.89,11.66,9.82,12.47,10.24,10.42,14.06,19.07,12.86,10.98,10.01,11.25,10.67,17.11,11.18,9.22,11.0,14.23,10.85
2016-04-01,12.42,12.36,10.04,12.4,11.78,21.15,13.9,11.07,11.16,9.87,12.79,11.84,11.71,13.45,10.36,9.17,14.34,14.37,20.64,14.95,12.62,11.01,10.36,11.03,10.65,11.89,18.67,15.52,11.34,17.39,11.72,10.52,12.76,10.93,10.5,14.27,19.43,12.77,11.39,10.22,11.28,10.71,17.52,12.0,9.33,11.29,14.45,10.99
2016-05-01,12.1,12.94,10.19,17.74,11.67,21.63,14.54,10.86,11.51,10.14,13.3,11.81,13.01,13.79,10.51,9.28,15.93,14.7,19.06,15.33,13.05,10.88,11.93,11.42,11.05,12.09,18.54,15.4,11.35,17.73,11.41,11.07,13.02,10.73,10.8,14.42,18.02,12.54,12.12,10.25,11.11,11.01,17.79,12.03,9.54,11.41,14.98,11.53
2016-06-01,12.16,12.54,10.31,18.11,12.56,20.96,13.6,11.08,12.25,10.12,12.25,11.33,13.56,13.3,10.33,8.96,16.03,14.61,18.51,15.38,12.8,10.64,12.59,11.58,11.9,11.4,18.13,16.05,12.22,17.89,11.13,11.39,12.47,9.99,10.78,14.03,18.69,12.68,11.97,10.37,11.1,11.51,17.57,12.24,9.58,11.16,14.95,11.81
2016-07-01,12.08,12.7,10.28,18.49,12.43,19.78,12.99,11.18,12.29,10.81,12.06,11.27,14.07,13.06,10.28,9.06,15.87,14.05,18.19,15.39,13.2,10.21,12.28,11.6,12.11,10.72,18.0,16.15,12.51,17.95,11.19,11.26,12.25,9.99,10.79,13.76,17.11,12.58,12.19,10.45,10.86,11.72,17.29,11.71,9.6,11.19,14.55,11.88
